<?xml version="1.0" encoding="UTF-8"?>
<root>
  <item name="android.os.connectivity.CellularBatteryStats long getTimeInRatMicros(int) 0">
    <annotation name="androidx.annotation.IntDef">
      <val name="value" val="{android.telephony.TelephonyManager.NETWORK_TYPE_UNKNOWN, android.telephony.TelephonyManager.NETWORK_TYPE_GPRS, android.telephony.TelephonyManager.NETWORK_TYPE_EDGE, android.telephony.TelephonyManager.NETWORK_TYPE_UMTS, android.telephony.TelephonyManager.NETWORK_TYPE_CDMA, android.telephony.TelephonyManager.NETWORK_TYPE_EVDO_0, android.telephony.TelephonyManager.NETWORK_TYPE_EVDO_A, android.telephony.TelephonyManager.NETWORK_TYPE_1xRTT, android.telephony.TelephonyManager.NETWORK_TYPE_HSDPA, android.telephony.TelephonyManager.NETWORK_TYPE_HSUPA, android.telephony.TelephonyManager.NETWORK_TYPE_HSPA, android.telephony.TelephonyManager.NETWORK_TYPE_IDEN, android.telephony.TelephonyManager.NETWORK_TYPE_EVDO_B, android.telephony.TelephonyManager.NETWORK_TYPE_LTE, android.telephony.TelephonyManager.NETWORK_TYPE_EHRPD, android.telephony.TelephonyManager.NETWORK_TYPE_HSPAP, android.telephony.TelephonyManager.NETWORK_TYPE_GSM, android.telephony.TelephonyManager.NETWORK_TYPE_TD_SCDMA, android.telephony.TelephonyManager.NETWORK_TYPE_IWLAN, android.telephony.TelephonyManager.NETWORK_TYPE_NR}" />
    </annotation>
  </item>
  <item name="android.os.connectivity.CellularBatteryStats long getTimeInRxSignalStrengthLevelMicros(int) 0">
    <annotation name="androidx.annotation.IntRange">
      <val name="from" val="0" />
      <val name="to" val="4" />
    </annotation>
  </item>
  <item name="android.os.connectivity.WifiActivityEnergyInfo WifiActivityEnergyInfo(long, int, long, long, long, long) 1">
    <annotation name="androidx.annotation.IntDef">
      <val name="value" val="{android.os.connectivity.WifiActivityEnergyInfo.STACK_STATE_INVALID, android.os.connectivity.WifiActivityEnergyInfo.STACK_STATE_STATE_ACTIVE, android.os.connectivity.WifiActivityEnergyInfo.STACK_STATE_STATE_SCANNING, android.os.connectivity.WifiActivityEnergyInfo.STACK_STATE_STATE_IDLE}" />
    </annotation>
  </item>
  <item name="android.os.connectivity.WifiActivityEnergyInfo WifiActivityEnergyInfo(long, int, long, long, long, long) 2">
    <annotation name="androidx.annotation.IntRange">
      <val name="from" val="0" />
    </annotation>
  </item>
  <item name="android.os.connectivity.WifiActivityEnergyInfo WifiActivityEnergyInfo(long, int, long, long, long, long) 3">
    <annotation name="androidx.annotation.IntRange">
      <val name="from" val="0" />
    </annotation>
  </item>
  <item name="android.os.connectivity.WifiActivityEnergyInfo WifiActivityEnergyInfo(long, int, long, long, long, long) 4">
    <annotation name="androidx.annotation.IntRange">
      <val name="from" val="0" />
    </annotation>
  </item>
  <item name="android.os.connectivity.WifiActivityEnergyInfo WifiActivityEnergyInfo(long, int, long, long, long, long) 5">
    <annotation name="androidx.annotation.IntRange">
      <val name="from" val="0" />
    </annotation>
  </item>
  <item name="android.os.connectivity.WifiActivityEnergyInfo int getStackState()">
    <annotation name="androidx.annotation.IntDef">
      <val name="value" val="{android.os.connectivity.WifiActivityEnergyInfo.STACK_STATE_INVALID, android.os.connectivity.WifiActivityEnergyInfo.STACK_STATE_STATE_ACTIVE, android.os.connectivity.WifiActivityEnergyInfo.STACK_STATE_STATE_SCANNING, android.os.connectivity.WifiActivityEnergyInfo.STACK_STATE_STATE_IDLE}" />
    </annotation>
  </item>
  <item name="android.os.connectivity.WifiActivityEnergyInfo long getControllerEnergyUsedMicroJoules()">
    <annotation name="androidx.annotation.IntRange">
      <val name="from" val="0" />
    </annotation>
  </item>
  <item name="android.os.connectivity.WifiActivityEnergyInfo long getControllerIdleDurationMillis()">
    <annotation name="androidx.annotation.IntRange">
      <val name="from" val="0" />
    </annotation>
  </item>
  <item name="android.os.connectivity.WifiActivityEnergyInfo long getControllerRxDurationMillis()">
    <annotation name="androidx.annotation.IntRange">
      <val name="from" val="0" />
    </annotation>
  </item>
  <item name="android.os.connectivity.WifiActivityEnergyInfo long getControllerScanDurationMillis()">
    <annotation name="androidx.annotation.IntRange">
      <val name="from" val="0" />
    </annotation>
  </item>
  <item name="android.os.connectivity.WifiActivityEnergyInfo long getControllerTxDurationMillis()">
    <annotation name="androidx.annotation.IntRange">
      <val name="from" val="0" />
    </annotation>
  </item>
</root>

