<?xml version="1.0" encoding="UTF-8"?>
<root>
  <item name="android.net.wifi.twt.TwtRequest int getLinkId()">
    <annotation name="androidx.annotation.IntRange">
      <val name="from" val="-1" />
      <val name="to" val="15" />
    </annotation>
  </item>
  <item name="android.net.wifi.twt.TwtRequest.Builder android.net.wifi.twt.TwtRequest.Builder setLinkId(int) 0">
    <annotation name="androidx.annotation.IntRange">
      <val name="from" val="0" />
      <val name="to" val="15" />
    </annotation>
  </item>
  <item name="android.net.wifi.twt.TwtSessionCallback void onFailure(int) 0">
    <annotation name="androidx.annotation.IntDef">
      <val name="value" val="{android.net.wifi.twt.TwtSessionCallback.TWT_ERROR_CODE_FAIL, android.net.wifi.twt.TwtSessionCallback.TWT_ERROR_CODE_AP_NOT_SUPPORTED, android.net.wifi.twt.TwtSessionCallback.TWT_ERROR_CODE_AP_OUI_BLOCKLISTED, android.net.wifi.twt.TwtSessionCallback.TWT_ERROR_CODE_AP_REJECTED, android.net.wifi.twt.TwtSessionCallback.TWT_ERROR_CODE_INVALID_PARAMS, android.net.wifi.twt.TwtSessionCallback.TWT_ERROR_CODE_MAX_SESSIONS_REACHED, android.net.wifi.twt.TwtSessionCallback.TWT_ERROR_CODE_NOT_AVAILABLE, android.net.wifi.twt.TwtSessionCallback.TWT_ERROR_CODE_NOT_SUPPORTED, android.net.wifi.twt.TwtSessionCallback.TWT_ERROR_CODE_TIMEOUT}" />
    </annotation>
  </item>
  <item name="android.net.wifi.twt.TwtSessionCallback void onTeardown(int) 0">
    <annotation name="androidx.annotation.IntDef">
      <val name="value" val="{android.net.wifi.twt.TwtSessionCallback.TWT_REASON_CODE_UNKNOWN, android.net.wifi.twt.TwtSessionCallback.TWT_REASON_CODE_LOCALLY_REQUESTED, android.net.wifi.twt.TwtSessionCallback.TWT_REASON_CODE_INTERNALLY_INITIATED, android.net.wifi.twt.TwtSessionCallback.TWT_REASON_CODE_PEER_INITIATED}" />
    </annotation>
  </item>
</root>

