<?xml version="1.0" encoding="UTF-8"?>
<root>
  <item name="android.healthconnect.AccessLog int getOperationType()">
  </item>
  <item name="android.healthconnect.HealthConnectException HealthConnectException(int) 0">
    <annotation name="androidx.annotation.IntDef">
      <val name="value" val="{android.healthconnect.HealthConnectException.ERROR_UNKNOWN, android.healthconnect.HealthConnectException.ERROR_INTERNAL, android.healthconnect.HealthConnectException.ERROR_INVALID_ARGUMENT, android.healthconnect.HealthConnectException.ERROR_IO, android.healthconnect.HealthConnectException.ERROR_SECURITY, android.healthconnect.HealthConnectException.ERROR_REMOTE}" />
    </annotation>
  </item>
  <item name="android.healthconnect.HealthConnectException HealthConnectException(int, java.lang.String) 0">
    <annotation name="androidx.annotation.IntDef">
      <val name="value" val="{android.healthconnect.HealthConnectException.ERROR_UNKNOWN, android.healthconnect.HealthConnectException.ERROR_INTERNAL, android.healthconnect.HealthConnectException.ERROR_INVALID_ARGUMENT, android.healthconnect.HealthConnectException.ERROR_IO, android.healthconnect.HealthConnectException.ERROR_SECURITY, android.healthconnect.HealthConnectException.ERROR_REMOTE}" />
    </annotation>
  </item>
  <item name="android.healthconnect.HealthConnectManager int getRecordRetentionPeriodInDays()">
    <annotation name="androidx.annotation.RequiresPermission">
      <val name="value" val="&quot;android.permission.MANAGE_HEALTH_DATA&quot;" />
    </annotation>
    <annotation name="androidx.annotation.IntRange">
      <val name="from" val="0" />
      <val name="to" val="7300" />
    </annotation>
  </item>
  <item name="android.healthconnect.HealthConnectManager void deleteRecords(android.healthconnect.DeleteUsingFiltersRequest, java.util.concurrent.Executor, android.os.OutcomeReceiver&lt;java.lang.Void,android.healthconnect.HealthConnectException&gt;)">
    <annotation name="androidx.annotation.RequiresPermission">
      <val name="value" val="&quot;android.permission.MANAGE_HEALTH_PERMISSIONS&quot;" />
    </annotation>
  </item>
  <item name="android.healthconnect.HealthConnectManager void getContributorApplicationsInfo(java.util.concurrent.Executor, android.os.OutcomeReceiver&lt;android.healthconnect.ApplicationInfoResponse,android.healthconnect.HealthConnectException&gt;)">
    <annotation name="androidx.annotation.RequiresPermission">
      <val name="value" val="&quot;android.permission.MANAGE_HEALTH_DATA&quot;" />
    </annotation>
  </item>
  <item name="android.healthconnect.HealthConnectManager void getDataOriginsInPriorityOrder(int, java.util.concurrent.Executor, android.os.OutcomeReceiver&lt;android.healthconnect.GetDataOriginPriorityOrderResponse,android.healthconnect.HealthConnectException&gt;)">
    <annotation name="androidx.annotation.RequiresPermission">
      <val name="value" val="&quot;android.permission.MANAGE_HEALTH_DATA&quot;" />
    </annotation>
  </item>
  <item name="android.healthconnect.HealthConnectManager void getDataOriginsInPriorityOrder(int, java.util.concurrent.Executor, android.os.OutcomeReceiver&lt;android.healthconnect.GetDataOriginPriorityOrderResponse,android.healthconnect.HealthConnectException&gt;) 0">
    <annotation name="androidx.annotation.IntDef">
      <val name="value" val="{android.healthconnect.HealthDataCategory.UNKNOWN, android.healthconnect.HealthDataCategory.ACTIVITY, android.healthconnect.HealthDataCategory.BODY_MEASUREMENTS, android.healthconnect.HealthDataCategory.CYCLE_TRACKING, android.healthconnect.HealthDataCategory.NUTRITION, android.healthconnect.HealthDataCategory.SLEEP, android.healthconnect.HealthDataCategory.VITALS}" />
    </annotation>
  </item>
  <item name="android.healthconnect.HealthConnectManager void queryAccessLogs(java.util.concurrent.Executor, android.os.OutcomeReceiver&lt;java.util.List&lt;android.healthconnect.AccessLog&gt;,android.healthconnect.HealthConnectException&gt;)">
    <annotation name="androidx.annotation.RequiresPermission">
      <val name="value" val="&quot;android.permission.MANAGE_HEALTH_DATA&quot;" />
    </annotation>
  </item>
  <item name="android.healthconnect.HealthConnectManager void queryActivityDates(java.util.List&lt;java.lang.Class&lt;? extends android.healthconnect.datatypes.Record&gt;&gt;, java.util.concurrent.Executor, android.os.OutcomeReceiver&lt;java.util.List&lt;java.time.LocalDate&gt;,android.healthconnect.HealthConnectException&gt;)">
    <annotation name="androidx.annotation.RequiresPermission">
      <val name="value" val="&quot;android.permission.MANAGE_HEALTH_DATA&quot;" />
    </annotation>
  </item>
  <item name="android.healthconnect.HealthConnectManager void queryAllRecordTypesInfo(java.util.concurrent.Executor, android.os.OutcomeReceiver&lt;java.util.Map&lt;java.lang.Class&lt;? extends android.healthconnect.datatypes.Record&gt;,android.healthconnect.RecordTypeInfoResponse&gt;,android.healthconnect.HealthConnectException&gt;)">
    <annotation name="androidx.annotation.RequiresPermission">
      <val name="value" val="&quot;android.permission.MANAGE_HEALTH_DATA&quot;" />
    </annotation>
  </item>
  <item name="android.healthconnect.HealthConnectManager void setRecordRetentionPeriodInDays(int, java.util.concurrent.Executor, android.os.OutcomeReceiver&lt;java.lang.Void,android.healthconnect.HealthConnectException&gt;)">
    <annotation name="androidx.annotation.RequiresPermission">
      <val name="value" val="&quot;android.permission.MANAGE_HEALTH_DATA&quot;" />
    </annotation>
  </item>
  <item name="android.healthconnect.HealthConnectManager void setRecordRetentionPeriodInDays(int, java.util.concurrent.Executor, android.os.OutcomeReceiver&lt;java.lang.Void,android.healthconnect.HealthConnectException&gt;) 0">
    <annotation name="androidx.annotation.IntRange">
      <val name="from" val="0" />
      <val name="to" val="7300" />
    </annotation>
  </item>
  <item name="android.healthconnect.HealthConnectManager void updateDataOriginPriorityOrder(android.healthconnect.UpdateDataOriginPriorityOrderRequest, java.util.concurrent.Executor, android.os.OutcomeReceiver&lt;java.lang.Void,android.healthconnect.HealthConnectException&gt;)">
    <annotation name="androidx.annotation.RequiresPermission">
      <val name="value" val="&quot;android.permission.MANAGE_HEALTH_DATA&quot;" />
    </annotation>
  </item>
  <item name="android.healthconnect.RecordTypeInfoResponse int getDataCategory()">
    <annotation name="androidx.annotation.IntDef">
      <val name="value" val="{android.healthconnect.HealthDataCategory.UNKNOWN, android.healthconnect.HealthDataCategory.ACTIVITY, android.healthconnect.HealthDataCategory.BODY_MEASUREMENTS, android.healthconnect.HealthDataCategory.CYCLE_TRACKING, android.healthconnect.HealthDataCategory.NUTRITION, android.healthconnect.HealthDataCategory.SLEEP, android.healthconnect.HealthDataCategory.VITALS}" />
    </annotation>
  </item>
  <item name="android.healthconnect.RecordTypeInfoResponse int getPermissionCategory()">
    <annotation name="androidx.annotation.IntDef">
      <val name="value" val="{android.healthconnect.HealthPermissionCategory.UNKNOWN, android.healthconnect.HealthPermissionCategory.ACTIVE_CALORIES_BURNED, android.healthconnect.HealthPermissionCategory.DISTANCE, android.healthconnect.HealthPermissionCategory.ELEVATION_GAINED, android.healthconnect.HealthPermissionCategory.EXERCISE, android.healthconnect.HealthPermissionCategory.FLOORS_CLIMBED, android.healthconnect.HealthPermissionCategory.STEPS, android.healthconnect.HealthPermissionCategory.TOTAL_CALORIES_BURNED, android.healthconnect.HealthPermissionCategory.VO2_MAX, android.healthconnect.HealthPermissionCategory.WHEELCHAIR_PUSHES, android.healthconnect.HealthPermissionCategory.POWER, android.healthconnect.HealthPermissionCategory.SPEED, android.healthconnect.HealthPermissionCategory.BASAL_METABOLIC_RATE, android.healthconnect.HealthPermissionCategory.BODY_FAT, android.healthconnect.HealthPermissionCategory.BODY_WATER_MASS, android.healthconnect.HealthPermissionCategory.BONE_MASS, android.healthconnect.HealthPermissionCategory.HEIGHT, android.healthconnect.HealthPermissionCategory.LEAN_BODY_MASS, android.healthconnect.HealthPermissionCategory.WEIGHT, android.healthconnect.HealthPermissionCategory.CERVICAL_MUCUS, android.healthconnect.HealthPermissionCategory.MENSTRUATION, android.healthconnect.HealthPermissionCategory.OVULATION_TEST, android.healthconnect.HealthPermissionCategory.SEXUAL_ACTIVITY, android.healthconnect.HealthPermissionCategory.INTERMENSTRUAL_BLEEDING, android.healthconnect.HealthPermissionCategory.HYDRATION, android.healthconnect.HealthPermissionCategory.NUTRITION, android.healthconnect.HealthPermissionCategory.SLEEP, android.healthconnect.HealthPermissionCategory.BASAL_BODY_TEMPERATURE, android.healthconnect.HealthPermissionCategory.BLOOD_GLUCOSE, android.healthconnect.HealthPermissionCategory.BLOOD_PRESSURE, android.healthconnect.HealthPermissionCategory.BODY_TEMPERATURE, android.healthconnect.HealthPermissionCategory.HEART_RATE, android.healthconnect.HealthPermissionCategory.HEART_RATE_VARIABILITY, android.healthconnect.HealthPermissionCategory.OXYGEN_SATURATION, android.healthconnect.HealthPermissionCategory.RESPIRATORY_RATE, android.healthconnect.HealthPermissionCategory.RESTING_HEART_RATE, android.healthconnect.HealthPermissionCategory.HIP_CIRCUMFERENCE, android.healthconnect.HealthPermissionCategory.WAIST_CIRCUMFERENCE}" />
    </annotation>
  </item>
  <item name="android.healthconnect.UpdateDataOriginPriorityOrderRequest UpdateDataOriginPriorityOrderRequest(java.util.List&lt;android.healthconnect.datatypes.DataOrigin&gt;, int) 1">
    <annotation name="androidx.annotation.IntDef">
      <val name="value" val="{android.healthconnect.HealthDataCategory.UNKNOWN, android.healthconnect.HealthDataCategory.ACTIVITY, android.healthconnect.HealthDataCategory.BODY_MEASUREMENTS, android.healthconnect.HealthDataCategory.CYCLE_TRACKING, android.healthconnect.HealthDataCategory.NUTRITION, android.healthconnect.HealthDataCategory.SLEEP, android.healthconnect.HealthDataCategory.VITALS}" />
    </annotation>
  </item>
  <item name="android.healthconnect.UpdateDataOriginPriorityOrderRequest int getDataCategory()">
    <annotation name="androidx.annotation.IntDef">
      <val name="value" val="{android.healthconnect.HealthDataCategory.UNKNOWN, android.healthconnect.HealthDataCategory.ACTIVITY, android.healthconnect.HealthDataCategory.BODY_MEASUREMENTS, android.healthconnect.HealthDataCategory.CYCLE_TRACKING, android.healthconnect.HealthDataCategory.NUTRITION, android.healthconnect.HealthDataCategory.SLEEP, android.healthconnect.HealthDataCategory.VITALS}" />
    </annotation>
  </item>
</root>

