<?xml version="1.0" encoding="UTF-8"?>
<root>
  <item name="android.net.wifi.aware.AwarePairingConfig.Builder android.net.wifi.aware.AwarePairingConfig.Builder setBootstrappingMethods(int) 0">
    <annotation name="androidx.annotation.IntDef">
      <val name="value" val="{android.net.wifi.aware.AwarePairingConfig.PAIRING_BOOTSTRAPPING_OPPORTUNISTIC, android.net.wifi.aware.AwarePairingConfig.PAIRING_BOOTSTRAPPING_PIN_CODE_DISPLAY, android.net.wifi.aware.AwarePairingConfig.PAIRING_BOOTSTRAPPING_PASSPHRASE_DISPLAY, android.net.wifi.aware.AwarePairingConfig.PAIRING_BOOTSTRAPPING_QR_DISPLAY, android.net.wifi.aware.AwarePairingConfig.PAIRING_BOOTSTRAPPING_NFC_TAG, android.net.wifi.aware.AwarePairingConfig.PAIRING_BOOTSTRAPPING_PIN_CODE_KEYPAD, android.net.wifi.aware.AwarePairingConfig.PAIRING_BOOTSTRAPPING_PASSPHRASE_KEYPAD, android.net.wifi.aware.AwarePairingConfig.PAIRING_BOOTSTRAPPING_QR_SCAN, android.net.wifi.aware.AwarePairingConfig.PAIRING_BOOTSTRAPPING_NFC_READER}" />
      <val name="flag" val="true" />
    </annotation>
  </item>
  <item name="android.net.wifi.aware.AwareParams void setDiscoveryBeaconIntervalMillis(int) 0">
    <annotation name="androidx.annotation.IntRange">
      <val name="from" val="1" />
    </annotation>
  </item>
  <item name="android.net.wifi.aware.AwareParams void setDiscoveryWindowWakeInterval24Ghz(int) 0">
    <annotation name="androidx.annotation.IntRange">
      <val name="from" val="1" />
      <val name="to" val="5" />
    </annotation>
  </item>
  <item name="android.net.wifi.aware.AwareParams void setDiscoveryWindowWakeInterval5Ghz(int) 0">
    <annotation name="androidx.annotation.IntRange">
      <val name="from" val="0" />
      <val name="to" val="5" />
    </annotation>
  </item>
  <item name="android.net.wifi.aware.AwareParams void setMacRandomizationIntervalSeconds(int) 0">
    <annotation name="androidx.annotation.IntRange">
      <val name="from" val="1" />
      <val name="to" val="1800" />
    </annotation>
  </item>
  <item name="android.net.wifi.aware.AwareParams void setNumSpatialStreamsInDiscovery(int) 0">
    <annotation name="androidx.annotation.IntRange">
      <val name="from" val="1" />
    </annotation>
  </item>
  <item name="android.net.wifi.aware.AwareResources AwareResources(int, int, int) 0">
    <annotation name="androidx.annotation.IntRange">
      <val name="from" val="0" />
    </annotation>
  </item>
  <item name="android.net.wifi.aware.AwareResources AwareResources(int, int, int) 1">
    <annotation name="androidx.annotation.IntRange">
      <val name="from" val="0" />
    </annotation>
  </item>
  <item name="android.net.wifi.aware.AwareResources AwareResources(int, int, int) 2">
    <annotation name="androidx.annotation.IntRange">
      <val name="from" val="0" />
    </annotation>
  </item>
  <item name="android.net.wifi.aware.AwareResources int getAvailableDataPathsCount()">
    <annotation name="androidx.annotation.IntRange">
      <val name="from" val="0" />
    </annotation>
  </item>
  <item name="android.net.wifi.aware.AwareResources int getAvailablePublishSessionsCount()">
    <annotation name="androidx.annotation.IntRange">
      <val name="from" val="0" />
    </annotation>
  </item>
  <item name="android.net.wifi.aware.AwareResources int getAvailableSubscribeSessionsCount()">
    <annotation name="androidx.annotation.IntRange">
      <val name="from" val="0" />
    </annotation>
  </item>
  <item name="android.net.wifi.aware.Characteristics int getNumberOfSupportedDataInterfaces()">
    <annotation name="androidx.annotation.IntRange">
      <val name="from" val="1" />
    </annotation>
  </item>
  <item name="android.net.wifi.aware.Characteristics int getNumberOfSupportedDataPaths()">
    <annotation name="androidx.annotation.IntRange">
      <val name="from" val="1" />
    </annotation>
  </item>
  <item name="android.net.wifi.aware.Characteristics int getNumberOfSupportedPublishSessions()">
    <annotation name="androidx.annotation.IntRange">
      <val name="from" val="1" />
    </annotation>
  </item>
  <item name="android.net.wifi.aware.Characteristics int getNumberOfSupportedSubscribeSessions()">
    <annotation name="androidx.annotation.IntRange">
      <val name="from" val="1" />
    </annotation>
  </item>
  <item name="android.net.wifi.aware.Characteristics int getSupportedCipherSuites()">
    <annotation name="androidx.annotation.IntDef">
      <val name="value" val="{android.net.wifi.aware.Characteristics.WIFI_AWARE_CIPHER_SUITE_NONE, android.net.wifi.aware.Characteristics.WIFI_AWARE_CIPHER_SUITE_NCS_SK_128, android.net.wifi.aware.Characteristics.WIFI_AWARE_CIPHER_SUITE_NCS_SK_256, android.net.wifi.aware.Characteristics.WIFI_AWARE_CIPHER_SUITE_NCS_PK_128, android.net.wifi.aware.Characteristics.WIFI_AWARE_CIPHER_SUITE_NCS_PK_256}" />
      <val name="flag" val="true" />
    </annotation>
  </item>
  <item name="android.net.wifi.aware.DiscoverySession void initiateBootstrappingRequest(android.net.wifi.aware.PeerHandle, int) 1">
    <annotation name="androidx.annotation.IntDef">
      <val name="value" val="{android.net.wifi.aware.AwarePairingConfig.PAIRING_BOOTSTRAPPING_OPPORTUNISTIC, android.net.wifi.aware.AwarePairingConfig.PAIRING_BOOTSTRAPPING_PIN_CODE_DISPLAY, android.net.wifi.aware.AwarePairingConfig.PAIRING_BOOTSTRAPPING_PASSPHRASE_DISPLAY, android.net.wifi.aware.AwarePairingConfig.PAIRING_BOOTSTRAPPING_QR_DISPLAY, android.net.wifi.aware.AwarePairingConfig.PAIRING_BOOTSTRAPPING_NFC_TAG, android.net.wifi.aware.AwarePairingConfig.PAIRING_BOOTSTRAPPING_PIN_CODE_KEYPAD, android.net.wifi.aware.AwarePairingConfig.PAIRING_BOOTSTRAPPING_PASSPHRASE_KEYPAD, android.net.wifi.aware.AwarePairingConfig.PAIRING_BOOTSTRAPPING_QR_SCAN, android.net.wifi.aware.AwarePairingConfig.PAIRING_BOOTSTRAPPING_NFC_READER}" />
      <val name="flag" val="true" />
    </annotation>
  </item>
  <item name="android.net.wifi.aware.DiscoverySessionCallback void onBootstrappingConfirmed(android.net.wifi.aware.PeerHandle, boolean, int) 2">
    <annotation name="androidx.annotation.IntDef">
      <val name="value" val="{android.net.wifi.aware.AwarePairingConfig.PAIRING_BOOTSTRAPPING_OPPORTUNISTIC, android.net.wifi.aware.AwarePairingConfig.PAIRING_BOOTSTRAPPING_PIN_CODE_DISPLAY, android.net.wifi.aware.AwarePairingConfig.PAIRING_BOOTSTRAPPING_PASSPHRASE_DISPLAY, android.net.wifi.aware.AwarePairingConfig.PAIRING_BOOTSTRAPPING_QR_DISPLAY, android.net.wifi.aware.AwarePairingConfig.PAIRING_BOOTSTRAPPING_NFC_TAG, android.net.wifi.aware.AwarePairingConfig.PAIRING_BOOTSTRAPPING_PIN_CODE_KEYPAD, android.net.wifi.aware.AwarePairingConfig.PAIRING_BOOTSTRAPPING_PASSPHRASE_KEYPAD, android.net.wifi.aware.AwarePairingConfig.PAIRING_BOOTSTRAPPING_QR_SCAN, android.net.wifi.aware.AwarePairingConfig.PAIRING_BOOTSTRAPPING_NFC_READER}" />
      <val name="flag" val="true" />
    </annotation>
  </item>
  <item name="android.net.wifi.aware.DiscoverySessionCallback void onServiceLost(android.net.wifi.aware.PeerHandle, int) 1">
    <annotation name="androidx.annotation.IntDef">
      <val name="value" val="{android.net.wifi.aware.WifiAwareManager.WIFI_AWARE_DISCOVERY_LOST_REASON_UNKNOWN, android.net.wifi.aware.WifiAwareManager.WIFI_AWARE_DISCOVERY_LOST_REASON_PEER_NOT_VISIBLE}" />
    </annotation>
  </item>
  <item name="android.net.wifi.aware.PublishConfig int getInstantCommunicationBand()">
    <annotation name="androidx.annotation.IntDef">
      <val name="value" val="{android.net.wifi.WifiScanner.WIFI_BAND_UNSPECIFIED, android.net.wifi.WifiScanner.WIFI_BAND_24_GHZ, android.net.wifi.WifiScanner.WIFI_BAND_5_GHZ, android.net.wifi.WifiScanner.WIFI_BAND_BOTH, android.net.wifi.WifiScanner.WIFI_BAND_5_GHZ_DFS_ONLY, android.net.wifi.WifiScanner.WIFI_BAND_5_GHZ_WITH_DFS, android.net.wifi.WifiScanner.WIFI_BAND_BOTH_WITH_DFS, android.net.wifi.WifiScanner.WIFI_BAND_6_GHZ, android.net.wifi.WifiScanner.WIFI_BAND_24_5_6_GHZ, android.net.wifi.WifiScanner.WIFI_BAND_24_5_WITH_DFS_6_GHZ, android.net.wifi.WifiScanner.WIFI_BAND_60_GHZ}" />
    </annotation>
  </item>
  <item name="android.net.wifi.aware.PublishConfig.Builder android.net.wifi.aware.PublishConfig.Builder setInstantCommunicationModeEnabled(boolean, int) 1">
    <annotation name="androidx.annotation.IntDef">
      <val name="value" val="{android.net.wifi.WifiScanner.WIFI_BAND_UNSPECIFIED, android.net.wifi.WifiScanner.WIFI_BAND_24_GHZ, android.net.wifi.WifiScanner.WIFI_BAND_5_GHZ, android.net.wifi.WifiScanner.WIFI_BAND_BOTH, android.net.wifi.WifiScanner.WIFI_BAND_5_GHZ_DFS_ONLY, android.net.wifi.WifiScanner.WIFI_BAND_5_GHZ_WITH_DFS, android.net.wifi.WifiScanner.WIFI_BAND_BOTH_WITH_DFS, android.net.wifi.WifiScanner.WIFI_BAND_6_GHZ, android.net.wifi.WifiScanner.WIFI_BAND_24_5_6_GHZ, android.net.wifi.WifiScanner.WIFI_BAND_24_5_WITH_DFS_6_GHZ, android.net.wifi.WifiScanner.WIFI_BAND_60_GHZ}" />
    </annotation>
  </item>
  <item name="android.net.wifi.aware.PublishConfig.Builder android.net.wifi.aware.PublishConfig.Builder setPublishType(int) 0">
    <annotation name="androidx.annotation.IntDef">
      <val name="value" val="{android.net.wifi.aware.PublishConfig.PUBLISH_TYPE_UNSOLICITED, android.net.wifi.aware.PublishConfig.PUBLISH_TYPE_SOLICITED}" />
    </annotation>
  </item>
  <item name="android.net.wifi.aware.ServiceDiscoveryInfo int getPeerCipherSuite()">
    <annotation name="androidx.annotation.IntDef">
      <val name="value" val="{android.net.wifi.aware.Characteristics.WIFI_AWARE_CIPHER_SUITE_NONE, android.net.wifi.aware.Characteristics.WIFI_AWARE_CIPHER_SUITE_NCS_SK_128, android.net.wifi.aware.Characteristics.WIFI_AWARE_CIPHER_SUITE_NCS_SK_256, android.net.wifi.aware.Characteristics.WIFI_AWARE_CIPHER_SUITE_NCS_PK_128, android.net.wifi.aware.Characteristics.WIFI_AWARE_CIPHER_SUITE_NCS_PK_256}" />
      <val name="flag" val="true" />
    </annotation>
  </item>
  <item name="android.net.wifi.aware.SubscribeConfig int getInstantCommunicationBand()">
    <annotation name="androidx.annotation.IntDef">
      <val name="value" val="{android.net.wifi.WifiScanner.WIFI_BAND_UNSPECIFIED, android.net.wifi.WifiScanner.WIFI_BAND_24_GHZ, android.net.wifi.WifiScanner.WIFI_BAND_5_GHZ, android.net.wifi.WifiScanner.WIFI_BAND_BOTH, android.net.wifi.WifiScanner.WIFI_BAND_5_GHZ_DFS_ONLY, android.net.wifi.WifiScanner.WIFI_BAND_5_GHZ_WITH_DFS, android.net.wifi.WifiScanner.WIFI_BAND_BOTH_WITH_DFS, android.net.wifi.WifiScanner.WIFI_BAND_6_GHZ, android.net.wifi.WifiScanner.WIFI_BAND_24_5_6_GHZ, android.net.wifi.WifiScanner.WIFI_BAND_24_5_WITH_DFS_6_GHZ, android.net.wifi.WifiScanner.WIFI_BAND_60_GHZ}" />
    </annotation>
  </item>
  <item name="android.net.wifi.aware.SubscribeConfig.Builder android.net.wifi.aware.SubscribeConfig.Builder setInstantCommunicationModeEnabled(boolean, int) 1">
    <annotation name="androidx.annotation.IntDef">
      <val name="value" val="{android.net.wifi.WifiScanner.WIFI_BAND_UNSPECIFIED, android.net.wifi.WifiScanner.WIFI_BAND_24_GHZ, android.net.wifi.WifiScanner.WIFI_BAND_5_GHZ, android.net.wifi.WifiScanner.WIFI_BAND_BOTH, android.net.wifi.WifiScanner.WIFI_BAND_5_GHZ_DFS_ONLY, android.net.wifi.WifiScanner.WIFI_BAND_5_GHZ_WITH_DFS, android.net.wifi.WifiScanner.WIFI_BAND_BOTH_WITH_DFS, android.net.wifi.WifiScanner.WIFI_BAND_6_GHZ, android.net.wifi.WifiScanner.WIFI_BAND_24_5_6_GHZ, android.net.wifi.WifiScanner.WIFI_BAND_24_5_WITH_DFS_6_GHZ, android.net.wifi.WifiScanner.WIFI_BAND_60_GHZ}" />
    </annotation>
  </item>
  <item name="android.net.wifi.aware.SubscribeConfig.Builder android.net.wifi.aware.SubscribeConfig.Builder setSubscribeType(int) 0">
    <annotation name="androidx.annotation.IntDef">
      <val name="value" val="{android.net.wifi.aware.SubscribeConfig.SUBSCRIBE_TYPE_PASSIVE, android.net.wifi.aware.SubscribeConfig.SUBSCRIBE_TYPE_ACTIVE}" />
    </annotation>
  </item>
  <item name="android.net.wifi.aware.WifiAwareChannelInfo int getChannelBandwidth()">
    <annotation name="androidx.annotation.IntRange">
      <val name="from" val="0" />
    </annotation>
    <annotation name="androidx.annotation.IntDef">
      <val name="value" val="{android.net.wifi.ScanResult.CHANNEL_WIDTH_20MHZ, android.net.wifi.ScanResult.CHANNEL_WIDTH_40MHZ, android.net.wifi.ScanResult.CHANNEL_WIDTH_80MHZ, android.net.wifi.ScanResult.CHANNEL_WIDTH_160MHZ, android.net.wifi.ScanResult.CHANNEL_WIDTH_80MHZ_PLUS_MHZ, android.net.wifi.ScanResult.CHANNEL_WIDTH_320MHZ}" />
    </annotation>
  </item>
  <item name="android.net.wifi.aware.WifiAwareChannelInfo int getChannelFrequencyMhz()">
    <annotation name="androidx.annotation.IntRange">
      <val name="from" val="0" />
    </annotation>
  </item>
  <item name="android.net.wifi.aware.WifiAwareChannelInfo int getSpatialStreamCount()">
    <annotation name="androidx.annotation.IntRange">
      <val name="from" val="0" />
    </annotation>
  </item>
  <item name="android.net.wifi.aware.WifiAwareDataPathSecurityConfig int getCipherSuite()">
    <annotation name="androidx.annotation.IntDef">
      <val name="value" val="{android.net.wifi.aware.Characteristics.WIFI_AWARE_CIPHER_SUITE_NONE, android.net.wifi.aware.Characteristics.WIFI_AWARE_CIPHER_SUITE_NCS_SK_128, android.net.wifi.aware.Characteristics.WIFI_AWARE_CIPHER_SUITE_NCS_SK_256, android.net.wifi.aware.Characteristics.WIFI_AWARE_CIPHER_SUITE_NCS_PK_128, android.net.wifi.aware.Characteristics.WIFI_AWARE_CIPHER_SUITE_NCS_PK_256}" />
      <val name="flag" val="true" />
    </annotation>
  </item>
  <item name="android.net.wifi.aware.WifiAwareDataPathSecurityConfig.Builder Builder(int) 0">
    <annotation name="androidx.annotation.IntDef">
      <val name="value" val="{android.net.wifi.aware.Characteristics.WIFI_AWARE_CIPHER_SUITE_NONE, android.net.wifi.aware.Characteristics.WIFI_AWARE_CIPHER_SUITE_NCS_SK_128, android.net.wifi.aware.Characteristics.WIFI_AWARE_CIPHER_SUITE_NCS_SK_256, android.net.wifi.aware.Characteristics.WIFI_AWARE_CIPHER_SUITE_NCS_PK_128, android.net.wifi.aware.Characteristics.WIFI_AWARE_CIPHER_SUITE_NCS_PK_256}" />
      <val name="flag" val="true" />
    </annotation>
  </item>
  <item name="android.net.wifi.aware.WifiAwareManager ACTION_WIFI_AWARE_RESOURCE_CHANGED">
    <annotation name="androidx.annotation.RequiresPermission">
      <val name="value" val="&quot;android.permission.ACCESS_WIFI_STATE&quot;" />
    </annotation>
  </item>
  <item name="android.net.wifi.aware.WifiAwareManager android.net.wifi.aware.AwareResources getAvailableAwareResources()">
    <annotation name="androidx.annotation.RequiresPermission">
      <val name="value" val="&quot;android.permission.ACCESS_WIFI_STATE&quot;" />
    </annotation>
  </item>
  <item name="android.net.wifi.aware.WifiAwareManager android.net.wifi.aware.Characteristics getCharacteristics()">
    <annotation name="androidx.annotation.RequiresPermission">
      <val name="value" val="&quot;android.permission.ACCESS_WIFI_STATE&quot;" />
    </annotation>
  </item>
  <item name="android.net.wifi.aware.WifiAwareManager boolean isAvailable()">
    <annotation name="androidx.annotation.RequiresPermission">
      <val name="value" val="&quot;android.permission.ACCESS_WIFI_STATE&quot;" />
    </annotation>
  </item>
  <item name="android.net.wifi.aware.WifiAwareManager boolean isDeviceAttached()">
    <annotation name="androidx.annotation.RequiresPermission">
      <val name="value" val="&quot;android.permission.ACCESS_WIFI_STATE&quot;" />
    </annotation>
  </item>
  <item name="android.net.wifi.aware.WifiAwareManager boolean isInstantCommunicationModeEnabled()">
    <annotation name="androidx.annotation.RequiresPermission">
      <val name="value" val="&quot;android.permission.ACCESS_WIFI_STATE&quot;" />
    </annotation>
  </item>
  <item name="android.net.wifi.aware.WifiAwareManager boolean isSetChannelOnDataPathSupported()">
    <annotation name="androidx.annotation.RequiresPermission">
      <val name="value" val="&quot;android.permission.ACCESS_WIFI_STATE&quot;" />
    </annotation>
  </item>
  <item name="android.net.wifi.aware.WifiAwareManager void attach(android.net.wifi.aware.AttachCallback, android.net.wifi.aware.IdentityChangedListener, android.os.Handler)">
    <annotation name="androidx.annotation.RequiresPermission">
      <val name="allOf" val="{&quot;android.permission.ACCESS_WIFI_STATE&quot;, &quot;android.permission.CHANGE_WIFI_STATE&quot;, &quot;android.permission.ACCESS_FINE_LOCATION&quot;, &quot;android.permission.NEARBY_WIFI_DEVICES&quot;}" />
      <val name="conditional" val="true" />
    </annotation>
  </item>
  <item name="android.net.wifi.aware.WifiAwareManager void attach(android.net.wifi.aware.AttachCallback, android.os.Handler)">
    <annotation name="androidx.annotation.RequiresPermission">
      <val name="allOf" val="{&quot;android.permission.ACCESS_WIFI_STATE&quot;, &quot;android.permission.CHANGE_WIFI_STATE&quot;}" />
    </annotation>
  </item>
  <item name="android.net.wifi.aware.WifiAwareManager void enableInstantCommunicationMode(boolean)">
    <annotation name="androidx.annotation.RequiresPermission">
      <val name="allOf" val="{&quot;android.permission.CHANGE_WIFI_STATE&quot;, &quot;android.permission.OVERRIDE_WIFI_CONFIG&quot;}" />
    </annotation>
  </item>
  <item name="android.net.wifi.aware.WifiAwareManager void getPairedDevice(java.util.concurrent.Executor, java.util.function.Consumer&lt;java.util.List&lt;java.lang.String&gt;&gt;)">
    <annotation name="androidx.annotation.RequiresPermission">
      <val name="value" val="&quot;android.permission.ACCESS_WIFI_STATE&quot;" />
    </annotation>
  </item>
  <item name="android.net.wifi.aware.WifiAwareManager void removePairedDevice(java.lang.String)">
    <annotation name="androidx.annotation.RequiresPermission">
      <val name="value" val="&quot;android.permission.CHANGE_WIFI_STATE&quot;" />
    </annotation>
  </item>
  <item name="android.net.wifi.aware.WifiAwareManager void resetPairedDevices()">
    <annotation name="androidx.annotation.RequiresPermission">
      <val name="value" val="&quot;android.permission.CHANGE_WIFI_STATE&quot;" />
    </annotation>
  </item>
  <item name="android.net.wifi.aware.WifiAwareManager void setAwareParams(android.net.wifi.aware.AwareParams)">
    <annotation name="androidx.annotation.RequiresPermission">
      <val name="allOf" val="{&quot;android.permission.OVERRIDE_WIFI_CONFIG&quot;, &quot;android.permission.CHANGE_WIFI_STATE&quot;}" />
    </annotation>
  </item>
  <item name="android.net.wifi.aware.WifiAwareNetworkSpecifier int getChannelFrequencyMhz()">
    <annotation name="androidx.annotation.IntRange">
      <val name="from" val="0" />
    </annotation>
  </item>
  <item name="android.net.wifi.aware.WifiAwareNetworkSpecifier.Builder android.net.wifi.aware.WifiAwareNetworkSpecifier.Builder setChannelFrequencyMhz(int, boolean) 0">
    <annotation name="androidx.annotation.IntRange">
      <val name="from" val="0" />
    </annotation>
  </item>
  <item name="android.net.wifi.aware.WifiAwareNetworkSpecifier.Builder android.net.wifi.aware.WifiAwareNetworkSpecifier.Builder setPort(int) 0">
    <annotation name="androidx.annotation.IntRange">
      <val name="from" val="0" />
      <val name="to" val="65535" />
    </annotation>
  </item>
  <item name="android.net.wifi.aware.WifiAwareNetworkSpecifier.Builder android.net.wifi.aware.WifiAwareNetworkSpecifier.Builder setTransportProtocol(int) 0">
    <annotation name="androidx.annotation.IntRange">
      <val name="from" val="0" />
      <val name="to" val="255" />
    </annotation>
  </item>
  <item name="android.net.wifi.aware.WifiAwareSession android.net.NetworkSpecifier createNetworkSpecifierOpen(int, byte[]) 0">
    <annotation name="androidx.annotation.IntDef">
      <val name="value" val="{android.net.wifi.aware.WifiAwareManager.WIFI_AWARE_DATA_PATH_ROLE_INITIATOR, android.net.wifi.aware.WifiAwareManager.WIFI_AWARE_DATA_PATH_ROLE_RESPONDER}" />
    </annotation>
  </item>
  <item name="android.net.wifi.aware.WifiAwareSession android.net.NetworkSpecifier createNetworkSpecifierPassphrase(int, byte[], java.lang.String) 0">
    <annotation name="androidx.annotation.IntDef">
      <val name="value" val="{android.net.wifi.aware.WifiAwareManager.WIFI_AWARE_DATA_PATH_ROLE_INITIATOR, android.net.wifi.aware.WifiAwareManager.WIFI_AWARE_DATA_PATH_ROLE_RESPONDER}" />
    </annotation>
  </item>
  <item name="android.net.wifi.aware.WifiAwareSession android.net.NetworkSpecifier createNetworkSpecifierPmk(int, byte[], byte[]) 0">
    <annotation name="androidx.annotation.IntDef">
      <val name="value" val="{android.net.wifi.aware.WifiAwareManager.WIFI_AWARE_DATA_PATH_ROLE_INITIATOR, android.net.wifi.aware.WifiAwareManager.WIFI_AWARE_DATA_PATH_ROLE_RESPONDER}" />
    </annotation>
  </item>
  <item name="android.net.wifi.aware.WifiAwareSession void publish(android.net.wifi.aware.PublishConfig, android.net.wifi.aware.DiscoverySessionCallback, android.os.Handler)">
    <annotation name="androidx.annotation.RequiresPermission">
      <val name="allOf" val="{&quot;android.permission.ACCESS_WIFI_STATE&quot;, &quot;android.permission.CHANGE_WIFI_STATE&quot;, &quot;android.permission.ACCESS_FINE_LOCATION&quot;, &quot;android.permission.NEARBY_WIFI_DEVICES&quot;}" />
      <val name="conditional" val="true" />
    </annotation>
  </item>
  <item name="android.net.wifi.aware.WifiAwareSession void subscribe(android.net.wifi.aware.SubscribeConfig, android.net.wifi.aware.DiscoverySessionCallback, android.os.Handler)">
    <annotation name="androidx.annotation.RequiresPermission">
      <val name="allOf" val="{&quot;android.permission.ACCESS_WIFI_STATE&quot;, &quot;android.permission.CHANGE_WIFI_STATE&quot;, &quot;android.permission.ACCESS_FINE_LOCATION&quot;, &quot;android.permission.NEARBY_WIFI_DEVICES&quot;}" />
      <val name="conditional" val="true" />
    </annotation>
  </item>
</root>

