<?xml version="1.0" encoding="UTF-8"?>
<root>
  <item name="android.content.om.OverlayManager java.util.List&lt;android.content.om.OverlayInfo&gt; getOverlayInfosForTarget(java.lang.String, android.os.UserHandle)">
    <annotation name="androidx.annotation.RequiresPermission">
      <val name="anyOf" val="{&quot;android.permission.INTERACT_ACROSS_USERS&quot;, &quot;android.permission.INTERACT_ACROSS_USERS_FULL&quot;}" />
    </annotation>
  </item>
  <item name="android.content.om.OverlayManager void setEnabled(java.lang.String, boolean, android.os.UserHandle)">
    <annotation name="androidx.annotation.RequiresPermission">
      <val name="anyOf" val="{&quot;android.permission.INTERACT_ACROSS_USERS&quot;, &quot;android.permission.INTERACT_ACROSS_USERS_FULL&quot;}" />
    </annotation>
  </item>
  <item name="android.content.om.OverlayManager void setEnabledExclusiveInCategory(java.lang.String, android.os.UserHandle)">
    <annotation name="androidx.annotation.RequiresPermission">
      <val name="anyOf" val="{&quot;android.permission.INTERACT_ACROSS_USERS&quot;, &quot;android.permission.INTERACT_ACROSS_USERS_FULL&quot;}" />
    </annotation>
  </item>
</root>

