<?xml version="1.0" encoding="UTF-8"?>
<root>
  <item name="android.ranging.oob.OobInitiatorRangingParams int getRangingMode()">
    <annotation name="androidx.annotation.IntDef">
      <val name="value" val="{android.ranging.oob.OobInitiatorRangingParams.RANGING_MODE_AUTO, android.ranging.oob.OobInitiatorRangingParams.RANGING_MODE_HIGH_ACCURACY, android.ranging.oob.OobInitiatorRangingParams.RANGING_MODE_HIGH_ACCURACY_PREFERRED, android.ranging.oob.OobInitiatorRangingParams.RANGING_MODE_FUSED}" />
    </annotation>
  </item>
  <item name="android.ranging.oob.OobInitiatorRangingParams int getSecurityLevel()">
    <annotation name="androidx.annotation.IntDef">
      <val name="value" val="{android.ranging.oob.OobInitiatorRangingParams.SECURITY_LEVEL_BASIC, android.ranging.oob.OobInitiatorRangingParams.SECURITY_LEVEL_SECURE}" />
    </annotation>
  </item>
  <item name="android.ranging.oob.OobInitiatorRangingParams.Builder android.ranging.oob.OobInitiatorRangingParams.Builder setRangingMode(int) 0">
    <annotation name="androidx.annotation.IntDef">
      <val name="value" val="{android.ranging.oob.OobInitiatorRangingParams.RANGING_MODE_AUTO, android.ranging.oob.OobInitiatorRangingParams.RANGING_MODE_HIGH_ACCURACY, android.ranging.oob.OobInitiatorRangingParams.RANGING_MODE_HIGH_ACCURACY_PREFERRED, android.ranging.oob.OobInitiatorRangingParams.RANGING_MODE_FUSED}" />
    </annotation>
  </item>
  <item name="android.ranging.oob.OobInitiatorRangingParams.Builder android.ranging.oob.OobInitiatorRangingParams.Builder setSecurityLevel(int) 0">
    <annotation name="androidx.annotation.IntDef">
      <val name="value" val="{android.ranging.oob.OobInitiatorRangingParams.SECURITY_LEVEL_BASIC, android.ranging.oob.OobInitiatorRangingParams.SECURITY_LEVEL_SECURE}" />
    </annotation>
  </item>
</root>

