<?xml version="1.0" encoding="UTF-8"?>
<root>
  <item name="android.net.DhcpInfo void writeToParcel(android.os.Parcel, int) 0">
    <annotation name="android.support.annotation.NonNull" />
  </item>
  <item name="android.net.LinkAddress void writeToParcel(android.os.Parcel, int) 0">
    <annotation name="android.support.annotation.NonNull" />
  </item>
  <item name="android.net.LinkProperties java.lang.String getInterfaceName()">
    <annotation name="android.support.annotation.Nullable" />
  </item>
  <item name="android.net.LinkProperties void writeToParcel(android.os.Parcel, int) 0">
    <annotation name="android.support.annotation.NonNull" />
  </item>
  <item name="android.net.LocalServerSocket android.net.LocalSocket accept()">
    <annotation name="android.support.annotation.NonNull" />
  </item>
  <item name="android.net.LocalSocket android.net.LocalSocketAddress getRemoteSocketAddress()">
    <annotation name="android.support.annotation.NonNull" />
  </item>
  <item name="android.net.MailTo android.net.MailTo parse(java.lang.String)">
    <annotation name="android.support.annotation.NonNull" />
  </item>
  <item name="android.net.NetworkInfo void writeToParcel(android.os.Parcel, int) 0">
    <annotation name="android.support.annotation.NonNull" />
  </item>
  <item name="android.net.Proxy int getPort(android.content.Context) 0">
    <annotation name="android.support.annotation.NonNull" />
  </item>
  <item name="android.net.Proxy java.lang.String getHost(android.content.Context) 0">
    <annotation name="android.support.annotation.NonNull" />
  </item>
  <item name="android.net.RouteInfo android.net.LinkAddress getDestination()">
    <annotation name="android.support.annotation.NonNull" />
  </item>
  <item name="android.net.RouteInfo void writeToParcel(android.os.Parcel, int) 0">
    <annotation name="android.support.annotation.NonNull" />
  </item>
  <item name="android.net.SSLCertificateSocketFactory java.net.Socket createSocket()">
    <annotation name="android.support.annotation.NonNull" />
  </item>
  <item name="android.net.SSLCertificateSocketFactory java.net.Socket createSocket(java.lang.String, int)">
    <annotation name="android.support.annotation.NonNull" />
  </item>
  <item name="android.net.SSLCertificateSocketFactory java.net.Socket createSocket(java.lang.String, int, java.net.InetAddress, int)">
    <annotation name="android.support.annotation.NonNull" />
  </item>
  <item name="android.net.SSLCertificateSocketFactory java.net.Socket createSocket(java.net.InetAddress, int)">
    <annotation name="android.support.annotation.NonNull" />
  </item>
  <item name="android.net.SSLCertificateSocketFactory java.net.Socket createSocket(java.net.InetAddress, int, java.net.InetAddress, int)">
    <annotation name="android.support.annotation.NonNull" />
  </item>
  <item name="android.net.SSLCertificateSocketFactory java.net.Socket createSocket(java.net.Socket, java.lang.String, int, boolean)">
    <annotation name="android.support.annotation.NonNull" />
  </item>
  <item name="android.net.SSLCertificateSocketFactory javax.net.SocketFactory getDefault(int)">
    <annotation name="android.support.annotation.NonNull" />
  </item>
  <item name="android.net.SSLCertificateSocketFactory javax.net.ssl.SSLSocketFactory getDefault(int, android.net.SSLSessionCache)">
    <annotation name="android.support.annotation.NonNull" />
  </item>
  <item name="android.net.SSLCertificateSocketFactory javax.net.ssl.SSLSocketFactory getInsecure(int, android.net.SSLSessionCache)">
    <annotation name="android.support.annotation.NonNull" />
  </item>
  <item name="android.net.SSLSessionCache SSLSessionCache(android.content.Context) 0">
    <annotation name="android.support.annotation.NonNull" />
  </item>
  <item name="android.net.Uri android.net.Uri fromFile(java.io.File)">
    <annotation name="android.support.annotation.NonNull" />
  </item>
  <item name="android.net.Uri android.net.Uri fromParts(java.lang.String, java.lang.String, java.lang.String)">
    <annotation name="android.support.annotation.NonNull" />
  </item>
  <item name="android.net.Uri android.net.Uri parse(java.lang.String)">
    <annotation name="android.support.annotation.NonNull" />
  </item>
  <item name="android.net.Uri android.net.Uri withAppendedPath(android.net.Uri, java.lang.String) 0">
    <annotation name="android.support.annotation.NonNull" />
  </item>
  <item name="android.net.Uri android.net.Uri.Builder buildUpon()">
    <annotation name="android.support.annotation.NonNull" />
  </item>
  <item name="android.net.Uri int compareTo(android.net.Uri) 0">
    <annotation name="android.support.annotation.NonNull" />
  </item>
  <item name="android.net.Uri void writeToParcel(android.os.Parcel, android.net.Uri) 0">
    <annotation name="android.support.annotation.NonNull" />
  </item>
  <item name="android.net.Uri.Builder android.net.Uri.Builder appendEncodedPath(java.lang.String)">
    <annotation name="android.support.annotation.NonNull" />
  </item>
  <item name="android.net.Uri.Builder android.net.Uri.Builder appendPath(java.lang.String)">
    <annotation name="android.support.annotation.NonNull" />
  </item>
  <item name="android.net.Uri.Builder android.net.Uri.Builder appendQueryParameter(java.lang.String, java.lang.String)">
    <annotation name="android.support.annotation.NonNull" />
  </item>
  <item name="android.net.Uri.Builder android.net.Uri.Builder authority(java.lang.String)">
    <annotation name="android.support.annotation.NonNull" />
  </item>
  <item name="android.net.Uri.Builder android.net.Uri.Builder clearQuery()">
    <annotation name="android.support.annotation.NonNull" />
  </item>
  <item name="android.net.Uri.Builder android.net.Uri.Builder encodedAuthority(java.lang.String)">
    <annotation name="android.support.annotation.NonNull" />
  </item>
  <item name="android.net.Uri.Builder android.net.Uri.Builder encodedFragment(java.lang.String)">
    <annotation name="android.support.annotation.NonNull" />
  </item>
  <item name="android.net.Uri.Builder android.net.Uri.Builder encodedOpaquePart(java.lang.String)">
    <annotation name="android.support.annotation.NonNull" />
  </item>
  <item name="android.net.Uri.Builder android.net.Uri.Builder encodedPath(java.lang.String)">
    <annotation name="android.support.annotation.NonNull" />
  </item>
  <item name="android.net.Uri.Builder android.net.Uri.Builder encodedQuery(java.lang.String)">
    <annotation name="android.support.annotation.NonNull" />
  </item>
  <item name="android.net.Uri.Builder android.net.Uri.Builder fragment(java.lang.String)">
    <annotation name="android.support.annotation.NonNull" />
  </item>
  <item name="android.net.Uri.Builder android.net.Uri.Builder opaquePart(java.lang.String)">
    <annotation name="android.support.annotation.NonNull" />
  </item>
  <item name="android.net.Uri.Builder android.net.Uri.Builder path(java.lang.String)">
    <annotation name="android.support.annotation.NonNull" />
  </item>
  <item name="android.net.Uri.Builder android.net.Uri.Builder query(java.lang.String)">
    <annotation name="android.support.annotation.NonNull" />
  </item>
  <item name="android.net.Uri.Builder android.net.Uri.Builder scheme(java.lang.String)">
    <annotation name="android.support.annotation.NonNull" />
  </item>
  <item name="android.net.UrlQuerySanitizer UrlQuerySanitizer(java.lang.String) 0">
    <annotation name="android.support.annotation.NonNull" />
  </item>
  <item name="android.net.UrlQuerySanitizer android.net.UrlQuerySanitizer.ValueSanitizer getAllButNulAndAngleBracketsLegal()">
    <annotation name="android.support.annotation.NonNull" />
  </item>
  <item name="android.net.UrlQuerySanitizer android.net.UrlQuerySanitizer.ValueSanitizer getAllButNulLegal()">
    <annotation name="android.support.annotation.NonNull" />
  </item>
  <item name="android.net.UrlQuerySanitizer android.net.UrlQuerySanitizer.ValueSanitizer getAllButWhitespaceLegal()">
    <annotation name="android.support.annotation.NonNull" />
  </item>
  <item name="android.net.UrlQuerySanitizer android.net.UrlQuerySanitizer.ValueSanitizer getAllIllegal()">
    <annotation name="android.support.annotation.NonNull" />
  </item>
  <item name="android.net.UrlQuerySanitizer android.net.UrlQuerySanitizer.ValueSanitizer getAmpAndSpaceLegal()">
    <annotation name="android.support.annotation.NonNull" />
  </item>
  <item name="android.net.UrlQuerySanitizer android.net.UrlQuerySanitizer.ValueSanitizer getAmpLegal()">
    <annotation name="android.support.annotation.NonNull" />
  </item>
  <item name="android.net.UrlQuerySanitizer android.net.UrlQuerySanitizer.ValueSanitizer getSpaceLegal()">
    <annotation name="android.support.annotation.NonNull" />
  </item>
  <item name="android.net.UrlQuerySanitizer android.net.UrlQuerySanitizer.ValueSanitizer getUrlAndSpaceLegal()">
    <annotation name="android.support.annotation.NonNull" />
  </item>
  <item name="android.net.UrlQuerySanitizer android.net.UrlQuerySanitizer.ValueSanitizer getUrlLegal()">
    <annotation name="android.support.annotation.NonNull" />
  </item>
  <item name="android.net.UrlQuerySanitizer java.lang.String unescape(java.lang.String)">
    <annotation name="android.support.annotation.NonNull" />
  </item>
  <item name="android.net.UrlQuerySanitizer java.lang.String unescape(java.lang.String) 0">
    <annotation name="android.support.annotation.NonNull" />
  </item>
  <item name="android.net.UrlQuerySanitizer java.util.List&lt;android.net.UrlQuerySanitizer.ParameterValuePair&gt; getParameterList()">
    <annotation name="android.support.annotation.NonNull" />
  </item>
  <item name="android.net.UrlQuerySanitizer java.util.Set&lt;java.lang.String&gt; getParameterSet()">
    <annotation name="android.support.annotation.NonNull" />
  </item>
  <item name="android.net.UrlQuerySanitizer void parseEntry(java.lang.String, java.lang.String) 0">
    <annotation name="android.support.annotation.NonNull" />
  </item>
  <item name="android.net.UrlQuerySanitizer void parseEntry(java.lang.String, java.lang.String) 1">
    <annotation name="android.support.annotation.NonNull" />
  </item>
  <item name="android.net.UrlQuerySanitizer void parseUrl(java.lang.String) 0">
    <annotation name="android.support.annotation.NonNull" />
  </item>
  <item name="android.net.UrlQuerySanitizer void registerParameters(java.lang.String[], android.net.UrlQuerySanitizer.ValueSanitizer) 0">
    <annotation name="android.support.annotation.NonNull" />
  </item>
  <item name="android.net.VpnService android.content.Intent prepare(android.content.Context) 0">
    <annotation name="android.support.annotation.NonNull" />
  </item>
  <item name="android.net.VpnService boolean protect(java.net.DatagramSocket) 0">
    <annotation name="android.support.annotation.NonNull" />
  </item>
  <item name="android.net.VpnService boolean protect(java.net.Socket) 0">
    <annotation name="android.support.annotation.NonNull" />
  </item>
  <item name="android.net.VpnService.Builder android.net.VpnService.Builder addAddress(java.net.InetAddress, int)">
    <annotation name="android.support.annotation.NonNull" />
  </item>
  <item name="android.net.VpnService.Builder android.net.VpnService.Builder addAddress(java.net.InetAddress, int) 0">
    <annotation name="android.support.annotation.NonNull" />
  </item>
  <item name="android.net.VpnService.Builder android.net.VpnService.Builder addDnsServer(java.net.InetAddress)">
    <annotation name="android.support.annotation.NonNull" />
  </item>
  <item name="android.net.VpnService.Builder android.net.VpnService.Builder addDnsServer(java.net.InetAddress) 0">
    <annotation name="android.support.annotation.NonNull" />
  </item>
  <item name="android.net.VpnService.Builder android.net.VpnService.Builder addRoute(java.net.InetAddress, int)">
    <annotation name="android.support.annotation.NonNull" />
  </item>
  <item name="android.net.VpnService.Builder android.net.VpnService.Builder addRoute(java.net.InetAddress, int) 0">
    <annotation name="android.support.annotation.NonNull" />
  </item>
  <item name="android.net.VpnService.Builder android.net.VpnService.Builder addSearchDomain(java.lang.String)">
    <annotation name="android.support.annotation.NonNull" />
  </item>
  <item name="android.net.VpnService.Builder android.net.VpnService.Builder setConfigureIntent(android.app.PendingIntent)">
    <annotation name="android.support.annotation.NonNull" />
  </item>
  <item name="android.net.VpnService.Builder android.net.VpnService.Builder setMtu(int)">
    <annotation name="android.support.annotation.NonNull" />
  </item>
  <item name="android.net.VpnService.Builder android.net.VpnService.Builder setSession(java.lang.String)">
    <annotation name="android.support.annotation.NonNull" />
  </item>
</root>

