<?xml version="1.0" encoding="UTF-8"?>
<root>
  <item name="android.app.usage.NetworkStats.Bucket int getDefaultNetworkStatus()">
    <annotation name="androidx.annotation.IntDef">
      <val name="value" val="{android.app.usage.NetworkStats.Bucket.DEFAULT_NETWORK_ALL, android.app.usage.NetworkStats.Bucket.DEFAULT_NETWORK_NO, android.app.usage.NetworkStats.Bucket.DEFAULT_NETWORK_YES}" />
    </annotation>
  </item>
  <item name="android.app.usage.NetworkStats.Bucket int getMetered()">
    <annotation name="androidx.annotation.IntDef">
      <val name="value" val="{android.app.usage.NetworkStats.Bucket.METERED_ALL, android.app.usage.NetworkStats.Bucket.METERED_NO, android.app.usage.NetworkStats.Bucket.METERED_YES}" />
    </annotation>
  </item>
  <item name="android.app.usage.NetworkStats.Bucket int getRoaming()">
    <annotation name="androidx.annotation.IntDef">
      <val name="value" val="{android.app.usage.NetworkStats.Bucket.ROAMING_ALL, android.app.usage.NetworkStats.Bucket.ROAMING_NO, android.app.usage.NetworkStats.Bucket.ROAMING_YES}" />
    </annotation>
  </item>
  <item name="android.app.usage.NetworkStats.Bucket int getState()">
    <annotation name="androidx.annotation.IntDef">
      <val name="value" val="{android.app.usage.NetworkStats.Bucket.STATE_ALL, android.app.usage.NetworkStats.Bucket.STATE_DEFAULT, android.app.usage.NetworkStats.Bucket.STATE_FOREGROUND}" />
    </annotation>
  </item>
  <item name="android.app.usage.NetworkStatsManager android.app.usage.NetworkStats queryDetails(int, java.lang.String, long, long)">
    <annotation name="androidx.annotation.WorkerThread"/>
  </item>
  <item name="android.app.usage.NetworkStatsManager android.app.usage.NetworkStats queryDetailsForUid(int, java.lang.String, long, long, int)">
    <annotation name="androidx.annotation.WorkerThread"/>
  </item>
  <item name="android.app.usage.NetworkStatsManager android.app.usage.NetworkStats queryDetailsForUidTag(int, java.lang.String, long, long, int, int)">
    <annotation name="androidx.annotation.WorkerThread"/>
  </item>
  <item name="android.app.usage.NetworkStatsManager android.app.usage.NetworkStats queryDetailsForUidTagState(int, java.lang.String, long, long, int, int, int)">
    <annotation name="androidx.annotation.WorkerThread"/>
  </item>
  <item name="android.app.usage.NetworkStatsManager android.app.usage.NetworkStats querySummary(int, java.lang.String, long, long)">
    <annotation name="androidx.annotation.WorkerThread"/>
  </item>
  <item name="android.app.usage.NetworkStatsManager android.app.usage.NetworkStats.Bucket querySummaryForDevice(int, java.lang.String, long, long)">
    <annotation name="androidx.annotation.WorkerThread"/>
  </item>
  <item name="android.app.usage.NetworkStatsManager android.app.usage.NetworkStats.Bucket querySummaryForUser(int, java.lang.String, long, long)">
    <annotation name="androidx.annotation.WorkerThread"/>
  </item>
  <item name="android.app.usage.StorageStatsManager android.app.usage.ExternalStorageStats queryExternalStatsForUser(java.util.UUID, android.os.UserHandle)">
    <annotation name="androidx.annotation.WorkerThread"/>
  </item>
  <item name="android.app.usage.StorageStatsManager android.app.usage.StorageStats queryStatsForPackage(java.util.UUID, java.lang.String, android.os.UserHandle)">
    <annotation name="androidx.annotation.WorkerThread"/>
  </item>
  <item name="android.app.usage.StorageStatsManager android.app.usage.StorageStats queryStatsForUid(java.util.UUID, int)">
    <annotation name="androidx.annotation.WorkerThread"/>
  </item>
  <item name="android.app.usage.StorageStatsManager android.app.usage.StorageStats queryStatsForUser(java.util.UUID, android.os.UserHandle)">
    <annotation name="androidx.annotation.WorkerThread"/>
  </item>
  <item name="android.app.usage.StorageStatsManager long getFreeBytes(java.util.UUID)">
    <annotation name="androidx.annotation.WorkerThread"/>
  </item>
  <item name="android.app.usage.StorageStatsManager long getTotalBytes(java.util.UUID)">
    <annotation name="androidx.annotation.WorkerThread"/>
  </item>
  <item name="android.app.usage.UsageStatsManager int getAppStandbyBucket()">
    <annotation name="androidx.annotation.IntDef">
      <val name="value" val="{android.app.usage.UsageStatsManager.STANDBY_BUCKET_ACTIVE, android.app.usage.UsageStatsManager.STANDBY_BUCKET_WORKING_SET, android.app.usage.UsageStatsManager.STANDBY_BUCKET_FREQUENT, android.app.usage.UsageStatsManager.STANDBY_BUCKET_RARE, android.app.usage.UsageStatsManager.STANDBY_BUCKET_RESTRICTED}" />
      <val name="flag" val="false" />
    </annotation>
  </item>
</root>

