<?xml version="1.0" encoding="UTF-8"?>
<root>
  <item name="android.nfc.cardemulation.CardEmulation android.content.ComponentName getPreferredPaymentService(android.content.Context)">
    <annotation name="androidx.annotation.RequiresPermission">
      <val name="value" val="&quot;android.permission.NFC_PREFERRED_PAYMENT_INFO&quot;" />
    </annotation>
  </item>
  <item name="android.nfc.cardemulation.CardEmulation boolean setOffHostForService(android.content.ComponentName, java.lang.String)">
    <annotation name="androidx.annotation.RequiresPermission">
      <val name="value" val="&quot;android.permission.NFC&quot;" />
    </annotation>
  </item>
  <item name="android.nfc.cardemulation.CardEmulation boolean unsetOffHostForService(android.content.ComponentName)">
    <annotation name="androidx.annotation.RequiresPermission">
      <val name="value" val="&quot;android.permission.NFC&quot;" />
    </annotation>
  </item>
  <item name="android.nfc.cardemulation.CardEmulation int setDefaultNfcSubscriptionId(int)">
    <annotation name="androidx.annotation.RequiresPermission">
      <val name="value" val="&quot;android.permission.WRITE_SECURE_SETTINGS&quot;" />
    </annotation>
    <annotation name="androidx.annotation.IntDef">
      <val name="value" val="{android.nfc.cardemulation.CardEmulation.SET_SUBSCRIPTION_ID_STATUS_SUCCESS, android.nfc.cardemulation.CardEmulation.SET_SUBSCRIPTION_ID_STATUS_FAILED_INVALID_SUBSCRIPTION_ID, android.nfc.cardemulation.CardEmulation.SET_SUBSCRIPTION_ID_STATUS_FAILED_INTERNAL_ERROR, android.nfc.cardemulation.CardEmulation.SET_SUBSCRIPTION_ID_STATUS_FAILED_NOT_SUPPORTED}" />
    </annotation>
  </item>
  <item name="android.nfc.cardemulation.CardEmulation int setServiceEnabledForCategoryOther(android.content.ComponentName, boolean)">
    <annotation name="androidx.annotation.RequiresPermission">
      <val name="value" val="&quot;android.permission.WRITE_SECURE_SETTINGS&quot;" />
    </annotation>
    <annotation name="androidx.annotation.IntDef">
      <val name="value" val="{android.nfc.cardemulation.CardEmulation.SET_SERVICE_ENABLED_STATUS_OK, android.nfc.cardemulation.CardEmulation.SET_SERVICE_ENABLED_STATUS_FAILURE_FEATURE_UNSUPPORTED, android.nfc.cardemulation.CardEmulation.SET_SERVICE_ENABLED_STATUS_FAILURE_INVALID_SERVICE, android.nfc.cardemulation.CardEmulation.SET_SERVICE_ENABLED_STATUS_FAILURE_ALREADY_SET, android.nfc.cardemulation.CardEmulation.SET_SERVICE_ENABLED_STATUS_FAILURE_UNKNOWN_ERROR}" />
    </annotation>
  </item>
  <item name="android.nfc.cardemulation.CardEmulation java.lang.CharSequence getDescriptionForPreferredPaymentService()">
    <annotation name="androidx.annotation.RequiresPermission">
      <val name="value" val="&quot;android.permission.NFC_PREFERRED_PAYMENT_INFO&quot;" />
    </annotation>
  </item>
  <item name="android.nfc.cardemulation.CardEmulation java.lang.String getRouteDestinationForPreferredPaymentService()">
    <annotation name="androidx.annotation.RequiresPermission">
      <val name="value" val="&quot;android.permission.NFC_PREFERRED_PAYMENT_INFO&quot;" />
    </annotation>
  </item>
  <item name="android.nfc.cardemulation.CardEmulation java.util.List&lt;java.lang.String&gt; getAidsForPreferredPaymentService()">
    <annotation name="androidx.annotation.RequiresPermission">
      <val name="value" val="&quot;android.permission.NFC_PREFERRED_PAYMENT_INFO&quot;" />
    </annotation>
  </item>
  <item name="android.nfc.cardemulation.CardEmulation void overrideRoutingTable(android.app.Activity, int, int)">
    <annotation name="androidx.annotation.RequiresPermission">
      <val name="value" val="&quot;android.permission.WRITE_SECURE_SETTINGS&quot;" />
    </annotation>
  </item>
  <item name="android.nfc.cardemulation.CardEmulation void overrideRoutingTable(android.app.Activity, int, int) 1">
    <annotation name="androidx.annotation.IntDef">
      <val name="value" val="{android.nfc.cardemulation.CardEmulation.PROTOCOL_AND_TECHNOLOGY_ROUTE_DH, android.nfc.cardemulation.CardEmulation.PROTOCOL_AND_TECHNOLOGY_ROUTE_ESE, android.nfc.cardemulation.CardEmulation.PROTOCOL_AND_TECHNOLOGY_ROUTE_UICC, android.nfc.cardemulation.CardEmulation.PROTOCOL_AND_TECHNOLOGY_ROUTE_UNSET, android.nfc.cardemulation.CardEmulation.PROTOCOL_AND_TECHNOLOGY_ROUTE_DEFAULT}" />
    </annotation>
  </item>
  <item name="android.nfc.cardemulation.CardEmulation void overrideRoutingTable(android.app.Activity, int, int) 2">
    <annotation name="androidx.annotation.IntDef">
      <val name="value" val="{android.nfc.cardemulation.CardEmulation.PROTOCOL_AND_TECHNOLOGY_ROUTE_DH, android.nfc.cardemulation.CardEmulation.PROTOCOL_AND_TECHNOLOGY_ROUTE_ESE, android.nfc.cardemulation.CardEmulation.PROTOCOL_AND_TECHNOLOGY_ROUTE_UICC, android.nfc.cardemulation.CardEmulation.PROTOCOL_AND_TECHNOLOGY_ROUTE_UNSET, android.nfc.cardemulation.CardEmulation.PROTOCOL_AND_TECHNOLOGY_ROUTE_DEFAULT}" />
    </annotation>
  </item>
  <item name="android.nfc.cardemulation.CardEmulation void recoverRoutingTable(android.app.Activity)">
    <annotation name="androidx.annotation.RequiresPermission">
      <val name="value" val="&quot;android.permission.WRITE_SECURE_SETTINGS&quot;" />
    </annotation>
  </item>
  <item name="android.nfc.cardemulation.CardEmulation.NfcEventListener void onInternalErrorReported(int) 0">
    <annotation name="androidx.annotation.IntDef">
      <val name="value" val="{android.nfc.cardemulation.CardEmulation.NFC_INTERNAL_ERROR_UNKNOWN, android.nfc.cardemulation.CardEmulation.NFC_INTERNAL_ERROR_NFC_CRASH_RESTART, android.nfc.cardemulation.CardEmulation.NFC_INTERNAL_ERROR_NFC_HARDWARE_ERROR, android.nfc.cardemulation.CardEmulation.NFC_INTERNAL_ERROR_COMMAND_TIMEOUT}" />
    </annotation>
  </item>
  <item name="android.nfc.cardemulation.CardEmulation.NfcEventListener void onNfcStateChanged(int) 0">
    <annotation name="androidx.annotation.IntDef">
      <val name="value" val="{android.nfc.NfcAdapter.STATE_OFF, android.nfc.NfcAdapter.STATE_TURNING_ON, android.nfc.NfcAdapter.STATE_ON, android.nfc.NfcAdapter.STATE_TURNING_OFF}" />
    </annotation>
  </item>
  <item name="android.nfc.cardemulation.PollingFrame int getType()">
    <annotation name="androidx.annotation.IntDef">
      <val name="value" val="{android.nfc.cardemulation.PollingFrame.POLLING_LOOP_TYPE_A, android.nfc.cardemulation.PollingFrame.POLLING_LOOP_TYPE_B, android.nfc.cardemulation.PollingFrame.POLLING_LOOP_TYPE_F, android.nfc.cardemulation.PollingFrame.POLLING_LOOP_TYPE_OFF, android.nfc.cardemulation.PollingFrame.POLLING_LOOP_TYPE_ON, android.nfc.cardemulation.PollingFrame.POLLING_LOOP_TYPE_UNKNOWN}" />
    </annotation>
  </item>
</root>

