<?xml version="1.0" encoding="UTF-8"?>
<root>
  <item name="android.app.job.JobInfo int getBackoffPolicy()">
    <annotation name="androidx.annotation.IntDef">
      <val name="value" val="{android.app.job.JobInfo.BACKOFF_POLICY_LINEAR, android.app.job.JobInfo.BACKOFF_POLICY_EXPONENTIAL}" />
    </annotation>
  </item>
  <item name="android.app.job.JobInfo int getNetworkType()">
    <annotation name="androidx.annotation.IntDef">
      <val name="value" val="{android.app.job.JobInfo.NETWORK_TYPE_NONE, android.app.job.JobInfo.NETWORK_TYPE_ANY, android.app.job.JobInfo.NETWORK_TYPE_UNMETERED, android.app.job.JobInfo.NETWORK_TYPE_NOT_ROAMING, android.app.job.JobInfo.NETWORK_TYPE_CELLULAR}" />
    </annotation>
  </item>
  <item name="android.app.job.JobInfo int getPriority()">
    <annotation name="androidx.annotation.IntDef">
      <val name="value" val="{android.app.job.JobInfo.PRIORITY_MIN, android.app.job.JobInfo.PRIORITY_LOW, android.app.job.JobInfo.PRIORITY_DEFAULT, android.app.job.JobInfo.PRIORITY_HIGH, android.app.job.JobInfo.PRIORITY_MAX}" />
    </annotation>
  </item>
  <item name="android.app.job.JobInfo.Builder android.app.job.JobInfo.Builder setBackoffCriteria(long, int) 1">
    <annotation name="androidx.annotation.IntDef">
      <val name="value" val="{android.app.job.JobInfo.BACKOFF_POLICY_LINEAR, android.app.job.JobInfo.BACKOFF_POLICY_EXPONENTIAL}" />
    </annotation>
  </item>
  <item name="android.app.job.JobInfo.Builder android.app.job.JobInfo.Builder setPersisted(boolean)">
    <annotation name="androidx.annotation.RequiresPermission">
      <val name="value" val="&quot;android.permission.RECEIVE_BOOT_COMPLETED&quot;" />
    </annotation>
  </item>
  <item name="android.app.job.JobInfo.Builder android.app.job.JobInfo.Builder setPriority(int) 0">
    <annotation name="androidx.annotation.IntDef">
      <val name="value" val="{android.app.job.JobInfo.PRIORITY_MIN, android.app.job.JobInfo.PRIORITY_LOW, android.app.job.JobInfo.PRIORITY_DEFAULT, android.app.job.JobInfo.PRIORITY_HIGH, android.app.job.JobInfo.PRIORITY_MAX}" />
    </annotation>
  </item>
  <item name="android.app.job.JobInfo.Builder android.app.job.JobInfo.Builder setRequiredNetworkType(int) 0">
    <annotation name="androidx.annotation.IntDef">
      <val name="value" val="{android.app.job.JobInfo.NETWORK_TYPE_NONE, android.app.job.JobInfo.NETWORK_TYPE_ANY, android.app.job.JobInfo.NETWORK_TYPE_UNMETERED, android.app.job.JobInfo.NETWORK_TYPE_NOT_ROAMING, android.app.job.JobInfo.NETWORK_TYPE_CELLULAR}" />
    </annotation>
  </item>
  <item name="android.app.job.JobInfo.TriggerContentUri TriggerContentUri(android.net.Uri, int) 1">
    <annotation name="androidx.annotation.IntDef">
      <val name="value" val="{android.app.job.JobInfo.TriggerContentUri.FLAG_NOTIFY_FOR_DESCENDANTS}" />
      <val name="flag" val="true" />
    </annotation>
  </item>
  <item name="android.app.job.JobInfo.TriggerContentUri int getFlags()">
    <annotation name="androidx.annotation.IntDef">
      <val name="value" val="{android.app.job.JobInfo.TriggerContentUri.FLAG_NOTIFY_FOR_DESCENDANTS}" />
      <val name="flag" val="true" />
    </annotation>
  </item>
  <item name="android.app.job.JobParameters int getStopReason()">
    <annotation name="androidx.annotation.IntDef">
      <val name="value" val="{android.app.job.JobParameters.STOP_REASON_UNDEFINED, android.app.job.JobParameters.STOP_REASON_CANCELLED_BY_APP, android.app.job.JobParameters.STOP_REASON_PREEMPT, android.app.job.JobParameters.STOP_REASON_TIMEOUT, android.app.job.JobParameters.STOP_REASON_DEVICE_STATE, android.app.job.JobParameters.STOP_REASON_CONSTRAINT_BATTERY_NOT_LOW, android.app.job.JobParameters.STOP_REASON_CONSTRAINT_CHARGING, android.app.job.JobParameters.STOP_REASON_CONSTRAINT_CONNECTIVITY, android.app.job.JobParameters.STOP_REASON_CONSTRAINT_DEVICE_IDLE, android.app.job.JobParameters.STOP_REASON_CONSTRAINT_STORAGE_NOT_LOW, android.app.job.JobParameters.STOP_REASON_QUOTA, android.app.job.JobParameters.STOP_REASON_BACKGROUND_RESTRICTION, android.app.job.JobParameters.STOP_REASON_APP_STANDBY, android.app.job.JobParameters.STOP_REASON_USER, android.app.job.JobParameters.STOP_REASON_SYSTEM_PROCESSING, android.app.job.JobParameters.STOP_REASON_ESTIMATED_APP_LAUNCH_TIME_CHANGED}" />
    </annotation>
  </item>
  <item name="android.app.job.JobScheduler int enqueue(android.app.job.JobInfo, android.app.job.JobWorkItem)">
    <annotation name="androidx.annotation.IntDef">
      <val name="value" val="{android.app.job.JobScheduler.RESULT_FAILURE, android.app.job.JobScheduler.RESULT_SUCCESS}" />
    </annotation>
  </item>
  <item name="android.app.job.JobScheduler int schedule(android.app.job.JobInfo)">
    <annotation name="androidx.annotation.IntDef">
      <val name="value" val="{android.app.job.JobScheduler.RESULT_FAILURE, android.app.job.JobScheduler.RESULT_SUCCESS}" />
    </annotation>
  </item>
  <item name="android.app.job.JobScheduler int scheduleAsPackage(android.app.job.JobInfo, java.lang.String, int, java.lang.String)">
    <annotation name="androidx.annotation.RequiresPermission">
      <val name="value" val="&quot;android.permission.UPDATE_DEVICE_STATS&quot;" />
    </annotation>
    <annotation name="androidx.annotation.IntDef">
      <val name="value" val="{android.app.job.JobScheduler.RESULT_FAILURE, android.app.job.JobScheduler.RESULT_SUCCESS}" />
    </annotation>
  </item>
</root>

