<?xml version="1.0" encoding="UTF-8"?>
<root>
  <item name="android.service.credentials.CredentialProviderException CredentialProviderException(int) 0">
    <annotation name="androidx.annotation.IntDef">
      <val name="value" val="{android.service.credentials.CredentialProviderException.ERROR_UNKNOWN}" />
    </annotation>
  </item>
  <item name="android.service.credentials.CredentialProviderException CredentialProviderException(int, java.lang.String) 0">
    <annotation name="androidx.annotation.IntDef">
      <val name="value" val="{android.service.credentials.CredentialProviderException.ERROR_UNKNOWN}" />
    </annotation>
  </item>
  <item name="android.service.credentials.CredentialProviderException CredentialProviderException(int, java.lang.String, java.lang.Throwable) 0">
    <annotation name="androidx.annotation.IntDef">
      <val name="value" val="{android.service.credentials.CredentialProviderException.ERROR_UNKNOWN}" />
    </annotation>
  </item>
  <item name="android.service.credentials.CredentialProviderException CredentialProviderException(int, java.lang.Throwable) 0">
    <annotation name="androidx.annotation.IntDef">
      <val name="value" val="{android.service.credentials.CredentialProviderException.ERROR_UNKNOWN}" />
    </annotation>
  </item>
  <item name="android.service.credentials.CredentialProviderException int getErrorCode()">
    <annotation name="androidx.annotation.IntDef">
      <val name="value" val="{android.service.credentials.CredentialProviderException.ERROR_UNKNOWN}" />
    </annotation>
  </item>
  <item name="android.service.credentials.CredentialProviderService void onCreate()">
    <annotation name="androidx.annotation.CallSuper"/>
  </item>
</root>

