<?xml version="1.0" encoding="UTF-8"?>
<root>
  <item name="android.adservices.common.AdServicesCommonManager void enableAdServices(android.adservices.common.AdServicesStates, java.util.concurrent.Executor, android.adservices.common.AdServicesOutcomeReceiver&lt;java.lang.Boolean,java.lang.Exception&gt;)">
    <annotation name="androidx.annotation.RequiresPermission">
      <val name="anyOf" val="{&quot;android.permission.MODIFY_ADSERVICES_STATE&quot;, &quot;android.permission.MODIFY_ADSERVICES_STATE_COMPAT&quot;}" />
    </annotation>
  </item>
  <item name="android.adservices.common.AdServicesCommonManager void enableAdServices(android.adservices.common.AdServicesStates, java.util.concurrent.Executor, android.os.OutcomeReceiver&lt;java.lang.Boolean,java.lang.Exception&gt;)">
    <annotation name="androidx.annotation.RequiresPermission">
      <val name="anyOf" val="{&quot;android.permission.MODIFY_ADSERVICES_STATE&quot;, &quot;android.permission.MODIFY_ADSERVICES_STATE_COMPAT&quot;}" />
    </annotation>
  </item>
  <item name="android.adservices.common.AdServicesCommonManager void getAdservicesCommonStates(java.util.concurrent.Executor, android.adservices.common.AdServicesOutcomeReceiver&lt;android.adservices.common.AdServicesCommonStatesResponse,java.lang.Exception&gt;)">
    <annotation name="androidx.annotation.RequiresPermission">
      <val name="anyOf" val="{&quot;android.permission.ACCESS_ADSERVICES_STATE&quot;, &quot;android.permission.ACCESS_ADSERVICES_STATE_COMPAT&quot;}" />
    </annotation>
  </item>
  <item name="android.adservices.common.AdServicesCommonManager void isAdServicesEnabled(java.util.concurrent.Executor, android.adservices.common.AdServicesOutcomeReceiver&lt;java.lang.Boolean,java.lang.Exception&gt;)">
    <annotation name="androidx.annotation.RequiresPermission">
      <val name="anyOf" val="{&quot;android.permission.ACCESS_ADSERVICES_STATE&quot;, &quot;android.permission.ACCESS_ADSERVICES_STATE_COMPAT&quot;}" />
    </annotation>
  </item>
  <item name="android.adservices.common.AdServicesCommonManager void isAdServicesEnabled(java.util.concurrent.Executor, android.os.OutcomeReceiver&lt;java.lang.Boolean,java.lang.Exception&gt;)">
    <annotation name="androidx.annotation.RequiresPermission">
      <val name="anyOf" val="{&quot;android.permission.ACCESS_ADSERVICES_STATE&quot;, &quot;android.permission.ACCESS_ADSERVICES_STATE_COMPAT&quot;}" />
    </annotation>
  </item>
  <item name="android.adservices.common.AdServicesCommonManager void setAdServicesEnabled(boolean, boolean)">
    <annotation name="androidx.annotation.RequiresPermission">
      <val name="anyOf" val="{&quot;android.permission.MODIFY_ADSERVICES_STATE&quot;, &quot;android.permission.MODIFY_ADSERVICES_STATE_COMPAT&quot;}" />
    </annotation>
  </item>
  <item name="android.adservices.common.AdServicesCommonManager void setAdServicesModuleOverrides(java.util.List&lt;android.adservices.common.AdServicesModuleState&gt;, android.adservices.common.NotificationTypeParams, java.util.concurrent.Executor, android.adservices.common.AdServicesOutcomeReceiver&lt;android.adservices.common.AdServicesCommonResponse,java.lang.Exception&gt;)">
    <annotation name="androidx.annotation.RequiresPermission">
      <val name="anyOf" val="{&quot;android.permission.MODIFY_ADSERVICES_STATE&quot;, &quot;android.permission.MODIFY_ADSERVICES_STATE_COMPAT&quot;}" />
    </annotation>
  </item>
  <item name="android.adservices.common.AdServicesCommonManager void setAdServicesModuleUserChoices(java.util.List&lt;android.adservices.common.AdServicesModuleUserChoice&gt;, java.util.concurrent.Executor, android.adservices.common.AdServicesOutcomeReceiver&lt;android.adservices.common.AdServicesCommonResponse,java.lang.Exception&gt;)">
    <annotation name="androidx.annotation.RequiresPermission">
      <val name="anyOf" val="{&quot;android.permission.MODIFY_ADSERVICES_STATE&quot;, &quot;android.permission.MODIFY_ADSERVICES_STATE_COMPAT&quot;}" />
    </annotation>
  </item>
  <item name="android.adservices.common.AdServicesCommonManager void updateAdId(android.adservices.common.UpdateAdIdRequest, java.util.concurrent.Executor, android.adservices.common.AdServicesOutcomeReceiver&lt;java.lang.Boolean,java.lang.Exception&gt;)">
    <annotation name="androidx.annotation.RequiresPermission">
      <val name="anyOf" val="{&quot;android.permission.UPDATE_PRIVILEGED_AD_ID&quot;, &quot;android.permission.UPDATE_PRIVILEGED_AD_ID_COMPAT&quot;}" />
    </annotation>
  </item>
  <item name="android.adservices.common.AdServicesCommonManager void updateAdId(android.adservices.common.UpdateAdIdRequest, java.util.concurrent.Executor, android.os.OutcomeReceiver&lt;java.lang.Boolean,java.lang.Exception&gt;)">
    <annotation name="androidx.annotation.RequiresPermission">
      <val name="anyOf" val="{&quot;android.permission.UPDATE_PRIVILEGED_AD_ID&quot;, &quot;android.permission.UPDATE_PRIVILEGED_AD_ID_COMPAT&quot;}" />
    </annotation>
  </item>
  <item name="android.adservices.common.AdServicesCommonStates int getMeasurementState()">
    <annotation name="androidx.annotation.IntDef">
    </annotation>
  </item>
  <item name="android.adservices.common.AdServicesCommonStates int getPaState()">
    <annotation name="androidx.annotation.IntDef">
    </annotation>
  </item>
  <item name="android.adservices.common.AdServicesModuleState int getModule()">
    <annotation name="androidx.annotation.IntDef">
      <val name="value" val="{android.adservices.common.Module.UNKNOWN, android.adservices.common.Module.MEASUREMENT, android.adservices.common.Module.PROTECTED_AUDIENCE, android.adservices.common.Module.PROTECTED_APP_SIGNALS, android.adservices.common.Module.TOPICS, android.adservices.common.Module.ON_DEVICE_PERSONALIZATION, android.adservices.common.Module.ADID}" />
    </annotation>
  </item>
  <item name="android.adservices.common.AdServicesModuleState int getModuleState()">
    <annotation name="androidx.annotation.IntDef">
      <val name="value" val="{android.adservices.common.AdServicesModuleState.MODULE_STATE_UNKNOWN, android.adservices.common.AdServicesModuleState.MODULE_STATE_ENABLED, android.adservices.common.AdServicesModuleState.MODULE_STATE_DISABLED}" />
    </annotation>
  </item>
  <item name="android.adservices.common.AdServicesModuleState.Builder android.adservices.common.AdServicesModuleState.Builder setModule(int) 0">
    <annotation name="androidx.annotation.IntDef">
      <val name="value" val="{android.adservices.common.Module.UNKNOWN, android.adservices.common.Module.MEASUREMENT, android.adservices.common.Module.PROTECTED_AUDIENCE, android.adservices.common.Module.PROTECTED_APP_SIGNALS, android.adservices.common.Module.TOPICS, android.adservices.common.Module.ON_DEVICE_PERSONALIZATION, android.adservices.common.Module.ADID}" />
    </annotation>
  </item>
  <item name="android.adservices.common.AdServicesModuleState.Builder android.adservices.common.AdServicesModuleState.Builder setModuleState(int) 0">
    <annotation name="androidx.annotation.IntDef">
      <val name="value" val="{android.adservices.common.AdServicesModuleState.MODULE_STATE_UNKNOWN, android.adservices.common.AdServicesModuleState.MODULE_STATE_ENABLED, android.adservices.common.AdServicesModuleState.MODULE_STATE_DISABLED}" />
    </annotation>
  </item>
  <item name="android.adservices.common.AdServicesModuleUserChoice int getModule()">
    <annotation name="androidx.annotation.IntDef">
      <val name="value" val="{android.adservices.common.Module.UNKNOWN, android.adservices.common.Module.MEASUREMENT, android.adservices.common.Module.PROTECTED_AUDIENCE, android.adservices.common.Module.PROTECTED_APP_SIGNALS, android.adservices.common.Module.TOPICS, android.adservices.common.Module.ON_DEVICE_PERSONALIZATION, android.adservices.common.Module.ADID}" />
    </annotation>
  </item>
  <item name="android.adservices.common.AdServicesModuleUserChoice int getUserChoice()">
    <annotation name="androidx.annotation.IntDef">
      <val name="value" val="{android.adservices.common.AdServicesModuleUserChoice.USER_CHOICE_UNKNOWN, android.adservices.common.AdServicesModuleUserChoice.USER_CHOICE_OPTED_IN, android.adservices.common.AdServicesModuleUserChoice.USER_CHOICE_OPTED_OUT}" />
    </annotation>
  </item>
  <item name="android.adservices.common.AdServicesModuleUserChoice.Builder android.adservices.common.AdServicesModuleUserChoice.Builder setModule(int) 0">
    <annotation name="androidx.annotation.IntDef">
      <val name="value" val="{android.adservices.common.Module.UNKNOWN, android.adservices.common.Module.MEASUREMENT, android.adservices.common.Module.PROTECTED_AUDIENCE, android.adservices.common.Module.PROTECTED_APP_SIGNALS, android.adservices.common.Module.TOPICS, android.adservices.common.Module.ON_DEVICE_PERSONALIZATION, android.adservices.common.Module.ADID}" />
    </annotation>
  </item>
  <item name="android.adservices.common.AdServicesModuleUserChoice.Builder android.adservices.common.AdServicesModuleUserChoice.Builder setUserChoice(int) 0">
    <annotation name="androidx.annotation.IntDef">
      <val name="value" val="{android.adservices.common.AdServicesModuleUserChoice.USER_CHOICE_UNKNOWN, android.adservices.common.AdServicesModuleUserChoice.USER_CHOICE_OPTED_IN, android.adservices.common.AdServicesModuleUserChoice.USER_CHOICE_OPTED_OUT}" />
    </annotation>
  </item>
  <item name="android.adservices.common.NotificationTypeParams.Builder android.adservices.common.NotificationTypeParams.Builder setNotificationType(int) 0">
    <annotation name="androidx.annotation.IntDef">
      <val name="value" val="{android.adservices.common.NotificationTypeParams.NOTIFICATION_NONE, android.adservices.common.NotificationTypeParams.NOTIFICATION_ONGOING, android.adservices.common.NotificationTypeParams.NOTIFICATION_REGULAR}" />
    </annotation>
  </item>
</root>

