<?xml version="1.0" encoding="UTF-8"?>
<root>
  <item name="android.adservices.common.AdServicesCommonManager void enableAdServices(android.adservices.common.AdServicesStates, java.util.concurrent.Executor, android.adservices.common.AdServicesOutcomeReceiver&lt;java.lang.Boolean,java.lang.Exception&gt;)">
    <annotation name="androidx.annotation.RequiresPermission">
      <val name="anyOf" val="{&quot;android.permission.MODIFY_ADSERVICES_STATE&quot;, &quot;android.permission.MODIFY_ADSERVICES_STATE_COMPAT&quot;}" />
    </annotation>
  </item>
  <item name="android.adservices.common.AdServicesCommonManager void enableAdServices(android.adservices.common.AdServicesStates, java.util.concurrent.Executor, android.os.OutcomeReceiver&lt;java.lang.Boolean,java.lang.Exception&gt;)">
    <annotation name="androidx.annotation.RequiresPermission">
      <val name="anyOf" val="{&quot;android.permission.MODIFY_ADSERVICES_STATE&quot;, &quot;android.permission.MODIFY_ADSERVICES_STATE_COMPAT&quot;}" />
    </annotation>
  </item>
  <item name="android.adservices.common.AdServicesCommonManager void getAdservicesCommonStates(java.util.concurrent.Executor, android.adservices.common.AdServicesOutcomeReceiver&lt;android.adservices.common.AdServicesCommonStatesResponse,java.lang.Exception&gt;)">
    <annotation name="androidx.annotation.RequiresPermission">
      <val name="anyOf" val="{&quot;android.permission.ACCESS_ADSERVICES_STATE&quot;, &quot;android.permission.ACCESS_ADSERVICES_STATE_COMPAT&quot;}" />
    </annotation>
  </item>
  <item name="android.adservices.common.AdServicesCommonManager void isAdServicesEnabled(java.util.concurrent.Executor, android.adservices.common.AdServicesOutcomeReceiver&lt;java.lang.Boolean,java.lang.Exception&gt;)">
    <annotation name="androidx.annotation.RequiresPermission">
      <val name="anyOf" val="{&quot;android.permission.ACCESS_ADSERVICES_STATE&quot;, &quot;android.permission.ACCESS_ADSERVICES_STATE_COMPAT&quot;}" />
    </annotation>
  </item>
  <item name="android.adservices.common.AdServicesCommonManager void isAdServicesEnabled(java.util.concurrent.Executor, android.os.OutcomeReceiver&lt;java.lang.Boolean,java.lang.Exception&gt;)">
    <annotation name="androidx.annotation.RequiresPermission">
      <val name="anyOf" val="{&quot;android.permission.ACCESS_ADSERVICES_STATE&quot;, &quot;android.permission.ACCESS_ADSERVICES_STATE_COMPAT&quot;}" />
    </annotation>
  </item>
  <item name="android.adservices.common.AdServicesCommonManager void setAdServicesEnabled(boolean, boolean)">
    <annotation name="androidx.annotation.RequiresPermission">
      <val name="anyOf" val="{&quot;android.permission.MODIFY_ADSERVICES_STATE&quot;, &quot;android.permission.MODIFY_ADSERVICES_STATE_COMPAT&quot;}" />
    </annotation>
  </item>
  <item name="android.adservices.common.AdServicesCommonManager void updateAdId(android.adservices.common.UpdateAdIdRequest, java.util.concurrent.Executor, android.adservices.common.AdServicesOutcomeReceiver&lt;java.lang.Boolean,java.lang.Exception&gt;)">
    <annotation name="androidx.annotation.RequiresPermission">
      <val name="anyOf" val="{&quot;android.permission.UPDATE_PRIVILEGED_AD_ID&quot;, &quot;android.permission.UPDATE_PRIVILEGED_AD_ID_COMPAT&quot;}" />
    </annotation>
  </item>
  <item name="android.adservices.common.AdServicesCommonManager void updateAdId(android.adservices.common.UpdateAdIdRequest, java.util.concurrent.Executor, android.os.OutcomeReceiver&lt;java.lang.Boolean,java.lang.Exception&gt;)">
    <annotation name="androidx.annotation.RequiresPermission">
      <val name="anyOf" val="{&quot;android.permission.UPDATE_PRIVILEGED_AD_ID&quot;, &quot;android.permission.UPDATE_PRIVILEGED_AD_ID_COMPAT&quot;}" />
    </annotation>
  </item>
  <item name="android.adservices.common.AdServicesCommonStates int getMeasurementState()">
    <annotation name="androidx.annotation.IntDef">
    </annotation>
  </item>
  <item name="android.adservices.common.AdServicesCommonStates int getPaState()">
    <annotation name="androidx.annotation.IntDef">
    </annotation>
  </item>
</root>

