<?xml version="1.0" encoding="UTF-8"?>
<root>
  <item name="android.app.appsearch.AppSearchResult int getResultCode()">
    <annotation name="androidx.annotation.IntDef">
      <val name="value" val="{android.app.appsearch.AppSearchResult.RESULT_OK, android.app.appsearch.AppSearchResult.RESULT_UNKNOWN_ERROR, android.app.appsearch.AppSearchResult.RESULT_INTERNAL_ERROR, android.app.appsearch.AppSearchResult.RESULT_INVALID_ARGUMENT, android.app.appsearch.AppSearchResult.RESULT_IO_ERROR, android.app.appsearch.AppSearchResult.RESULT_OUT_OF_SPACE, android.app.appsearch.AppSearchResult.RESULT_NOT_FOUND, android.app.appsearch.AppSearchResult.RESULT_INVALID_SCHEMA}" />
    </annotation>
  </item>
  <item name="android.app.appsearch.AppSearchSchema.PropertyConfig int getCardinality()">
    <annotation name="androidx.annotation.IntDef">
      <val name="value" val="{android.app.appsearch.AppSearchSchema.PropertyConfig.CARDINALITY_REPEATED, android.app.appsearch.AppSearchSchema.PropertyConfig.CARDINALITY_OPTIONAL, android.app.appsearch.AppSearchSchema.PropertyConfig.CARDINALITY_REQUIRED}" />
    </annotation>
  </item>
  <item name="android.app.appsearch.AppSearchSchema.PropertyConfig int getDataType()">
    <annotation name="androidx.annotation.IntDef">
      <val name="value" val="{android.app.appsearch.AppSearchSchema.PropertyConfig.DATA_TYPE_STRING, android.app.appsearch.AppSearchSchema.PropertyConfig.DATA_TYPE_INT64, android.app.appsearch.AppSearchSchema.PropertyConfig.DATA_TYPE_DOUBLE, android.app.appsearch.AppSearchSchema.PropertyConfig.DATA_TYPE_BOOLEAN, android.app.appsearch.AppSearchSchema.PropertyConfig.DATA_TYPE_BYTES, android.app.appsearch.AppSearchSchema.PropertyConfig.DATA_TYPE_DOCUMENT}" />
    </annotation>
  </item>
  <item name="android.app.appsearch.AppSearchSchema.PropertyConfig int getIndexingType()">
    <annotation name="androidx.annotation.IntDef">
      <val name="value" val="{android.app.appsearch.AppSearchSchema.PropertyConfig.INDEXING_TYPE_NONE, android.app.appsearch.AppSearchSchema.PropertyConfig.INDEXING_TYPE_EXACT_TERMS, android.app.appsearch.AppSearchSchema.PropertyConfig.INDEXING_TYPE_PREFIXES}" />
    </annotation>
  </item>
  <item name="android.app.appsearch.AppSearchSchema.PropertyConfig int getTokenizerType()">
    <annotation name="androidx.annotation.IntDef">
      <val name="value" val="{android.app.appsearch.AppSearchSchema.PropertyConfig.TOKENIZER_TYPE_NONE, android.app.appsearch.AppSearchSchema.PropertyConfig.TOKENIZER_TYPE_PLAIN}" />
    </annotation>
  </item>
  <item name="android.app.appsearch.AppSearchSchema.PropertyConfig.Builder android.app.appsearch.AppSearchSchema.PropertyConfig.Builder setCardinality(int) 0">
    <annotation name="androidx.annotation.IntDef">
      <val name="value" val="{android.app.appsearch.AppSearchSchema.PropertyConfig.CARDINALITY_REPEATED, android.app.appsearch.AppSearchSchema.PropertyConfig.CARDINALITY_OPTIONAL, android.app.appsearch.AppSearchSchema.PropertyConfig.CARDINALITY_REQUIRED}" />
    </annotation>
  </item>
  <item name="android.app.appsearch.AppSearchSchema.PropertyConfig.Builder android.app.appsearch.AppSearchSchema.PropertyConfig.Builder setDataType(int) 0">
    <annotation name="androidx.annotation.IntDef">
      <val name="value" val="{android.app.appsearch.AppSearchSchema.PropertyConfig.DATA_TYPE_STRING, android.app.appsearch.AppSearchSchema.PropertyConfig.DATA_TYPE_INT64, android.app.appsearch.AppSearchSchema.PropertyConfig.DATA_TYPE_DOUBLE, android.app.appsearch.AppSearchSchema.PropertyConfig.DATA_TYPE_BOOLEAN, android.app.appsearch.AppSearchSchema.PropertyConfig.DATA_TYPE_BYTES, android.app.appsearch.AppSearchSchema.PropertyConfig.DATA_TYPE_DOCUMENT}" />
    </annotation>
  </item>
  <item name="android.app.appsearch.AppSearchSchema.PropertyConfig.Builder android.app.appsearch.AppSearchSchema.PropertyConfig.Builder setIndexingType(int) 0">
    <annotation name="androidx.annotation.IntDef">
      <val name="value" val="{android.app.appsearch.AppSearchSchema.PropertyConfig.INDEXING_TYPE_NONE, android.app.appsearch.AppSearchSchema.PropertyConfig.INDEXING_TYPE_EXACT_TERMS, android.app.appsearch.AppSearchSchema.PropertyConfig.INDEXING_TYPE_PREFIXES}" />
    </annotation>
  </item>
  <item name="android.app.appsearch.AppSearchSchema.PropertyConfig.Builder android.app.appsearch.AppSearchSchema.PropertyConfig.Builder setTokenizerType(int) 0">
    <annotation name="androidx.annotation.IntDef">
      <val name="value" val="{android.app.appsearch.AppSearchSchema.PropertyConfig.TOKENIZER_TYPE_NONE, android.app.appsearch.AppSearchSchema.PropertyConfig.TOKENIZER_TYPE_PLAIN}" />
    </annotation>
  </item>
  <item name="android.app.appsearch.GenericDocument.Builder BuilderType setScore(int) 0">
    <annotation name="androidx.annotation.IntRange">
      <val name="from" val="0" />
      <val name="to" val="2147483647" />
    </annotation>
  </item>
  <item name="android.app.appsearch.SearchSpec int getOrder()">
    <annotation name="androidx.annotation.IntDef">
      <val name="value" val="{android.app.appsearch.SearchSpec.ORDER_DESCENDING, android.app.appsearch.SearchSpec.ORDER_ASCENDING}" />
    </annotation>
  </item>
  <item name="android.app.appsearch.SearchSpec int getRankingStrategy()">
    <annotation name="androidx.annotation.IntDef">
      <val name="value" val="{android.app.appsearch.SearchSpec.RANKING_STRATEGY_NONE, android.app.appsearch.SearchSpec.RANKING_STRATEGY_DOCUMENT_SCORE, android.app.appsearch.SearchSpec.RANKING_STRATEGY_CREATION_TIMESTAMP}" />
    </annotation>
  </item>
  <item name="android.app.appsearch.SearchSpec int getTermMatch()">
    <annotation name="androidx.annotation.IntDef">
      <val name="value" val="{android.app.appsearch.SearchSpec.TERM_MATCH_EXACT_ONLY, android.app.appsearch.SearchSpec.TERM_MATCH_PREFIX}" />
    </annotation>
  </item>
  <item name="android.app.appsearch.SearchSpec.Builder android.app.appsearch.SearchSpec.Builder setMaxSnippetSize(int) 0">
    <annotation name="androidx.annotation.IntRange">
      <val name="from" val="0" />
      <val name="to" val="10000" />
    </annotation>
  </item>
  <item name="android.app.appsearch.SearchSpec.Builder android.app.appsearch.SearchSpec.Builder setOrder(int) 0">
    <annotation name="androidx.annotation.IntDef">
      <val name="value" val="{android.app.appsearch.SearchSpec.ORDER_DESCENDING, android.app.appsearch.SearchSpec.ORDER_ASCENDING}" />
    </annotation>
  </item>
  <item name="android.app.appsearch.SearchSpec.Builder android.app.appsearch.SearchSpec.Builder setRankingStrategy(int) 0">
    <annotation name="androidx.annotation.IntDef">
      <val name="value" val="{android.app.appsearch.SearchSpec.RANKING_STRATEGY_NONE, android.app.appsearch.SearchSpec.RANKING_STRATEGY_DOCUMENT_SCORE, android.app.appsearch.SearchSpec.RANKING_STRATEGY_CREATION_TIMESTAMP}" />
    </annotation>
  </item>
  <item name="android.app.appsearch.SearchSpec.Builder android.app.appsearch.SearchSpec.Builder setResultCountPerPage(int) 0">
    <annotation name="androidx.annotation.IntRange">
      <val name="from" val="0" />
      <val name="to" val="10000" />
    </annotation>
  </item>
  <item name="android.app.appsearch.SearchSpec.Builder android.app.appsearch.SearchSpec.Builder setSnippetCount(int) 0">
    <annotation name="androidx.annotation.IntRange">
      <val name="from" val="0" />
      <val name="to" val="10000" />
    </annotation>
  </item>
  <item name="android.app.appsearch.SearchSpec.Builder android.app.appsearch.SearchSpec.Builder setSnippetCountPerProperty(int) 0">
    <annotation name="androidx.annotation.IntRange">
      <val name="from" val="0" />
      <val name="to" val="10000" />
    </annotation>
  </item>
  <item name="android.app.appsearch.SearchSpec.Builder android.app.appsearch.SearchSpec.Builder setTermMatch(int) 0">
    <annotation name="androidx.annotation.IntDef">
      <val name="value" val="{android.app.appsearch.SearchSpec.TERM_MATCH_EXACT_ONLY, android.app.appsearch.SearchSpec.TERM_MATCH_PREFIX}" />
    </annotation>
  </item>
</root>

