<?xml version="1.0" encoding="UTF-8"?>
<root>
  <item name="android.media.tv.AdRequest AdRequest(int, int, android.os.ParcelFileDescriptor, long, long, long, java.lang.String, android.os.Bundle) 1">
    <annotation name="androidx.annotation.IntDef">
      <val name="value" val="{android.media.tv.AdRequest.REQUEST_TYPE_START, android.media.tv.AdRequest.REQUEST_TYPE_STOP}" />
    </annotation>
  </item>
  <item name="android.media.tv.AdRequest int getRequestType()">
    <annotation name="androidx.annotation.IntDef">
      <val name="value" val="{android.media.tv.AdRequest.REQUEST_TYPE_START, android.media.tv.AdRequest.REQUEST_TYPE_STOP}" />
    </annotation>
  </item>
  <item name="android.media.tv.AdResponse AdResponse(int, int, long) 1">
    <annotation name="androidx.annotation.IntDef">
      <val name="value" val="{android.media.tv.AdResponse.RESPONSE_TYPE_PLAYING, android.media.tv.AdResponse.RESPONSE_TYPE_FINISHED, android.media.tv.AdResponse.RESPONSE_TYPE_STOPPED, android.media.tv.AdResponse.RESPONSE_TYPE_ERROR}" />
    </annotation>
  </item>
  <item name="android.media.tv.AdResponse int getResponseType()">
    <annotation name="androidx.annotation.IntDef">
      <val name="value" val="{android.media.tv.AdResponse.RESPONSE_TYPE_PLAYING, android.media.tv.AdResponse.RESPONSE_TYPE_FINISHED, android.media.tv.AdResponse.RESPONSE_TYPE_STOPPED, android.media.tv.AdResponse.RESPONSE_TYPE_ERROR}" />
    </annotation>
  </item>
  <item name="android.media.tv.AitInfo AitInfo(int, int) 0">
    <annotation name="androidx.annotation.IntDef">
      <val name="value" val="{android.media.tv.interactive.TvInteractiveAppServiceInfo.INTERACTIVE_APP_TYPE_HBBTV, android.media.tv.interactive.TvInteractiveAppServiceInfo.INTERACTIVE_APP_TYPE_ATSC, android.media.tv.interactive.TvInteractiveAppServiceInfo.INTERACTIVE_APP_TYPE_GINGA}" />
    </annotation>
  </item>
  <item name="android.media.tv.AitInfo int getType()">
    <annotation name="androidx.annotation.IntDef">
      <val name="value" val="{android.media.tv.interactive.TvInteractiveAppServiceInfo.INTERACTIVE_APP_TYPE_HBBTV, android.media.tv.interactive.TvInteractiveAppServiceInfo.INTERACTIVE_APP_TYPE_ATSC, android.media.tv.interactive.TvInteractiveAppServiceInfo.INTERACTIVE_APP_TYPE_GINGA}" />
    </annotation>
  </item>
  <item name="android.media.tv.BroadcastInfoRequest int getOption()">
    <annotation name="androidx.annotation.IntDef">
      <val name="value" val="{android.media.tv.BroadcastInfoRequest.REQUEST_OPTION_REPEAT, android.media.tv.BroadcastInfoRequest.REQUEST_OPTION_AUTO_UPDATE}" />
    </annotation>
  </item>
  <item name="android.media.tv.BroadcastInfoRequest int getType()">
    <annotation name="androidx.annotation.IntDef">
      <val name="value" val="{android.media.tv.TvInputManager.BROADCAST_INFO_TYPE_TS, android.media.tv.TvInputManager.BROADCAST_INFO_TYPE_TABLE, android.media.tv.TvInputManager.BROADCAST_INFO_TYPE_SECTION, android.media.tv.TvInputManager.BROADCAST_INFO_TYPE_PES, android.media.tv.TvInputManager.BROADCAST_INFO_STREAM_EVENT, android.media.tv.TvInputManager.BROADCAST_INFO_TYPE_DSMCC, android.media.tv.TvInputManager.BROADCAST_INFO_TYPE_COMMAND, android.media.tv.TvInputManager.BROADCAST_INFO_TYPE_TIMELINE}" />
    </annotation>
  </item>
  <item name="android.media.tv.BroadcastInfoResponse int getResponseResult()">
    <annotation name="androidx.annotation.IntDef">
      <val name="value" val="{android.media.tv.BroadcastInfoResponse.RESPONSE_RESULT_ERROR, android.media.tv.BroadcastInfoResponse.RESPONSE_RESULT_OK, android.media.tv.BroadcastInfoResponse.RESPONSE_RESULT_CANCEL}" />
    </annotation>
  </item>
  <item name="android.media.tv.BroadcastInfoResponse int getType()">
    <annotation name="androidx.annotation.IntDef">
      <val name="value" val="{android.media.tv.TvInputManager.BROADCAST_INFO_TYPE_TS, android.media.tv.TvInputManager.BROADCAST_INFO_TYPE_TABLE, android.media.tv.TvInputManager.BROADCAST_INFO_TYPE_SECTION, android.media.tv.TvInputManager.BROADCAST_INFO_TYPE_PES, android.media.tv.TvInputManager.BROADCAST_INFO_STREAM_EVENT, android.media.tv.TvInputManager.BROADCAST_INFO_TYPE_DSMCC, android.media.tv.TvInputManager.BROADCAST_INFO_TYPE_COMMAND, android.media.tv.TvInputManager.BROADCAST_INFO_TYPE_TIMELINE}" />
    </annotation>
  </item>
  <item name="android.media.tv.CommandRequest CommandRequest(int, int, java.lang.String, java.lang.String, java.lang.String, java.lang.String) 1">
    <annotation name="androidx.annotation.IntDef">
      <val name="value" val="{android.media.tv.BroadcastInfoRequest.REQUEST_OPTION_REPEAT, android.media.tv.BroadcastInfoRequest.REQUEST_OPTION_AUTO_UPDATE}" />
    </annotation>
  </item>
  <item name="android.media.tv.CommandResponse CommandResponse(int, int, int, java.lang.String, java.lang.String) 2">
    <annotation name="androidx.annotation.IntDef">
      <val name="value" val="{android.media.tv.BroadcastInfoResponse.RESPONSE_RESULT_ERROR, android.media.tv.BroadcastInfoResponse.RESPONSE_RESULT_OK, android.media.tv.BroadcastInfoResponse.RESPONSE_RESULT_CANCEL}" />
    </annotation>
  </item>
  <item name="android.media.tv.DsmccRequest DsmccRequest(int, int, android.net.Uri) 1">
    <annotation name="androidx.annotation.IntDef">
      <val name="value" val="{android.media.tv.BroadcastInfoRequest.REQUEST_OPTION_REPEAT, android.media.tv.BroadcastInfoRequest.REQUEST_OPTION_AUTO_UPDATE}" />
    </annotation>
  </item>
  <item name="android.media.tv.DsmccResponse DsmccResponse(int, int, int, android.os.ParcelFileDescriptor) 2">
    <annotation name="androidx.annotation.IntDef">
      <val name="value" val="{android.media.tv.BroadcastInfoResponse.RESPONSE_RESULT_ERROR, android.media.tv.BroadcastInfoResponse.RESPONSE_RESULT_OK, android.media.tv.BroadcastInfoResponse.RESPONSE_RESULT_CANCEL}" />
    </annotation>
  </item>
  <item name="android.media.tv.DsmccResponse DsmccResponse(int, int, int, boolean, java.util.List&lt;java.lang.String&gt;) 2">
    <annotation name="androidx.annotation.IntDef">
      <val name="value" val="{android.media.tv.BroadcastInfoResponse.RESPONSE_RESULT_ERROR, android.media.tv.BroadcastInfoResponse.RESPONSE_RESULT_OK, android.media.tv.BroadcastInfoResponse.RESPONSE_RESULT_CANCEL}" />
    </annotation>
  </item>
  <item name="android.media.tv.DsmccResponse DsmccResponse(int, int, int, int[], java.lang.String[]) 2">
    <annotation name="androidx.annotation.IntDef">
      <val name="value" val="{android.media.tv.BroadcastInfoResponse.RESPONSE_RESULT_ERROR, android.media.tv.BroadcastInfoResponse.RESPONSE_RESULT_OK, android.media.tv.BroadcastInfoResponse.RESPONSE_RESULT_CANCEL}" />
    </annotation>
  </item>
  <item name="android.media.tv.DsmccResponse java.lang.String getBiopMessageType()">
    <annotation name="androidx.annotation.StringDef">
      <val name="value" val="{android.media.tv.DsmccResponse.BIOP_MESSAGE_TYPE_DIRECTORY, android.media.tv.DsmccResponse.BIOP_MESSAGE_TYPE_FILE, android.media.tv.DsmccResponse.BIOP_MESSAGE_TYPE_STREAM, android.media.tv.DsmccResponse.BIOP_MESSAGE_TYPE_SERVICE_GATEWAY}" />
    </annotation>
  </item>
  <item name="android.media.tv.PesRequest PesRequest(int, int, int, int) 1">
    <annotation name="androidx.annotation.IntDef">
      <val name="value" val="{android.media.tv.BroadcastInfoRequest.REQUEST_OPTION_REPEAT, android.media.tv.BroadcastInfoRequest.REQUEST_OPTION_AUTO_UPDATE}" />
    </annotation>
  </item>
  <item name="android.media.tv.PesResponse PesResponse(int, int, int, java.lang.String) 2">
    <annotation name="androidx.annotation.IntDef">
      <val name="value" val="{android.media.tv.BroadcastInfoResponse.RESPONSE_RESULT_ERROR, android.media.tv.BroadcastInfoResponse.RESPONSE_RESULT_OK, android.media.tv.BroadcastInfoResponse.RESPONSE_RESULT_CANCEL}" />
    </annotation>
  </item>
  <item name="android.media.tv.SectionRequest SectionRequest(int, int, int, int, int) 1">
    <annotation name="androidx.annotation.IntDef">
      <val name="value" val="{android.media.tv.BroadcastInfoRequest.REQUEST_OPTION_REPEAT, android.media.tv.BroadcastInfoRequest.REQUEST_OPTION_AUTO_UPDATE}" />
    </annotation>
  </item>
  <item name="android.media.tv.SectionResponse SectionResponse(int, int, int, int, int, android.os.Bundle) 2">
    <annotation name="androidx.annotation.IntDef">
      <val name="value" val="{android.media.tv.BroadcastInfoResponse.RESPONSE_RESULT_ERROR, android.media.tv.BroadcastInfoResponse.RESPONSE_RESULT_OK, android.media.tv.BroadcastInfoResponse.RESPONSE_RESULT_CANCEL}" />
    </annotation>
  </item>
  <item name="android.media.tv.StreamEventRequest StreamEventRequest(int, int, android.net.Uri, java.lang.String) 1">
    <annotation name="androidx.annotation.IntDef">
      <val name="value" val="{android.media.tv.BroadcastInfoRequest.REQUEST_OPTION_REPEAT, android.media.tv.BroadcastInfoRequest.REQUEST_OPTION_AUTO_UPDATE}" />
    </annotation>
  </item>
  <item name="android.media.tv.StreamEventResponse StreamEventResponse(int, int, int, int, long, byte[]) 2">
    <annotation name="androidx.annotation.IntDef">
      <val name="value" val="{android.media.tv.BroadcastInfoResponse.RESPONSE_RESULT_ERROR, android.media.tv.BroadcastInfoResponse.RESPONSE_RESULT_OK, android.media.tv.BroadcastInfoResponse.RESPONSE_RESULT_CANCEL}" />
    </annotation>
  </item>
  <item name="android.media.tv.TableRequest TableRequest(int, int, int, int, int) 1">
    <annotation name="androidx.annotation.IntDef">
      <val name="value" val="{android.media.tv.BroadcastInfoRequest.REQUEST_OPTION_REPEAT, android.media.tv.BroadcastInfoRequest.REQUEST_OPTION_AUTO_UPDATE}" />
    </annotation>
  </item>
  <item name="android.media.tv.TableRequest TableRequest(int, int, int, int, int) 3">
    <annotation name="androidx.annotation.IntDef">
      <val name="value" val="{android.media.tv.TableRequest.TABLE_NAME_PAT, android.media.tv.TableRequest.TABLE_NAME_PMT}" />
    </annotation>
  </item>
  <item name="android.media.tv.TableRequest int getTableName()">
    <annotation name="androidx.annotation.IntDef">
      <val name="value" val="{android.media.tv.TableRequest.TABLE_NAME_PAT, android.media.tv.TableRequest.TABLE_NAME_PMT}" />
    </annotation>
  </item>
  <item name="android.media.tv.TableResponse TableResponse(int, int, int, android.net.Uri, int, int) 2">
    <annotation name="androidx.annotation.IntDef">
      <val name="value" val="{android.media.tv.BroadcastInfoResponse.RESPONSE_RESULT_ERROR, android.media.tv.BroadcastInfoResponse.RESPONSE_RESULT_OK, android.media.tv.BroadcastInfoResponse.RESPONSE_RESULT_CANCEL}" />
    </annotation>
  </item>
  <item name="android.media.tv.TimelineRequest TimelineRequest(int, int, int) 1">
    <annotation name="androidx.annotation.IntDef">
      <val name="value" val="{android.media.tv.BroadcastInfoRequest.REQUEST_OPTION_REPEAT, android.media.tv.BroadcastInfoRequest.REQUEST_OPTION_AUTO_UPDATE}" />
    </annotation>
  </item>
  <item name="android.media.tv.TimelineResponse TimelineResponse(int, int, int, java.lang.String, int, int, long, long) 2">
    <annotation name="androidx.annotation.IntDef">
      <val name="value" val="{android.media.tv.BroadcastInfoResponse.RESPONSE_RESULT_ERROR, android.media.tv.BroadcastInfoResponse.RESPONSE_RESULT_OK, android.media.tv.BroadcastInfoResponse.RESPONSE_RESULT_CANCEL}" />
    </annotation>
  </item>
  <item name="android.media.tv.TsRequest TsRequest(int, int, int) 1">
    <annotation name="androidx.annotation.IntDef">
      <val name="value" val="{android.media.tv.BroadcastInfoRequest.REQUEST_OPTION_REPEAT, android.media.tv.BroadcastInfoRequest.REQUEST_OPTION_AUTO_UPDATE}" />
    </annotation>
  </item>
  <item name="android.media.tv.TsResponse TsResponse(int, int, int, java.lang.String) 2">
    <annotation name="androidx.annotation.IntDef">
      <val name="value" val="{android.media.tv.BroadcastInfoResponse.RESPONSE_RESULT_ERROR, android.media.tv.BroadcastInfoResponse.RESPONSE_RESULT_OK, android.media.tv.BroadcastInfoResponse.RESPONSE_RESULT_CANCEL}" />
    </annotation>
  </item>
  <item name="android.media.tv.TvContract.Channels java.lang.String getVideoResolution(java.lang.String) 0">
    <annotation name="androidx.annotation.StringDef">
      <val name="value" val="{android.media.tv.TvContract.Channels.VIDEO_FORMAT_240P, android.media.tv.TvContract.Channels.VIDEO_FORMAT_360P, android.media.tv.TvContract.Channels.VIDEO_FORMAT_480I, android.media.tv.TvContract.Channels.VIDEO_FORMAT_576I, android.media.tv.TvContract.Channels.VIDEO_FORMAT_576P, android.media.tv.TvContract.Channels.VIDEO_FORMAT_720P, android.media.tv.TvContract.Channels.VIDEO_FORMAT_1080I, android.media.tv.TvContract.Channels.VIDEO_FORMAT_1080P, android.media.tv.TvContract.Channels.VIDEO_FORMAT_2160P, android.media.tv.TvContract.Channels.VIDEO_FORMAT_4320P}" />
    </annotation>
  </item>
  <item name="android.media.tv.TvContract.Programs.Genres java.lang.String encode(java.lang.String...) 0">
    <annotation name="androidx.annotation.StringDef">
      <val name="value" val="{android.media.tv.TvContract.Programs.Genres.FAMILY_KIDS, android.media.tv.TvContract.Programs.Genres.SPORTS, android.media.tv.TvContract.Programs.Genres.SHOPPING, android.media.tv.TvContract.Programs.Genres.MOVIES, android.media.tv.TvContract.Programs.Genres.COMEDY, android.media.tv.TvContract.Programs.Genres.TRAVEL, android.media.tv.TvContract.Programs.Genres.DRAMA, android.media.tv.TvContract.Programs.Genres.EDUCATION, android.media.tv.TvContract.Programs.Genres.ANIMAL_WILDLIFE, android.media.tv.TvContract.Programs.Genres.NEWS, android.media.tv.TvContract.Programs.Genres.GAMING, android.media.tv.TvContract.Programs.Genres.ARTS, android.media.tv.TvContract.Programs.Genres.ENTERTAINMENT, android.media.tv.TvContract.Programs.Genres.LIFE_STYLE, android.media.tv.TvContract.Programs.Genres.MUSIC, android.media.tv.TvContract.Programs.Genres.PREMIER, android.media.tv.TvContract.Programs.Genres.TECH_SCIENCE}" />
    </annotation>
  </item>
  <item name="android.media.tv.TvContract.Programs.Genres java.lang.String[] decode(java.lang.String)">
    <annotation name="androidx.annotation.StringDef">
      <val name="value" val="{android.media.tv.TvContract.Programs.Genres.FAMILY_KIDS, android.media.tv.TvContract.Programs.Genres.SPORTS, android.media.tv.TvContract.Programs.Genres.SHOPPING, android.media.tv.TvContract.Programs.Genres.MOVIES, android.media.tv.TvContract.Programs.Genres.COMEDY, android.media.tv.TvContract.Programs.Genres.TRAVEL, android.media.tv.TvContract.Programs.Genres.DRAMA, android.media.tv.TvContract.Programs.Genres.EDUCATION, android.media.tv.TvContract.Programs.Genres.ANIMAL_WILDLIFE, android.media.tv.TvContract.Programs.Genres.NEWS, android.media.tv.TvContract.Programs.Genres.GAMING, android.media.tv.TvContract.Programs.Genres.ARTS, android.media.tv.TvContract.Programs.Genres.ENTERTAINMENT, android.media.tv.TvContract.Programs.Genres.LIFE_STYLE, android.media.tv.TvContract.Programs.Genres.MUSIC, android.media.tv.TvContract.Programs.Genres.PREMIER, android.media.tv.TvContract.Programs.Genres.TECH_SCIENCE}" />
    </annotation>
  </item>
  <item name="android.media.tv.TvInputInfo int getType()">
    <annotation name="androidx.annotation.IntDef">
      <val name="value" val="{android.media.tv.TvInputInfo.TYPE_TUNER, android.media.tv.TvInputInfo.TYPE_OTHER, android.media.tv.TvInputInfo.TYPE_COMPOSITE, android.media.tv.TvInputInfo.TYPE_SVIDEO, android.media.tv.TvInputInfo.TYPE_SCART, android.media.tv.TvInputInfo.TYPE_COMPONENT, android.media.tv.TvInputInfo.TYPE_VGA, android.media.tv.TvInputInfo.TYPE_DVI, android.media.tv.TvInputInfo.TYPE_HDMI, android.media.tv.TvInputInfo.TYPE_DISPLAY_PORT}" />
    </annotation>
  </item>
  <item name="android.media.tv.TvInputManager int getInputState(java.lang.String)">
    <annotation name="androidx.annotation.IntDef">
      <val name="value" val="{android.media.tv.TvInputManager.INPUT_STATE_CONNECTED, android.media.tv.TvInputManager.INPUT_STATE_CONNECTED_STANDBY, android.media.tv.TvInputManager.INPUT_STATE_DISCONNECTED}" />
    </annotation>
  </item>
  <item name="android.media.tv.TvInputManager.TvInputCallback void onInputStateChanged(java.lang.String, int) 1">
    <annotation name="androidx.annotation.IntDef">
      <val name="value" val="{android.media.tv.TvInputManager.INPUT_STATE_CONNECTED, android.media.tv.TvInputManager.INPUT_STATE_CONNECTED_STANDBY, android.media.tv.TvInputManager.INPUT_STATE_DISCONNECTED}" />
    </annotation>
  </item>
  <item name="android.media.tv.TvInputService.RecordingSession void notifyError(int) 0">
    <annotation name="androidx.annotation.IntDef">
      <val name="value" val="{android.media.tv.TvInputManager.RECORDING_ERROR_UNKNOWN, android.media.tv.TvInputManager.RECORDING_ERROR_INSUFFICIENT_SPACE, android.media.tv.TvInputManager.RECORDING_ERROR_RESOURCE_BUSY}" />
    </annotation>
  </item>
  <item name="android.media.tv.TvInputService.Session void notifySignalStrength(int) 0">
    <annotation name="androidx.annotation.IntDef">
      <val name="value" val="{android.media.tv.TvInputManager.SIGNAL_STRENGTH_LOST, android.media.tv.TvInputManager.SIGNAL_STRENGTH_WEAK, android.media.tv.TvInputManager.SIGNAL_STRENGTH_STRONG}" />
    </annotation>
  </item>
  <item name="android.media.tv.TvInputService.Session void notifyTimeShiftStatusChanged(int) 0">
    <annotation name="androidx.annotation.IntDef">
      <val name="value" val="{android.media.tv.TvInputManager.TIME_SHIFT_STATUS_UNKNOWN, android.media.tv.TvInputManager.TIME_SHIFT_STATUS_UNSUPPORTED, android.media.tv.TvInputManager.TIME_SHIFT_STATUS_UNAVAILABLE, android.media.tv.TvInputManager.TIME_SHIFT_STATUS_AVAILABLE}" />
    </annotation>
  </item>
  <item name="android.media.tv.TvInputService.Session void notifyVideoUnavailable(int) 0">
    <annotation name="androidx.annotation.IntDef">
      <val name="value" val="{android.media.tv.TvInputManager.VIDEO_UNAVAILABLE_REASON_UNKNOWN, android.media.tv.TvInputManager.VIDEO_UNAVAILABLE_REASON_TUNING, android.media.tv.TvInputManager.VIDEO_UNAVAILABLE_REASON_WEAK_SIGNAL, android.media.tv.TvInputManager.VIDEO_UNAVAILABLE_REASON_BUFFERING, android.media.tv.TvInputManager.VIDEO_UNAVAILABLE_REASON_AUDIO_ONLY, android.media.tv.TvInputManager.VIDEO_UNAVAILABLE_REASON_NOT_CONNECTED, android.media.tv.TvInputManager.VIDEO_UNAVAILABLE_REASON_INSUFFICIENT_RESOURCE, android.media.tv.TvInputManager.VIDEO_UNAVAILABLE_REASON_CAS_INSUFFICIENT_OUTPUT_PROTECTION, android.media.tv.TvInputManager.VIDEO_UNAVAILABLE_REASON_CAS_PVR_RECORDING_NOT_ALLOWED, android.media.tv.TvInputManager.VIDEO_UNAVAILABLE_REASON_CAS_LICENSE_EXPIRED, android.media.tv.TvInputManager.VIDEO_UNAVAILABLE_REASON_CAS_NEED_ACTIVATION, android.media.tv.TvInputManager.VIDEO_UNAVAILABLE_REASON_CAS_NEED_PAIRING, android.media.tv.TvInputManager.VIDEO_UNAVAILABLE_REASON_CAS_NO_CARD, android.media.tv.TvInputManager.VIDEO_UNAVAILABLE_REASON_CAS_CARD_MUTE, android.media.tv.TvInputManager.VIDEO_UNAVAILABLE_REASON_CAS_CARD_INVALID, android.media.tv.TvInputManager.VIDEO_UNAVAILABLE_REASON_CAS_BLACKOUT, android.media.tv.TvInputManager.VIDEO_UNAVAILABLE_REASON_CAS_REBOOTING, android.media.tv.TvInputManager.VIDEO_UNAVAILABLE_REASON_CAS_UNKNOWN}" />
    </annotation>
  </item>
  <item name="android.media.tv.TvInputService.Session void onSetStreamVolume(float) 0">
    <annotation name="androidx.annotation.FloatRange">
      <val name="from" val="0.0" />
      <val name="to" val="1.0" />
    </annotation>
  </item>
  <item name="android.media.tv.TvRecordingClient.RecordingCallback void onError(int) 0">
    <annotation name="androidx.annotation.IntDef">
      <val name="value" val="{android.media.tv.TvInputManager.RECORDING_ERROR_UNKNOWN, android.media.tv.TvInputManager.RECORDING_ERROR_INSUFFICIENT_SPACE, android.media.tv.TvInputManager.RECORDING_ERROR_RESOURCE_BUSY}" />
    </annotation>
  </item>
  <item name="android.media.tv.TvTrackInfo int getType()">
    <annotation name="androidx.annotation.IntDef">
      <val name="value" val="{android.media.tv.TvTrackInfo.TYPE_AUDIO, android.media.tv.TvTrackInfo.TYPE_VIDEO, android.media.tv.TvTrackInfo.TYPE_SUBTITLE}" />
    </annotation>
  </item>
  <item name="android.media.tv.TvTrackInfo.Builder Builder(int, java.lang.String) 0">
    <annotation name="androidx.annotation.IntDef">
      <val name="value" val="{android.media.tv.TvTrackInfo.TYPE_AUDIO, android.media.tv.TvTrackInfo.TYPE_VIDEO, android.media.tv.TvTrackInfo.TYPE_SUBTITLE}" />
    </annotation>
  </item>
  <item name="android.media.tv.TvView void setStreamVolume(float) 0">
    <annotation name="androidx.annotation.FloatRange">
      <val name="from" val="0.0" />
      <val name="to" val="1.0" />
    </annotation>
  </item>
  <item name="android.media.tv.TvView.TvInputCallback void onSignalStrengthUpdated(java.lang.String, int) 1">
    <annotation name="androidx.annotation.IntDef">
      <val name="value" val="{android.media.tv.TvInputManager.SIGNAL_STRENGTH_LOST, android.media.tv.TvInputManager.SIGNAL_STRENGTH_WEAK, android.media.tv.TvInputManager.SIGNAL_STRENGTH_STRONG}" />
    </annotation>
  </item>
  <item name="android.media.tv.TvView.TvInputCallback void onTimeShiftStatusChanged(java.lang.String, int) 1">
    <annotation name="androidx.annotation.IntDef">
      <val name="value" val="{android.media.tv.TvInputManager.TIME_SHIFT_STATUS_UNKNOWN, android.media.tv.TvInputManager.TIME_SHIFT_STATUS_UNSUPPORTED, android.media.tv.TvInputManager.TIME_SHIFT_STATUS_UNAVAILABLE, android.media.tv.TvInputManager.TIME_SHIFT_STATUS_AVAILABLE}" />
    </annotation>
  </item>
  <item name="android.media.tv.TvView.TvInputCallback void onVideoUnavailable(java.lang.String, int) 1">
    <annotation name="androidx.annotation.IntDef">
      <val name="value" val="{android.media.tv.TvInputManager.VIDEO_UNAVAILABLE_REASON_UNKNOWN, android.media.tv.TvInputManager.VIDEO_UNAVAILABLE_REASON_TUNING, android.media.tv.TvInputManager.VIDEO_UNAVAILABLE_REASON_WEAK_SIGNAL, android.media.tv.TvInputManager.VIDEO_UNAVAILABLE_REASON_BUFFERING, android.media.tv.TvInputManager.VIDEO_UNAVAILABLE_REASON_AUDIO_ONLY, android.media.tv.TvInputManager.VIDEO_UNAVAILABLE_REASON_NOT_CONNECTED, android.media.tv.TvInputManager.VIDEO_UNAVAILABLE_REASON_INSUFFICIENT_RESOURCE, android.media.tv.TvInputManager.VIDEO_UNAVAILABLE_REASON_CAS_INSUFFICIENT_OUTPUT_PROTECTION, android.media.tv.TvInputManager.VIDEO_UNAVAILABLE_REASON_CAS_PVR_RECORDING_NOT_ALLOWED, android.media.tv.TvInputManager.VIDEO_UNAVAILABLE_REASON_CAS_LICENSE_EXPIRED, android.media.tv.TvInputManager.VIDEO_UNAVAILABLE_REASON_CAS_NEED_ACTIVATION, android.media.tv.TvInputManager.VIDEO_UNAVAILABLE_REASON_CAS_NEED_PAIRING, android.media.tv.TvInputManager.VIDEO_UNAVAILABLE_REASON_CAS_NO_CARD, android.media.tv.TvInputManager.VIDEO_UNAVAILABLE_REASON_CAS_CARD_MUTE, android.media.tv.TvInputManager.VIDEO_UNAVAILABLE_REASON_CAS_CARD_INVALID, android.media.tv.TvInputManager.VIDEO_UNAVAILABLE_REASON_CAS_BLACKOUT, android.media.tv.TvInputManager.VIDEO_UNAVAILABLE_REASON_CAS_REBOOTING, android.media.tv.TvInputManager.VIDEO_UNAVAILABLE_REASON_CAS_UNKNOWN}" />
    </annotation>
  </item>
</root>

