<?xml version="1.0" encoding="UTF-8"?>
<root>
  <item name="android.bluetooth.le.AdvertisingSet void enableAdvertising(boolean, int, int)">
    <annotation name="androidx.annotation.RequiresPermission">
      <val name="value" val="&quot;android.permission.BLUETOOTH_ADVERTISE&quot;" />
    </annotation>
  </item>
  <item name="android.bluetooth.le.AdvertisingSet void setAdvertisingData(android.bluetooth.le.AdvertiseData)">
    <annotation name="androidx.annotation.RequiresPermission">
      <val name="value" val="&quot;android.permission.BLUETOOTH_ADVERTISE&quot;" />
    </annotation>
  </item>
  <item name="android.bluetooth.le.AdvertisingSet void setAdvertisingParameters(android.bluetooth.le.AdvertisingSetParameters)">
    <annotation name="androidx.annotation.RequiresPermission">
      <val name="value" val="&quot;android.permission.BLUETOOTH_ADVERTISE&quot;" />
    </annotation>
  </item>
  <item name="android.bluetooth.le.AdvertisingSet void setPeriodicAdvertisingData(android.bluetooth.le.AdvertiseData)">
    <annotation name="androidx.annotation.RequiresPermission">
      <val name="value" val="&quot;android.permission.BLUETOOTH_ADVERTISE&quot;" />
    </annotation>
  </item>
  <item name="android.bluetooth.le.AdvertisingSet void setPeriodicAdvertisingEnabled(boolean)">
    <annotation name="androidx.annotation.RequiresPermission">
      <val name="value" val="&quot;android.permission.BLUETOOTH_ADVERTISE&quot;" />
    </annotation>
  </item>
  <item name="android.bluetooth.le.AdvertisingSet void setPeriodicAdvertisingParameters(android.bluetooth.le.PeriodicAdvertisingParameters)">
    <annotation name="androidx.annotation.RequiresPermission">
      <val name="value" val="&quot;android.permission.BLUETOOTH_ADVERTISE&quot;" />
    </annotation>
  </item>
  <item name="android.bluetooth.le.AdvertisingSet void setScanResponseData(android.bluetooth.le.AdvertiseData)">
    <annotation name="androidx.annotation.RequiresPermission">
      <val name="value" val="&quot;android.permission.BLUETOOTH_ADVERTISE&quot;" />
    </annotation>
  </item>
  <item name="android.bluetooth.le.BluetoothLeAdvertiser void startAdvertising(android.bluetooth.le.AdvertiseSettings, android.bluetooth.le.AdvertiseData, android.bluetooth.le.AdvertiseCallback)">
    <annotation name="androidx.annotation.RequiresPermission">
      <val name="value" val="&quot;android.permission.BLUETOOTH_ADVERTISE&quot;" />
    </annotation>
  </item>
  <item name="android.bluetooth.le.BluetoothLeAdvertiser void startAdvertising(android.bluetooth.le.AdvertiseSettings, android.bluetooth.le.AdvertiseData, android.bluetooth.le.AdvertiseData, android.bluetooth.le.AdvertiseCallback)">
    <annotation name="androidx.annotation.RequiresPermission">
      <val name="value" val="&quot;android.permission.BLUETOOTH_ADVERTISE&quot;" />
    </annotation>
  </item>
  <item name="android.bluetooth.le.BluetoothLeAdvertiser void startAdvertisingSet(android.bluetooth.le.AdvertisingSetParameters, android.bluetooth.le.AdvertiseData, android.bluetooth.le.AdvertiseData, android.bluetooth.le.PeriodicAdvertisingParameters, android.bluetooth.le.AdvertiseData, android.bluetooth.le.AdvertisingSetCallback)">
    <annotation name="androidx.annotation.RequiresPermission">
      <val name="value" val="&quot;android.permission.BLUETOOTH_ADVERTISE&quot;" />
    </annotation>
  </item>
  <item name="android.bluetooth.le.BluetoothLeAdvertiser void startAdvertisingSet(android.bluetooth.le.AdvertisingSetParameters, android.bluetooth.le.AdvertiseData, android.bluetooth.le.AdvertiseData, android.bluetooth.le.PeriodicAdvertisingParameters, android.bluetooth.le.AdvertiseData, android.bluetooth.le.AdvertisingSetCallback, android.os.Handler)">
    <annotation name="androidx.annotation.RequiresPermission">
      <val name="value" val="&quot;android.permission.BLUETOOTH_ADVERTISE&quot;" />
    </annotation>
  </item>
  <item name="android.bluetooth.le.BluetoothLeAdvertiser void startAdvertisingSet(android.bluetooth.le.AdvertisingSetParameters, android.bluetooth.le.AdvertiseData, android.bluetooth.le.AdvertiseData, android.bluetooth.le.PeriodicAdvertisingParameters, android.bluetooth.le.AdvertiseData, int, int, android.bluetooth.le.AdvertisingSetCallback)">
    <annotation name="androidx.annotation.RequiresPermission">
      <val name="value" val="&quot;android.permission.BLUETOOTH_ADVERTISE&quot;" />
    </annotation>
  </item>
  <item name="android.bluetooth.le.BluetoothLeAdvertiser void startAdvertisingSet(android.bluetooth.le.AdvertisingSetParameters, android.bluetooth.le.AdvertiseData, android.bluetooth.le.AdvertiseData, android.bluetooth.le.PeriodicAdvertisingParameters, android.bluetooth.le.AdvertiseData, int, int, android.bluetooth.le.AdvertisingSetCallback, android.os.Handler)">
    <annotation name="androidx.annotation.RequiresPermission">
      <val name="value" val="&quot;android.permission.BLUETOOTH_ADVERTISE&quot;" />
    </annotation>
  </item>
  <item name="android.bluetooth.le.BluetoothLeAdvertiser void stopAdvertising(android.bluetooth.le.AdvertiseCallback)">
    <annotation name="androidx.annotation.RequiresPermission">
      <val name="value" val="&quot;android.permission.BLUETOOTH_ADVERTISE&quot;" />
    </annotation>
  </item>
  <item name="android.bluetooth.le.BluetoothLeAdvertiser void stopAdvertisingSet(android.bluetooth.le.AdvertisingSetCallback)">
    <annotation name="androidx.annotation.RequiresPermission">
      <val name="value" val="&quot;android.permission.BLUETOOTH_ADVERTISE&quot;" />
    </annotation>
  </item>
  <item name="android.bluetooth.le.BluetoothLeScanner int startScan(java.util.List<android.bluetooth.le.ScanFilter>, android.bluetooth.le.ScanSettings, android.app.PendingIntent)">
    <annotation name="androidx.annotation.RequiresPermission">
      <val name="value" val="&quot;android.permission.BLUETOOTH_SCAN&quot;" />
    </annotation>
  </item>
  <item name="android.bluetooth.le.BluetoothLeScanner void flushPendingScanResults(android.bluetooth.le.ScanCallback)">
    <annotation name="androidx.annotation.RequiresPermission">
      <val name="value" val="&quot;android.permission.BLUETOOTH_SCAN&quot;" />
    </annotation>
  </item>
  <item name="android.bluetooth.le.BluetoothLeScanner void startScan(android.bluetooth.le.ScanCallback)">
    <annotation name="androidx.annotation.RequiresPermission">
      <val name="value" val="&quot;android.permission.BLUETOOTH_SCAN&quot;" />
    </annotation>
  </item>
  <item name="android.bluetooth.le.BluetoothLeScanner void startScan(java.util.List<android.bluetooth.le.ScanFilter>, android.bluetooth.le.ScanSettings, android.bluetooth.le.ScanCallback)">
    <annotation name="androidx.annotation.RequiresPermission">
      <val name="value" val="&quot;android.permission.BLUETOOTH_SCAN&quot;" />
    </annotation>
  </item>
  <item name="android.bluetooth.le.BluetoothLeScanner void stopScan(android.app.PendingIntent)">
    <annotation name="androidx.annotation.RequiresPermission">
      <val name="value" val="&quot;android.permission.BLUETOOTH_SCAN&quot;" />
    </annotation>
  </item>
  <item name="android.bluetooth.le.BluetoothLeScanner void stopScan(android.bluetooth.le.ScanCallback)">
    <annotation name="androidx.annotation.RequiresPermission">
      <val name="value" val="&quot;android.permission.BLUETOOTH_SCAN&quot;" />
    </annotation>
  </item>
</root>

