<?xml version="1.0" encoding="UTF-8"?>
<root>
  <item name="android.bluetooth.le.BluetoothLeScanner int startScan(java.util.List&lt;android.bluetooth.le.ScanFilter&gt;, android.bluetooth.le.ScanSettings, android.app.PendingIntent)">
    <annotation name="androidx.annotation.RequiresPermission">
      <val name="value" val="&quot;android.permission.BLUETOOTH_ADMIN&quot;" />
    </annotation>
  </item>
  <item name="android.bluetooth.le.BluetoothLeScanner void startScan(android.bluetooth.le.ScanCallback)">
    <annotation name="androidx.annotation.RequiresPermission">
      <val name="value" val="&quot;android.permission.BLUETOOTH_ADMIN&quot;" />
    </annotation>
  </item>
  <item name="android.bluetooth.le.BluetoothLeScanner void startScan(java.util.List&lt;android.bluetooth.le.ScanFilter&gt;, android.bluetooth.le.ScanSettings, android.bluetooth.le.ScanCallback)">
    <annotation name="androidx.annotation.RequiresPermission">
      <val name="value" val="&quot;android.permission.BLUETOOTH_ADMIN&quot;" />
    </annotation>
  </item>
  <item name="android.bluetooth.le.BluetoothLeScanner void stopScan(android.app.PendingIntent)">
    <annotation name="androidx.annotation.RequiresPermission">
      <val name="value" val="&quot;android.permission.BLUETOOTH_ADMIN&quot;" />
    </annotation>
  </item>
  <item name="android.bluetooth.le.BluetoothLeScanner void stopScan(android.bluetooth.le.ScanCallback)">
    <annotation name="androidx.annotation.RequiresPermission">
      <val name="value" val="&quot;android.permission.BLUETOOTH_ADMIN&quot;" />
    </annotation>
  </item>
</root>

