<?xml version="1.0" encoding="UTF-8"?>
<root>
  <item name="android.hardware.BatteryState float getCapacity()">
    <annotation name="androidx.annotation.FloatRange">
      <val name="from" val="-1.0" />
      <val name="to" val="1.0" />
    </annotation>
  </item>
  <item name="android.hardware.BatteryState int getStatus()">
    <annotation name="androidx.annotation.IntDef">
      <val name="value" val="{android.hardware.BatteryState.STATUS_UNKNOWN, android.hardware.BatteryState.STATUS_CHARGING, android.hardware.BatteryState.STATUS_DISCHARGING, android.hardware.BatteryState.STATUS_NOT_CHARGING, android.hardware.BatteryState.STATUS_FULL}" />
    </annotation>
  </item>
  <item name="android.hardware.HardwareBuffer RGBA_8888">
    <annotation name="androidx.annotation.IntDef">
      <val name="value" val="{android.hardware.HardwareBuffer.RGBA_8888, android.hardware.HardwareBuffer.RGBA_FP16, android.hardware.HardwareBuffer.RGBA_1010102, android.hardware.HardwareBuffer.RGBX_8888, android.hardware.HardwareBuffer.RGB_888, android.hardware.HardwareBuffer.RGB_565, android.hardware.HardwareBuffer.BLOB, android.hardware.HardwareBuffer.YCBCR_420_888, android.hardware.HardwareBuffer.D_16, android.hardware.HardwareBuffer.D_24, android.hardware.HardwareBuffer.DS_24UI8, android.hardware.HardwareBuffer.D_FP32, android.hardware.HardwareBuffer.DS_FP32UI8, android.hardware.HardwareBuffer.S_UI8}" />
    </annotation>
  </item>
  <item name="android.hardware.HardwareBuffer USAGE_CPU_READ_RARELY">
    <annotation name="androidx.annotation.LongDef">
      <val name="value" val="{android.hardware.HardwareBuffer.USAGE_CPU_READ_RARELY, android.hardware.HardwareBuffer.USAGE_CPU_READ_OFTEN, android.hardware.HardwareBuffer.USAGE_CPU_WRITE_RARELY, android.hardware.HardwareBuffer.USAGE_CPU_WRITE_OFTEN, android.hardware.HardwareBuffer.USAGE_GPU_SAMPLED_IMAGE, android.hardware.HardwareBuffer.USAGE_GPU_COLOR_OUTPUT, android.hardware.HardwareBuffer.USAGE_PROTECTED_CONTENT, android.hardware.HardwareBuffer.USAGE_VIDEO_ENCODE, android.hardware.HardwareBuffer.USAGE_GPU_DATA_BUFFER, android.hardware.HardwareBuffer.USAGE_SENSOR_DIRECT_DATA, android.hardware.HardwareBuffer.USAGE_GPU_CUBE_MAP, android.hardware.HardwareBuffer.USAGE_GPU_MIPMAP_COMPLETE}" />
      <val name="flag" val="true" />
    </annotation>
  </item>
  <item name="android.hardware.HardwareBuffer android.hardware.HardwareBuffer create(int, int, int, int, long) 0">
    <annotation name="androidx.annotation.IntRange">
      <val name="from" val="1" />
    </annotation>
  </item>
  <item name="android.hardware.HardwareBuffer android.hardware.HardwareBuffer create(int, int, int, int, long) 1">
    <annotation name="androidx.annotation.IntRange">
      <val name="from" val="1" />
    </annotation>
  </item>
  <item name="android.hardware.HardwareBuffer android.hardware.HardwareBuffer create(int, int, int, int, long) 2">
    <annotation name="androidx.annotation.IntDef">
      <val name="value" val="{android.hardware.HardwareBuffer.RGBA_8888, android.hardware.HardwareBuffer.RGBA_FP16, android.hardware.HardwareBuffer.RGBA_1010102, android.hardware.HardwareBuffer.RGBX_8888, android.hardware.HardwareBuffer.RGB_888, android.hardware.HardwareBuffer.RGB_565, android.hardware.HardwareBuffer.BLOB, android.hardware.HardwareBuffer.YCBCR_420_888, android.hardware.HardwareBuffer.D_16, android.hardware.HardwareBuffer.D_24, android.hardware.HardwareBuffer.DS_24UI8, android.hardware.HardwareBuffer.D_FP32, android.hardware.HardwareBuffer.DS_FP32UI8, android.hardware.HardwareBuffer.S_UI8}" />
    </annotation>
  </item>
  <item name="android.hardware.HardwareBuffer android.hardware.HardwareBuffer create(int, int, int, int, long) 3">
    <annotation name="androidx.annotation.IntRange">
      <val name="from" val="1" />
    </annotation>
  </item>
  <item name="android.hardware.HardwareBuffer android.hardware.HardwareBuffer create(int, int, int, int, long) 4">
    <annotation name="androidx.annotation.LongDef">
      <val name="value" val="{android.hardware.HardwareBuffer.USAGE_CPU_READ_RARELY, android.hardware.HardwareBuffer.USAGE_CPU_READ_OFTEN, android.hardware.HardwareBuffer.USAGE_CPU_WRITE_RARELY, android.hardware.HardwareBuffer.USAGE_CPU_WRITE_OFTEN, android.hardware.HardwareBuffer.USAGE_GPU_SAMPLED_IMAGE, android.hardware.HardwareBuffer.USAGE_GPU_COLOR_OUTPUT, android.hardware.HardwareBuffer.USAGE_PROTECTED_CONTENT, android.hardware.HardwareBuffer.USAGE_VIDEO_ENCODE, android.hardware.HardwareBuffer.USAGE_GPU_DATA_BUFFER, android.hardware.HardwareBuffer.USAGE_SENSOR_DIRECT_DATA, android.hardware.HardwareBuffer.USAGE_GPU_CUBE_MAP, android.hardware.HardwareBuffer.USAGE_GPU_MIPMAP_COMPLETE}" />
      <val name="flag" val="true" />
    </annotation>
  </item>
  <item name="android.hardware.HardwareBuffer boolean isSupported(int, int, int, int, long) 0">
    <annotation name="androidx.annotation.IntRange">
      <val name="from" val="1" />
    </annotation>
  </item>
  <item name="android.hardware.HardwareBuffer boolean isSupported(int, int, int, int, long) 1">
    <annotation name="androidx.annotation.IntRange">
      <val name="from" val="1" />
    </annotation>
  </item>
  <item name="android.hardware.HardwareBuffer boolean isSupported(int, int, int, int, long) 2">
    <annotation name="androidx.annotation.IntDef">
      <val name="value" val="{android.hardware.HardwareBuffer.RGBA_8888, android.hardware.HardwareBuffer.RGBA_FP16, android.hardware.HardwareBuffer.RGBA_1010102, android.hardware.HardwareBuffer.RGBX_8888, android.hardware.HardwareBuffer.RGB_888, android.hardware.HardwareBuffer.RGB_565, android.hardware.HardwareBuffer.BLOB, android.hardware.HardwareBuffer.YCBCR_420_888, android.hardware.HardwareBuffer.D_16, android.hardware.HardwareBuffer.D_24, android.hardware.HardwareBuffer.DS_24UI8, android.hardware.HardwareBuffer.D_FP32, android.hardware.HardwareBuffer.DS_FP32UI8, android.hardware.HardwareBuffer.S_UI8}" />
    </annotation>
  </item>
  <item name="android.hardware.HardwareBuffer boolean isSupported(int, int, int, int, long) 3">
    <annotation name="androidx.annotation.IntRange">
      <val name="from" val="1" />
    </annotation>
  </item>
  <item name="android.hardware.HardwareBuffer boolean isSupported(int, int, int, int, long) 4">
    <annotation name="androidx.annotation.LongDef">
      <val name="value" val="{android.hardware.HardwareBuffer.USAGE_CPU_READ_RARELY, android.hardware.HardwareBuffer.USAGE_CPU_READ_OFTEN, android.hardware.HardwareBuffer.USAGE_CPU_WRITE_RARELY, android.hardware.HardwareBuffer.USAGE_CPU_WRITE_OFTEN, android.hardware.HardwareBuffer.USAGE_GPU_SAMPLED_IMAGE, android.hardware.HardwareBuffer.USAGE_GPU_COLOR_OUTPUT, android.hardware.HardwareBuffer.USAGE_PROTECTED_CONTENT, android.hardware.HardwareBuffer.USAGE_VIDEO_ENCODE, android.hardware.HardwareBuffer.USAGE_GPU_DATA_BUFFER, android.hardware.HardwareBuffer.USAGE_SENSOR_DIRECT_DATA, android.hardware.HardwareBuffer.USAGE_GPU_CUBE_MAP, android.hardware.HardwareBuffer.USAGE_GPU_MIPMAP_COMPLETE}" />
      <val name="flag" val="true" />
    </annotation>
  </item>
  <item name="android.hardware.HardwareBuffer int getFormat()">
    <annotation name="androidx.annotation.IntDef">
      <val name="value" val="{android.hardware.HardwareBuffer.RGBA_8888, android.hardware.HardwareBuffer.RGBA_FP16, android.hardware.HardwareBuffer.RGBA_1010102, android.hardware.HardwareBuffer.RGBX_8888, android.hardware.HardwareBuffer.RGB_888, android.hardware.HardwareBuffer.RGB_565, android.hardware.HardwareBuffer.BLOB, android.hardware.HardwareBuffer.YCBCR_420_888, android.hardware.HardwareBuffer.D_16, android.hardware.HardwareBuffer.D_24, android.hardware.HardwareBuffer.DS_24UI8, android.hardware.HardwareBuffer.D_FP32, android.hardware.HardwareBuffer.DS_FP32UI8, android.hardware.HardwareBuffer.S_UI8}" />
    </annotation>
  </item>
  <item name="android.hardware.Sensor boolean isDirectChannelTypeSupported(int) 0">
    <annotation name="androidx.annotation.IntDef">
      <val name="value" val="{android.hardware.SensorDirectChannel.TYPE_MEMORY_FILE, android.hardware.SensorDirectChannel.TYPE_HARDWARE_BUFFER}" />
      <val name="flag" val="true" />
    </annotation>
  </item>
  <item name="android.hardware.Sensor int getHighestDirectReportRateLevel()">
    <annotation name="androidx.annotation.IntDef">
      <val name="value" val="{android.hardware.SensorDirectChannel.RATE_STOP, android.hardware.SensorDirectChannel.RATE_NORMAL, android.hardware.SensorDirectChannel.RATE_FAST, android.hardware.SensorDirectChannel.RATE_VERY_FAST}" />
      <val name="flag" val="true" />
    </annotation>
  </item>
  <item name="android.hardware.SensorDirectChannel int configure(android.hardware.Sensor, int) 1">
    <annotation name="androidx.annotation.IntDef">
      <val name="value" val="{android.hardware.SensorDirectChannel.RATE_STOP, android.hardware.SensorDirectChannel.RATE_NORMAL, android.hardware.SensorDirectChannel.RATE_FAST, android.hardware.SensorDirectChannel.RATE_VERY_FAST}" />
      <val name="flag" val="true" />
    </annotation>
  </item>
  <item name="android.hardware.SensorPrivacyManager boolean supportsSensorToggle(int) 0">
    <annotation name="androidx.annotation.IntDef">
      <val name="value" val="{android.hardware.SensorPrivacyManager.Sensors.MICROPHONE, android.hardware.SensorPrivacyManager.Sensors.CAMERA}" />
    </annotation>
  </item>
</root>

