<?xml version="1.0" encoding="UTF-8"?>
<root>
  <item name="android.adservices.ondevicepersonalization.EventLogRecord int getRowIndex()">
    <annotation name="androidx.annotation.IntRange">
      <val name="from" val="0" />
    </annotation>
  </item>
  <item name="android.adservices.ondevicepersonalization.EventLogRecord int getType()">
    <annotation name="androidx.annotation.IntRange">
      <val name="from" val="1" />
      <val name="to" val="127" />
    </annotation>
  </item>
  <item name="android.adservices.ondevicepersonalization.EventLogRecord.Builder android.adservices.ondevicepersonalization.EventLogRecord.Builder setRowIndex(int) 0">
    <annotation name="androidx.annotation.IntRange">
      <val name="from" val="0" />
    </annotation>
  </item>
  <item name="android.adservices.ondevicepersonalization.EventLogRecord.Builder android.adservices.ondevicepersonalization.EventLogRecord.Builder setType(int) 0">
    <annotation name="androidx.annotation.IntRange">
      <val name="from" val="1" />
      <val name="to" val="127" />
    </annotation>
  </item>
  <item name="android.adservices.ondevicepersonalization.EventUrlProvider android.net.Uri createEventTrackingUrlWithRedirect(android.os.PersistableBundle, android.net.Uri)">
    <annotation name="androidx.annotation.WorkerThread"/>
  </item>
  <item name="android.adservices.ondevicepersonalization.EventUrlProvider android.net.Uri createEventTrackingUrlWithResponse(android.os.PersistableBundle, byte[], java.lang.String)">
    <annotation name="androidx.annotation.WorkerThread"/>
  </item>
  <item name="android.adservices.ondevicepersonalization.ExecuteInIsolatedServiceRequest.OutputSpec android.adservices.ondevicepersonalization.ExecuteInIsolatedServiceRequest.OutputSpec buildBestValueSpec(int) 0">
    <annotation name="androidx.annotation.IntRange">
      <val name="from" val="0" />
    </annotation>
  </item>
  <item name="android.adservices.ondevicepersonalization.ExecuteInIsolatedServiceRequest.OutputSpec int getMaxIntValue()">
    <annotation name="androidx.annotation.IntRange">
      <val name="from" val="-1" />
    </annotation>
  </item>
  <item name="android.adservices.ondevicepersonalization.ExecuteInIsolatedServiceRequest.OutputSpec int getOutputType()">
    <annotation name="androidx.annotation.IntDef">
      <val name="value" val="{android.adservices.ondevicepersonalization.ExecuteInIsolatedServiceRequest.OutputSpec.OUTPUT_TYPE_NULL, android.adservices.ondevicepersonalization.ExecuteInIsolatedServiceRequest.OutputSpec.OUTPUT_TYPE_BEST_VALUE}" />
    </annotation>
  </item>
  <item name="android.adservices.ondevicepersonalization.ExecuteInIsolatedServiceResponse ExecuteInIsolatedServiceResponse(android.adservices.ondevicepersonalization.SurfacePackageToken, int) 1">
    <annotation name="androidx.annotation.IntRange">
      <val name="from" val="-1" />
    </annotation>
  </item>
  <item name="android.adservices.ondevicepersonalization.ExecuteInIsolatedServiceResponse int getBestValue()">
    <annotation name="androidx.annotation.IntRange">
      <val name="from" val="-1" />
    </annotation>
  </item>
  <item name="android.adservices.ondevicepersonalization.ExecuteOutput int getBestValue()">
    <annotation name="androidx.annotation.IntRange">
      <val name="from" val="-1" />
    </annotation>
  </item>
  <item name="android.adservices.ondevicepersonalization.ExecuteOutput.Builder android.adservices.ondevicepersonalization.ExecuteOutput.Builder setBestValue(int) 0">
    <annotation name="androidx.annotation.IntRange">
      <val name="from" val="0" />
    </annotation>
  </item>
  <item name="android.adservices.ondevicepersonalization.FederatedComputeScheduler void cancel(android.adservices.ondevicepersonalization.FederatedComputeInput)">
    <annotation name="androidx.annotation.WorkerThread"/>
  </item>
  <item name="android.adservices.ondevicepersonalization.FederatedComputeScheduler void schedule(android.adservices.ondevicepersonalization.FederatedComputeScheduleRequest, android.os.OutcomeReceiver&lt;android.adservices.ondevicepersonalization.FederatedComputeScheduleResponse,java.lang.Exception&gt;)">
    <annotation name="androidx.annotation.WorkerThread"/>
  </item>
  <item name="android.adservices.ondevicepersonalization.FederatedComputeScheduler void schedule(android.adservices.ondevicepersonalization.FederatedComputeScheduler.Params, android.adservices.ondevicepersonalization.FederatedComputeInput)">
    <annotation name="androidx.annotation.WorkerThread"/>
  </item>
  <item name="android.adservices.ondevicepersonalization.InferenceInput.Params int getDelegateType()">
    <annotation name="androidx.annotation.IntDef">
      <val name="value" val="{android.adservices.ondevicepersonalization.InferenceInput.Params.DELEGATE_CPU}" />
    </annotation>
  </item>
  <item name="android.adservices.ondevicepersonalization.InferenceInput.Params int getModelType()">
    <annotation name="androidx.annotation.IntDef">
      <val name="value" val="{android.adservices.ondevicepersonalization.InferenceInput.Params.MODEL_TYPE_TENSORFLOW_LITE}" />
    </annotation>
  </item>
  <item name="android.adservices.ondevicepersonalization.InferenceInput.Params int getRecommendedNumThreads()">
    <annotation name="androidx.annotation.IntRange">
      <val name="from" val="1" />
    </annotation>
  </item>
  <item name="android.adservices.ondevicepersonalization.InferenceInput.Params.Builder android.adservices.ondevicepersonalization.InferenceInput.Params.Builder setDelegateType(int) 0">
    <annotation name="androidx.annotation.IntDef">
      <val name="value" val="{android.adservices.ondevicepersonalization.InferenceInput.Params.DELEGATE_CPU}" />
    </annotation>
  </item>
  <item name="android.adservices.ondevicepersonalization.InferenceInput.Params.Builder android.adservices.ondevicepersonalization.InferenceInput.Params.Builder setModelType(int) 0">
    <annotation name="androidx.annotation.IntDef">
      <val name="value" val="{android.adservices.ondevicepersonalization.InferenceInput.Params.MODEL_TYPE_TENSORFLOW_LITE}" />
    </annotation>
  </item>
  <item name="android.adservices.ondevicepersonalization.InferenceInput.Params.Builder android.adservices.ondevicepersonalization.InferenceInput.Params.Builder setRecommendedNumThreads(int) 0">
    <annotation name="androidx.annotation.IntRange">
      <val name="from" val="1" />
    </annotation>
  </item>
  <item name="android.adservices.ondevicepersonalization.KeyValueStore byte[] get(java.lang.String)">
    <annotation name="androidx.annotation.WorkerThread"/>
  </item>
  <item name="android.adservices.ondevicepersonalization.KeyValueStore java.util.Set&lt;java.lang.String&gt; keySet()">
    <annotation name="androidx.annotation.WorkerThread"/>
  </item>
  <item name="android.adservices.ondevicepersonalization.LogReader java.util.List&lt;android.adservices.ondevicepersonalization.EventLogRecord&gt; getJoinedEvents(java.time.Instant, java.time.Instant)">
    <annotation name="androidx.annotation.WorkerThread"/>
  </item>
  <item name="android.adservices.ondevicepersonalization.LogReader java.util.List&lt;android.adservices.ondevicepersonalization.RequestLogRecord&gt; getRequests(java.time.Instant, java.time.Instant)">
    <annotation name="androidx.annotation.WorkerThread"/>
  </item>
  <item name="android.adservices.ondevicepersonalization.ModelManager void run(android.adservices.ondevicepersonalization.InferenceInput, java.util.concurrent.Executor, android.os.OutcomeReceiver&lt;android.adservices.ondevicepersonalization.InferenceOutput,java.lang.Exception&gt;)">
    <annotation name="androidx.annotation.WorkerThread"/>
  </item>
  <item name="android.adservices.ondevicepersonalization.MutableKeyValueStore byte[] put(java.lang.String, byte[])">
    <annotation name="androidx.annotation.WorkerThread"/>
  </item>
  <item name="android.adservices.ondevicepersonalization.MutableKeyValueStore byte[] remove(java.lang.String)">
    <annotation name="androidx.annotation.WorkerThread"/>
  </item>
  <item name="android.adservices.ondevicepersonalization.OnDevicePersonalizationException int getErrorCode()">
    <annotation name="androidx.annotation.IntDef">
      <val name="value" val="{android.adservices.ondevicepersonalization.OnDevicePersonalizationException.ERROR_ISOLATED_SERVICE_FAILED, android.adservices.ondevicepersonalization.OnDevicePersonalizationException.ERROR_PERSONALIZATION_DISABLED, android.adservices.ondevicepersonalization.OnDevicePersonalizationException.ERROR_ISOLATED_SERVICE_LOADING_FAILED, android.adservices.ondevicepersonalization.OnDevicePersonalizationException.ERROR_ISOLATED_SERVICE_MANIFEST_PARSING_FAILED, android.adservices.ondevicepersonalization.OnDevicePersonalizationException.ERROR_ISOLATED_SERVICE_TIMEOUT, android.adservices.ondevicepersonalization.OnDevicePersonalizationException.ERROR_SCHEDULE_TRAINING_FAILED, android.adservices.ondevicepersonalization.OnDevicePersonalizationException.ERROR_INVALID_TRAINING_MANIFEST, android.adservices.ondevicepersonalization.OnDevicePersonalizationException.ERROR_INFERENCE_MODEL_NOT_FOUND, android.adservices.ondevicepersonalization.OnDevicePersonalizationException.ERROR_INFERENCE_FAILED}" />
    </annotation>
  </item>
  <item name="android.adservices.ondevicepersonalization.TrainingInterval int getSchedulingMode()">
    <annotation name="androidx.annotation.IntDef">
      <val name="value" val="{android.adservices.ondevicepersonalization.TrainingInterval.SCHEDULING_MODE_ONE_TIME, android.adservices.ondevicepersonalization.TrainingInterval.SCHEDULING_MODE_RECURRENT}" />
    </annotation>
  </item>
  <item name="android.adservices.ondevicepersonalization.TrainingInterval.Builder android.adservices.ondevicepersonalization.TrainingInterval.Builder setSchedulingMode(int) 0">
    <annotation name="androidx.annotation.IntDef">
      <val name="value" val="{android.adservices.ondevicepersonalization.TrainingInterval.SCHEDULING_MODE_ONE_TIME, android.adservices.ondevicepersonalization.TrainingInterval.SCHEDULING_MODE_RECURRENT}" />
    </annotation>
  </item>
  <item name="android.adservices.ondevicepersonalization.UserData int getBatteryPercentage()">
    <annotation name="androidx.annotation.IntRange">
      <val name="from" val="0" />
      <val name="to" val="100" />
    </annotation>
  </item>
  <item name="android.adservices.ondevicepersonalization.UserData int getDataNetworkType()">
    <annotation name="androidx.annotation.IntDef">
      <val name="value" val="{android.telephony.TelephonyManager.NETWORK_TYPE_UNKNOWN, android.telephony.TelephonyManager.NETWORK_TYPE_GPRS, android.telephony.TelephonyManager.NETWORK_TYPE_EDGE, android.telephony.TelephonyManager.NETWORK_TYPE_UMTS, android.telephony.TelephonyManager.NETWORK_TYPE_CDMA, android.telephony.TelephonyManager.NETWORK_TYPE_EVDO_0, android.telephony.TelephonyManager.NETWORK_TYPE_EVDO_A, android.telephony.TelephonyManager.NETWORK_TYPE_1xRTT, android.telephony.TelephonyManager.NETWORK_TYPE_HSDPA, android.telephony.TelephonyManager.NETWORK_TYPE_HSUPA, android.telephony.TelephonyManager.NETWORK_TYPE_HSPA, android.telephony.TelephonyManager.NETWORK_TYPE_EVDO_B, android.telephony.TelephonyManager.NETWORK_TYPE_LTE, android.telephony.TelephonyManager.NETWORK_TYPE_EHRPD, android.telephony.TelephonyManager.NETWORK_TYPE_HSPAP, android.telephony.TelephonyManager.NETWORK_TYPE_GSM, android.telephony.TelephonyManager.NETWORK_TYPE_TD_SCDMA, android.telephony.TelephonyManager.NETWORK_TYPE_IWLAN, android.telephony.TelephonyManager.NETWORK_TYPE_NR}" />
    </annotation>
  </item>
  <item name="android.adservices.ondevicepersonalization.UserData int getOrientation()">
    <annotation name="androidx.annotation.IntDef">
      <val name="value" val="{android.content.res.Configuration.ORIENTATION_UNDEFINED, android.content.res.Configuration.ORIENTATION_PORTRAIT, android.content.res.Configuration.ORIENTATION_LANDSCAPE}" />
    </annotation>
  </item>
  <item name="android.adservices.ondevicepersonalization.UserData long getAvailableStorageBytes()">
    <annotation name="androidx.annotation.IntRange">
      <val name="from" val="0" />
    </annotation>
  </item>
</root>

