<?xml version="1.0" encoding="UTF-8"?>
<root>
  <item name="android.hardware.display.BrightnessConfiguration android.hardware.display.BrightnessCorrection getCorrectionByCategory(int) 0">
    <annotation name="androidx.annotation.IntDef">
      <val name="value" val="{android.content.pm.ApplicationInfo.CATEGORY_UNDEFINED, android.content.pm.ApplicationInfo.CATEGORY_GAME, android.content.pm.ApplicationInfo.CATEGORY_AUDIO, android.content.pm.ApplicationInfo.CATEGORY_VIDEO, android.content.pm.ApplicationInfo.CATEGORY_IMAGE, android.content.pm.ApplicationInfo.CATEGORY_SOCIAL, android.content.pm.ApplicationInfo.CATEGORY_NEWS, android.content.pm.ApplicationInfo.CATEGORY_MAPS, android.content.pm.ApplicationInfo.CATEGORY_PRODUCTIVITY, android.content.pm.ApplicationInfo.CATEGORY_ACCESSIBILITY}" />
    </annotation>
  </item>
  <item name="android.hardware.display.BrightnessConfiguration.Builder android.hardware.display.BrightnessConfiguration.Builder addCorrectionByCategory(int, android.hardware.display.BrightnessCorrection) 0">
    <annotation name="androidx.annotation.IntDef">
      <val name="value" val="{android.content.pm.ApplicationInfo.CATEGORY_UNDEFINED, android.content.pm.ApplicationInfo.CATEGORY_GAME, android.content.pm.ApplicationInfo.CATEGORY_AUDIO, android.content.pm.ApplicationInfo.CATEGORY_VIDEO, android.content.pm.ApplicationInfo.CATEGORY_IMAGE, android.content.pm.ApplicationInfo.CATEGORY_SOCIAL, android.content.pm.ApplicationInfo.CATEGORY_NEWS, android.content.pm.ApplicationInfo.CATEGORY_MAPS, android.content.pm.ApplicationInfo.CATEGORY_PRODUCTIVITY, android.content.pm.ApplicationInfo.CATEGORY_ACCESSIBILITY}" />
    </annotation>
  </item>
  <item name="android.hardware.display.BrightnessConfiguration.Builder android.hardware.display.BrightnessConfiguration.Builder setShortTermModelLowerLuxMultiplier(float) 0">
    <annotation name="androidx.annotation.FloatRange">
      <val name="from" val="0.0" />
    </annotation>
  </item>
  <item name="android.hardware.display.BrightnessConfiguration.Builder android.hardware.display.BrightnessConfiguration.Builder setShortTermModelUpperLuxMultiplier(float) 0">
    <annotation name="androidx.annotation.FloatRange">
      <val name="from" val="0.0" />
    </annotation>
  </item>
  <item name="android.hardware.display.BrightnessCorrection float apply(float)">
    <annotation name="androidx.annotation.FloatRange">
      <val name="from" val="0.0" />
    </annotation>
  </item>
  <item name="android.hardware.display.BrightnessCorrection float apply(float) 0">
    <annotation name="androidx.annotation.FloatRange">
      <val name="from" val="0.0" />
    </annotation>
  </item>
  <item name="android.hardware.display.ColorDisplayManager boolean setAppSaturationLevel(java.lang.String, int)">
    <annotation name="androidx.annotation.RequiresPermission">
      <val name="value" val="&quot;android.permission.CONTROL_DISPLAY_COLOR_TRANSFORMS&quot;" />
    </annotation>
  </item>
  <item name="android.hardware.display.ColorDisplayManager boolean setAppSaturationLevel(java.lang.String, int) 1">
    <annotation name="androidx.annotation.IntRange">
      <val name="from" val="0" />
      <val name="to" val="100" />
    </annotation>
  </item>
  <item name="android.hardware.display.ColorDisplayManager boolean setNightDisplayAutoMode(int)">
    <annotation name="androidx.annotation.RequiresPermission">
      <val name="value" val="&quot;android.permission.CONTROL_DISPLAY_COLOR_TRANSFORMS&quot;" />
    </annotation>
  </item>
  <item name="android.hardware.display.ColorDisplayManager boolean setNightDisplayAutoMode(int) 0">
    <annotation name="androidx.annotation.IntDef">
      <val name="value" val="{android.hardware.display.ColorDisplayManager.AUTO_MODE_DISABLED, android.hardware.display.ColorDisplayManager.AUTO_MODE_CUSTOM_TIME, android.hardware.display.ColorDisplayManager.AUTO_MODE_TWILIGHT}" />
    </annotation>
  </item>
  <item name="android.hardware.display.ColorDisplayManager boolean setNightDisplayCustomEndTime(java.time.LocalTime)">
    <annotation name="androidx.annotation.RequiresPermission">
      <val name="value" val="&quot;android.permission.CONTROL_DISPLAY_COLOR_TRANSFORMS&quot;" />
    </annotation>
  </item>
  <item name="android.hardware.display.ColorDisplayManager boolean setNightDisplayCustomStartTime(java.time.LocalTime)">
    <annotation name="androidx.annotation.RequiresPermission">
      <val name="value" val="&quot;android.permission.CONTROL_DISPLAY_COLOR_TRANSFORMS&quot;" />
    </annotation>
  </item>
  <item name="android.hardware.display.ColorDisplayManager boolean setSaturationLevel(int)">
    <annotation name="androidx.annotation.RequiresPermission">
      <val name="value" val="&quot;android.permission.CONTROL_DISPLAY_COLOR_TRANSFORMS&quot;" />
    </annotation>
  </item>
  <item name="android.hardware.display.ColorDisplayManager boolean setSaturationLevel(int) 0">
    <annotation name="androidx.annotation.IntRange">
      <val name="from" val="0" />
      <val name="to" val="100" />
    </annotation>
  </item>
  <item name="android.hardware.display.ColorDisplayManager int getNightDisplayAutoMode()">
    <annotation name="androidx.annotation.RequiresPermission">
      <val name="value" val="&quot;android.permission.CONTROL_DISPLAY_COLOR_TRANSFORMS&quot;" />
    </annotation>
    <annotation name="androidx.annotation.IntDef">
      <val name="value" val="{android.hardware.display.ColorDisplayManager.AUTO_MODE_DISABLED, android.hardware.display.ColorDisplayManager.AUTO_MODE_CUSTOM_TIME, android.hardware.display.ColorDisplayManager.AUTO_MODE_TWILIGHT}" />
    </annotation>
  </item>
  <item name="android.hardware.display.ColorDisplayManager int getTransformCapabilities()">
    <annotation name="androidx.annotation.RequiresPermission">
      <val name="value" val="&quot;android.permission.CONTROL_DISPLAY_COLOR_TRANSFORMS&quot;" />
    </annotation>
    <annotation name="androidx.annotation.IntDef">
      <val name="value" val="{android.hardware.display.ColorDisplayManager.CAPABILITY_NONE, android.hardware.display.ColorDisplayManager.CAPABILITY_PROTECTED_CONTENT, android.hardware.display.ColorDisplayManager.CAPABILITY_HARDWARE_ACCELERATION_GLOBAL, android.hardware.display.ColorDisplayManager.CAPABILITY_HARDWARE_ACCELERATION_PER_APP}" />
    </annotation>
  </item>
  <item name="android.hardware.display.DeviceProductInfo DeviceProductInfo(java.lang.String, java.lang.String, java.lang.String, int, int) 3">
    <annotation name="androidx.annotation.IntRange">
      <val name="from" val="1990" />
    </annotation>
  </item>
  <item name="android.hardware.display.DeviceProductInfo DeviceProductInfo(java.lang.String, java.lang.String, java.lang.String, int, int) 4">
    <annotation name="androidx.annotation.IntDef">
      <val name="value" val="{android.hardware.display.DeviceProductInfo.CONNECTION_TO_SINK_UNKNOWN, android.hardware.display.DeviceProductInfo.CONNECTION_TO_SINK_BUILT_IN, android.hardware.display.DeviceProductInfo.CONNECTION_TO_SINK_DIRECT, android.hardware.display.DeviceProductInfo.CONNECTION_TO_SINK_TRANSITIVE}" />
    </annotation>
  </item>
  <item name="android.hardware.display.DeviceProductInfo int getConnectionToSinkType()">
    <annotation name="androidx.annotation.IntDef">
      <val name="value" val="{android.hardware.display.DeviceProductInfo.CONNECTION_TO_SINK_UNKNOWN, android.hardware.display.DeviceProductInfo.CONNECTION_TO_SINK_BUILT_IN, android.hardware.display.DeviceProductInfo.CONNECTION_TO_SINK_DIRECT, android.hardware.display.DeviceProductInfo.CONNECTION_TO_SINK_TRANSITIVE}" />
    </annotation>
  </item>
  <item name="android.hardware.display.DeviceProductInfo int getManufactureWeek()">
    <annotation name="androidx.annotation.IntRange">
      <val name="from" val="-1" />
      <val name="to" val="53" />
    </annotation>
  </item>
  <item name="android.hardware.display.DeviceProductInfo int getManufactureYear()">
    <annotation name="androidx.annotation.IntRange">
      <val name="from" val="-1" />
    </annotation>
  </item>
  <item name="android.hardware.display.DeviceProductInfo int getModelYear()">
    <annotation name="androidx.annotation.IntRange">
      <val name="from" val="-1" />
    </annotation>
  </item>
  <item name="android.hardware.display.DisplayManager android.hardware.display.BrightnessConfiguration getBrightnessConfiguration()">
    <annotation name="androidx.annotation.RequiresPermission">
      <val name="value" val="&quot;android.permission.CONFIGURE_DISPLAY_BRIGHTNESS&quot;" />
    </annotation>
  </item>
  <item name="android.hardware.display.DisplayManager android.hardware.display.BrightnessConfiguration getBrightnessConfigurationForDisplay(java.lang.String)">
    <annotation name="androidx.annotation.RequiresPermission">
      <val name="value" val="&quot;android.permission.CONFIGURE_DISPLAY_BRIGHTNESS&quot;" />
    </annotation>
  </item>
  <item name="android.hardware.display.DisplayManager android.hardware.display.BrightnessConfiguration getDefaultBrightnessConfiguration()">
    <annotation name="androidx.annotation.RequiresPermission">
      <val name="value" val="&quot;android.permission.CONFIGURE_DISPLAY_BRIGHTNESS&quot;" />
    </annotation>
  </item>
  <item name="android.hardware.display.DisplayManager android.hardware.display.VirtualDisplay createVirtualDisplay(java.lang.String, int, int, int, android.view.Surface)">
    <annotation name="androidx.annotation.RequiresPermission">
      <val name="value" val="&quot;android.permission.CAPTURE_VIDEO_OUTPUT&quot;" />
    </annotation>
  </item>
  <item name="android.hardware.display.DisplayManager android.hardware.display.VirtualDisplay createVirtualDisplay(java.lang.String, int, int, int, android.view.Surface, int) 1">
    <annotation name="androidx.annotation.IntRange">
      <val name="from" val="1" />
    </annotation>
  </item>
  <item name="android.hardware.display.DisplayManager android.hardware.display.VirtualDisplay createVirtualDisplay(java.lang.String, int, int, int, android.view.Surface, int) 2">
    <annotation name="androidx.annotation.IntRange">
      <val name="from" val="1" />
    </annotation>
  </item>
  <item name="android.hardware.display.DisplayManager android.hardware.display.VirtualDisplay createVirtualDisplay(java.lang.String, int, int, int, android.view.Surface, int) 3">
    <annotation name="androidx.annotation.IntRange">
      <val name="from" val="1" />
    </annotation>
  </item>
  <item name="android.hardware.display.DisplayManager android.hardware.display.VirtualDisplay createVirtualDisplay(java.lang.String, int, int, int, android.view.Surface, int) 5">
    <annotation name="androidx.annotation.IntDef">
      <val name="value" val="{android.hardware.display.DisplayManager.VIRTUAL_DISPLAY_FLAG_PUBLIC, android.hardware.display.DisplayManager.VIRTUAL_DISPLAY_FLAG_PRESENTATION, android.hardware.display.DisplayManager.VIRTUAL_DISPLAY_FLAG_SECURE, android.hardware.display.DisplayManager.VIRTUAL_DISPLAY_FLAG_OWN_CONTENT_ONLY, android.hardware.display.DisplayManager.VIRTUAL_DISPLAY_FLAG_AUTO_MIRROR, android.hardware.display.DisplayManager.VIRTUAL_DISPLAY_FLAG_ROTATES_WITH_CONTENT, android.hardware.display.DisplayManager.VIRTUAL_DISPLAY_FLAG_TRUSTED, android.hardware.display.DisplayManager.VIRTUAL_DISPLAY_FLAG_STEAL_TOP_FOCUS_DISABLED}" />
      <val name="flag" val="true" />
    </annotation>
  </item>
  <item name="android.hardware.display.DisplayManager android.hardware.display.VirtualDisplay createVirtualDisplay(java.lang.String, int, int, int, android.view.Surface, int, android.hardware.display.VirtualDisplay.Callback, android.os.Handler) 1">
    <annotation name="androidx.annotation.IntRange">
      <val name="from" val="1" />
    </annotation>
  </item>
  <item name="android.hardware.display.DisplayManager android.hardware.display.VirtualDisplay createVirtualDisplay(java.lang.String, int, int, int, android.view.Surface, int, android.hardware.display.VirtualDisplay.Callback, android.os.Handler) 2">
    <annotation name="androidx.annotation.IntRange">
      <val name="from" val="1" />
    </annotation>
  </item>
  <item name="android.hardware.display.DisplayManager android.hardware.display.VirtualDisplay createVirtualDisplay(java.lang.String, int, int, int, android.view.Surface, int, android.hardware.display.VirtualDisplay.Callback, android.os.Handler) 3">
    <annotation name="androidx.annotation.IntRange">
      <val name="from" val="1" />
    </annotation>
  </item>
  <item name="android.hardware.display.DisplayManager android.hardware.display.VirtualDisplay createVirtualDisplay(java.lang.String, int, int, int, android.view.Surface, int, android.hardware.display.VirtualDisplay.Callback, android.os.Handler) 5">
    <annotation name="androidx.annotation.IntDef">
      <val name="value" val="{android.hardware.display.DisplayManager.VIRTUAL_DISPLAY_FLAG_PUBLIC, android.hardware.display.DisplayManager.VIRTUAL_DISPLAY_FLAG_PRESENTATION, android.hardware.display.DisplayManager.VIRTUAL_DISPLAY_FLAG_SECURE, android.hardware.display.DisplayManager.VIRTUAL_DISPLAY_FLAG_OWN_CONTENT_ONLY, android.hardware.display.DisplayManager.VIRTUAL_DISPLAY_FLAG_AUTO_MIRROR, android.hardware.display.DisplayManager.VIRTUAL_DISPLAY_FLAG_ROTATES_WITH_CONTENT, android.hardware.display.DisplayManager.VIRTUAL_DISPLAY_FLAG_TRUSTED, android.hardware.display.DisplayManager.VIRTUAL_DISPLAY_FLAG_STEAL_TOP_FOCUS_DISABLED}" />
      <val name="flag" val="true" />
    </annotation>
  </item>
  <item name="android.hardware.display.DisplayManager int getMatchContentFrameRateUserPreference()">
    <annotation name="androidx.annotation.IntDef">
      <val name="value" val="{android.hardware.display.DisplayManager.MATCH_CONTENT_FRAMERATE_UNKNOWN, android.hardware.display.DisplayManager.MATCH_CONTENT_FRAMERATE_NEVER, android.hardware.display.DisplayManager.MATCH_CONTENT_FRAMERATE_SEAMLESSS_ONLY, android.hardware.display.DisplayManager.MATCH_CONTENT_FRAMERATE_ALWAYS}" />
    </annotation>
  </item>
  <item name="android.hardware.display.DisplayManager java.util.List&lt;android.hardware.display.AmbientBrightnessDayStats&gt; getAmbientBrightnessStats()">
    <annotation name="androidx.annotation.RequiresPermission">
      <val name="value" val="&quot;android.permission.ACCESS_AMBIENT_LIGHT_STATS&quot;" />
    </annotation>
  </item>
  <item name="android.hardware.display.DisplayManager java.util.List&lt;android.hardware.display.BrightnessChangeEvent&gt; getBrightnessEvents()">
    <annotation name="androidx.annotation.RequiresPermission">
      <val name="value" val="&quot;android.permission.BRIGHTNESS_SLIDER_USAGE&quot;" />
    </annotation>
  </item>
  <item name="android.hardware.display.DisplayManager void setBrightnessConfiguration(android.hardware.display.BrightnessConfiguration)">
    <annotation name="androidx.annotation.RequiresPermission">
      <val name="value" val="&quot;android.permission.CONFIGURE_DISPLAY_BRIGHTNESS&quot;" />
    </annotation>
  </item>
  <item name="android.hardware.display.DisplayManager void setBrightnessConfigurationForDisplay(android.hardware.display.BrightnessConfiguration, java.lang.String)">
    <annotation name="androidx.annotation.RequiresPermission">
      <val name="value" val="&quot;android.permission.CONFIGURE_DISPLAY_BRIGHTNESS&quot;" />
    </annotation>
  </item>
  <item name="android.hardware.display.DisplayManager void setSaturationLevel(float)">
    <annotation name="androidx.annotation.RequiresPermission">
      <val name="value" val="&quot;android.permission.CONTROL_DISPLAY_SATURATION&quot;" />
    </annotation>
  </item>
  <item name="android.hardware.display.HdrConversionMode HdrConversionMode(int) 0">
    <annotation name="androidx.annotation.IntDef">
      <val name="value" val="{android.hardware.display.HdrConversionMode.HDR_CONVERSION_PASSTHROUGH, android.hardware.display.HdrConversionMode.HDR_CONVERSION_SYSTEM, android.hardware.display.HdrConversionMode.HDR_CONVERSION_FORCE}" />
    </annotation>
  </item>
  <item name="android.hardware.display.HdrConversionMode HdrConversionMode(int, int) 0">
    <annotation name="androidx.annotation.IntDef">
      <val name="value" val="{android.hardware.display.HdrConversionMode.HDR_CONVERSION_PASSTHROUGH, android.hardware.display.HdrConversionMode.HDR_CONVERSION_SYSTEM, android.hardware.display.HdrConversionMode.HDR_CONVERSION_FORCE}" />
    </annotation>
  </item>
  <item name="android.hardware.display.HdrConversionMode HdrConversionMode(int, int) 1">
    <annotation name="androidx.annotation.IntDef">
      <val name="value" val="{android.view.Display.HdrCapabilities.HDR_TYPE_INVALID, android.view.Display.HdrCapabilities.HDR_TYPE_DOLBY_VISION, android.view.Display.HdrCapabilities.HDR_TYPE_HDR10, android.view.Display.HdrCapabilities.HDR_TYPE_HLG, android.view.Display.HdrCapabilities.HDR_TYPE_HDR10_PLUS}" />
    </annotation>
  </item>
  <item name="android.hardware.display.HdrConversionMode int getConversionMode()">
    <annotation name="androidx.annotation.IntDef">
      <val name="value" val="{android.hardware.display.HdrConversionMode.HDR_CONVERSION_PASSTHROUGH, android.hardware.display.HdrConversionMode.HDR_CONVERSION_SYSTEM, android.hardware.display.HdrConversionMode.HDR_CONVERSION_FORCE}" />
    </annotation>
  </item>
  <item name="android.hardware.display.HdrConversionMode int getPreferredHdrOutputType()">
    <annotation name="androidx.annotation.IntDef">
      <val name="value" val="{android.view.Display.HdrCapabilities.HDR_TYPE_INVALID, android.view.Display.HdrCapabilities.HDR_TYPE_DOLBY_VISION, android.view.Display.HdrCapabilities.HDR_TYPE_HDR10, android.view.Display.HdrCapabilities.HDR_TYPE_HLG, android.view.Display.HdrCapabilities.HDR_TYPE_HDR10_PLUS}" />
    </annotation>
  </item>
  <item name="android.hardware.display.VirtualDisplayConfig.Builder Builder(java.lang.String, int, int, int) 1">
    <annotation name="androidx.annotation.IntRange">
      <val name="from" val="1" />
    </annotation>
  </item>
  <item name="android.hardware.display.VirtualDisplayConfig.Builder Builder(java.lang.String, int, int, int) 2">
    <annotation name="androidx.annotation.IntRange">
      <val name="from" val="1" />
    </annotation>
  </item>
  <item name="android.hardware.display.VirtualDisplayConfig.Builder Builder(java.lang.String, int, int, int) 3">
    <annotation name="androidx.annotation.IntRange">
      <val name="from" val="1" />
    </annotation>
  </item>
  <item name="android.hardware.display.VirtualDisplayConfig.Builder android.hardware.display.VirtualDisplayConfig.Builder setFlags(int) 0">
    <annotation name="androidx.annotation.IntDef">
      <val name="value" val="{android.hardware.display.DisplayManager.VIRTUAL_DISPLAY_FLAG_PUBLIC, android.hardware.display.DisplayManager.VIRTUAL_DISPLAY_FLAG_PRESENTATION, android.hardware.display.DisplayManager.VIRTUAL_DISPLAY_FLAG_SECURE, android.hardware.display.DisplayManager.VIRTUAL_DISPLAY_FLAG_OWN_CONTENT_ONLY, android.hardware.display.DisplayManager.VIRTUAL_DISPLAY_FLAG_AUTO_MIRROR, android.hardware.display.DisplayManager.VIRTUAL_DISPLAY_FLAG_ROTATES_WITH_CONTENT, android.hardware.display.DisplayManager.VIRTUAL_DISPLAY_FLAG_TRUSTED, android.hardware.display.DisplayManager.VIRTUAL_DISPLAY_FLAG_STEAL_TOP_FOCUS_DISABLED}" />
      <val name="flag" val="true" />
    </annotation>
  </item>
  <item name="android.hardware.display.VirtualDisplayConfig.Builder android.hardware.display.VirtualDisplayConfig.Builder setRequestedRefreshRate(float) 0">
    <annotation name="androidx.annotation.FloatRange">
      <val name="from" val="0.0" />
    </annotation>
  </item>
</root>

