<?xml version="1.0" encoding="UTF-8"?>
<root>
  <item name="android.ranging.DataNotificationConfig int getNotificationConfigType()">
    <annotation name="androidx.annotation.IntDef">
      <val name="value" val="{android.ranging.DataNotificationConfig.DISABLE, android.ranging.DataNotificationConfig.ENABLE, android.ranging.DataNotificationConfig.PROXIMITY_LEVEL, android.ranging.DataNotificationConfig.PROXIMITY_EDGE}" />
    </annotation>
  </item>
  <item name="android.ranging.DataNotificationConfig.Builder android.ranging.DataNotificationConfig.Builder setNotificationConfigType(int) 0">
    <annotation name="androidx.annotation.IntDef">
      <val name="value" val="{android.ranging.DataNotificationConfig.DISABLE, android.ranging.DataNotificationConfig.ENABLE, android.ranging.DataNotificationConfig.PROXIMITY_LEVEL, android.ranging.DataNotificationConfig.PROXIMITY_EDGE}" />
    </annotation>
  </item>
  <item name="android.ranging.RangingData int getRangingTechnology()">
    <annotation name="androidx.annotation.IntDef">
      <val name="value" val="{android.ranging.RangingManager.UWB, android.ranging.RangingManager.BLE_CS, android.ranging.RangingManager.WIFI_NAN_RTT, android.ranging.RangingManager.BLE_RSSI}" />
    </annotation>
  </item>
  <item name="android.ranging.RangingMeasurement int getConfidence()">
    <annotation name="androidx.annotation.IntDef">
      <val name="value" val="{android.ranging.RangingMeasurement.CONFIDENCE_LOW, android.ranging.RangingMeasurement.CONFIDENCE_MEDIUM, android.ranging.RangingMeasurement.CONFIDENCE_HIGH}" />
    </annotation>
  </item>
  <item name="android.ranging.RangingPreference int getDeviceRole()">
    <annotation name="androidx.annotation.IntDef">
      <val name="value" val="{android.ranging.RangingPreference.DEVICE_ROLE_RESPONDER, android.ranging.RangingPreference.DEVICE_ROLE_INITIATOR}" />
    </annotation>
  </item>
  <item name="android.ranging.RangingPreference.Builder Builder(int, android.ranging.RangingParams) 0">
    <annotation name="androidx.annotation.IntDef">
      <val name="value" val="{android.ranging.RangingPreference.DEVICE_ROLE_RESPONDER, android.ranging.RangingPreference.DEVICE_ROLE_INITIATOR}" />
    </annotation>
  </item>
  <item name="android.ranging.RangingSession android.os.CancellationSignal start(android.ranging.RangingPreference)">
    <annotation name="androidx.annotation.RequiresPermission">
      <val name="value" val="&quot;android.permission.RANGING&quot;" />
    </annotation>
  </item>
  <item name="android.ranging.RangingSession void addDeviceToRangingSession(android.ranging.RangingParams)">
    <annotation name="androidx.annotation.RequiresPermission">
      <val name="value" val="&quot;android.permission.RANGING&quot;" />
    </annotation>
  </item>
  <item name="android.ranging.RangingSession void close()">
    <annotation name="androidx.annotation.RequiresPermission">
      <val name="value" val="&quot;android.permission.RANGING&quot;" />
    </annotation>
  </item>
  <item name="android.ranging.RangingSession void reconfigureRangingInterval(int)">
    <annotation name="androidx.annotation.RequiresPermission">
      <val name="value" val="&quot;android.permission.RANGING&quot;" />
    </annotation>
  </item>
  <item name="android.ranging.RangingSession void reconfigureRangingInterval(int) 0">
    <annotation name="androidx.annotation.IntRange">
      <val name="from" val="0" />
      <val name="to" val="255" />
    </annotation>
  </item>
  <item name="android.ranging.RangingSession void removeDeviceFromRangingSession(android.ranging.RangingDevice)">
    <annotation name="androidx.annotation.RequiresPermission">
      <val name="value" val="&quot;android.permission.RANGING&quot;" />
    </annotation>
  </item>
  <item name="android.ranging.RangingSession void stop()">
    <annotation name="androidx.annotation.RequiresPermission">
      <val name="value" val="&quot;android.permission.RANGING&quot;" />
    </annotation>
  </item>
  <item name="android.ranging.RangingSession.Callback void onClosed(int) 0">
    <annotation name="androidx.annotation.IntDef">
      <val name="value" val="{android.ranging.RangingSession.Callback.REASON_UNKNOWN, android.ranging.RangingSession.Callback.REASON_LOCAL_REQUEST, android.ranging.RangingSession.Callback.REASON_REMOTE_REQUEST, android.ranging.RangingSession.Callback.REASON_UNSUPPORTED, android.ranging.RangingSession.Callback.REASON_SYSTEM_POLICY, android.ranging.RangingSession.Callback.REASON_NO_PEERS_FOUND}" />
    </annotation>
  </item>
  <item name="android.ranging.RangingSession.Callback void onOpenFailed(int) 0">
    <annotation name="androidx.annotation.IntDef">
      <val name="value" val="{android.ranging.RangingSession.Callback.REASON_UNKNOWN, android.ranging.RangingSession.Callback.REASON_LOCAL_REQUEST, android.ranging.RangingSession.Callback.REASON_REMOTE_REQUEST, android.ranging.RangingSession.Callback.REASON_UNSUPPORTED, android.ranging.RangingSession.Callback.REASON_SYSTEM_POLICY, android.ranging.RangingSession.Callback.REASON_NO_PEERS_FOUND}" />
    </annotation>
  </item>
  <item name="android.ranging.RangingSession.Callback void onStarted(android.ranging.RangingDevice, int) 1">
    <annotation name="androidx.annotation.IntDef">
      <val name="value" val="{android.ranging.RangingManager.UWB, android.ranging.RangingManager.BLE_CS, android.ranging.RangingManager.WIFI_NAN_RTT, android.ranging.RangingManager.BLE_RSSI}" />
    </annotation>
  </item>
  <item name="android.ranging.RangingSession.Callback void onStopped(android.ranging.RangingDevice, int) 1">
    <annotation name="androidx.annotation.IntDef">
      <val name="value" val="{android.ranging.RangingManager.UWB, android.ranging.RangingManager.BLE_CS, android.ranging.RangingManager.WIFI_NAN_RTT, android.ranging.RangingManager.BLE_RSSI}" />
    </annotation>
  </item>
  <item name="android.ranging.SessionConfiguration int getRangingMeasurementsLimit()">
    <annotation name="androidx.annotation.IntRange">
      <val name="from" val="0" />
      <val name="to" val="65535" />
    </annotation>
  </item>
  <item name="android.ranging.SessionConfiguration.Builder android.ranging.SessionConfiguration.Builder setRangingMeasurementsLimit(int) 0">
    <annotation name="androidx.annotation.IntRange">
      <val name="from" val="0" />
      <val name="to" val="65535" />
    </annotation>
  </item>
</root>

