<?xml version="1.0" encoding="UTF-8"?>
<root>
  <item name="android.credentials.selection.AuthenticationEntry AuthenticationEntry(java.lang.String, java.lang.String, android.app.slice.Slice, int, android.content.Intent) 3">
    <annotation name="androidx.annotation.IntDef">
      <val name="value" val="{android.credentials.selection.AuthenticationEntry.STATUS_LOCKED, android.credentials.selection.AuthenticationEntry.STATUS_UNLOCKED_BUT_EMPTY_LESS_RECENT, android.credentials.selection.AuthenticationEntry.STATUS_UNLOCKED_BUT_EMPTY_MOST_RECENT}" />
    </annotation>
  </item>
  <item name="android.credentials.selection.AuthenticationEntry int getStatus()">
    <annotation name="androidx.annotation.IntDef">
      <val name="value" val="{android.credentials.selection.AuthenticationEntry.STATUS_LOCKED, android.credentials.selection.AuthenticationEntry.STATUS_UNLOCKED_BUT_EMPTY_LESS_RECENT, android.credentials.selection.AuthenticationEntry.STATUS_UNLOCKED_BUT_EMPTY_MOST_RECENT}" />
    </annotation>
  </item>
  <item name="android.credentials.selection.FailureResult FailureResult(int, java.lang.String) 0">
    <annotation name="androidx.annotation.IntDef">
      <val name="value" val="{android.credentials.selection.FailureResult.ERROR_CODE_DIALOG_CANCELED_BY_USER, android.credentials.selection.FailureResult.ERROR_CODE_CANCELED_AND_LAUNCHED_SETTINGS, android.credentials.selection.FailureResult.ERROR_CODE_UI_FAILURE}" />
    </annotation>
  </item>
  <item name="android.credentials.selection.FailureResult int getErrorCode()">
    <annotation name="androidx.annotation.IntDef">
      <val name="value" val="{android.credentials.selection.FailureResult.ERROR_CODE_DIALOG_CANCELED_BY_USER, android.credentials.selection.FailureResult.ERROR_CODE_CANCELED_AND_LAUNCHED_SETTINGS, android.credentials.selection.FailureResult.ERROR_CODE_UI_FAILURE}" />
    </annotation>
  </item>
  <item name="android.credentials.selection.RequestInfo java.lang.String getType()">
    <annotation name="androidx.annotation.StringDef">
      <val name="value" val="{android.credentials.selection.RequestInfo.TYPE_GET, android.credentials.selection.RequestInfo.TYPE_CREATE, android.credentials.selection.RequestInfo.TYPE_UNDEFINED}" />
    </annotation>
  </item>
</root>

