<?xml version="1.0" encoding="UTF-8"?>
<root>
  <item name="android.text.style.AbsoluteSizeSpan AbsoluteSizeSpan(android.os.Parcel) 0">
    <annotation name="android.support.annotation.NonNull" />
  </item>
  <item name="android.text.style.AbsoluteSizeSpan void updateDrawState(android.text.TextPaint) 0">
    <annotation name="android.support.annotation.NonNull" />
  </item>
  <item name="android.text.style.AbsoluteSizeSpan void updateMeasureState(android.text.TextPaint) 0">
    <annotation name="android.support.annotation.NonNull" />
  </item>
  <item name="android.text.style.AbsoluteSizeSpan void writeToParcel(android.os.Parcel, int) 0">
    <annotation name="android.support.annotation.NonNull" />
  </item>
  <item name="android.text.style.AlignmentSpan.Standard Standard(android.os.Parcel) 0">
    <annotation name="android.support.annotation.NonNull" />
  </item>
  <item name="android.text.style.AlignmentSpan.Standard void writeToParcel(android.os.Parcel, int) 0">
    <annotation name="android.support.annotation.NonNull" />
  </item>
  <item name="android.text.style.BackgroundColorSpan BackgroundColorSpan(android.os.Parcel) 0">
    <annotation name="android.support.annotation.NonNull" />
  </item>
  <item name="android.text.style.BackgroundColorSpan void updateDrawState(android.text.TextPaint) 0">
    <annotation name="android.support.annotation.NonNull" />
  </item>
  <item name="android.text.style.BackgroundColorSpan void writeToParcel(android.os.Parcel, int) 0">
    <annotation name="android.support.annotation.NonNull" />
  </item>
  <item name="android.text.style.BulletSpan BulletSpan(android.os.Parcel) 0">
    <annotation name="android.support.annotation.NonNull" />
  </item>
  <item name="android.text.style.BulletSpan void drawLeadingMargin(android.graphics.Canvas, android.graphics.Paint, int, int, int, int, int, java.lang.CharSequence, int, int, boolean, android.text.Layout) 0">
    <annotation name="android.support.annotation.NonNull" />
  </item>
  <item name="android.text.style.BulletSpan void drawLeadingMargin(android.graphics.Canvas, android.graphics.Paint, int, int, int, int, int, java.lang.CharSequence, int, int, boolean, android.text.Layout) 1">
    <annotation name="android.support.annotation.NonNull" />
  </item>
  <item name="android.text.style.BulletSpan void drawLeadingMargin(android.graphics.Canvas, android.graphics.Paint, int, int, int, int, int, java.lang.CharSequence, int, int, boolean, android.text.Layout) 7">
    <annotation name="android.support.annotation.NonNull" />
  </item>
  <item name="android.text.style.BulletSpan void writeToParcel(android.os.Parcel, int) 0">
    <annotation name="android.support.annotation.NonNull" />
  </item>
  <item name="android.text.style.CharacterStyle android.text.style.CharacterStyle wrap(android.text.style.CharacterStyle)">
    <annotation name="android.support.annotation.NonNull" />
  </item>
  <item name="android.text.style.ClickableSpan void updateDrawState(android.text.TextPaint) 0">
    <annotation name="android.support.annotation.NonNull" />
  </item>
  <item name="android.text.style.DrawableMarginSpan void chooseHeight(java.lang.CharSequence, int, int, int, int, android.graphics.Paint.FontMetricsInt) 0">
    <annotation name="android.support.annotation.NonNull" />
  </item>
  <item name="android.text.style.DrawableMarginSpan void chooseHeight(java.lang.CharSequence, int, int, int, int, android.graphics.Paint.FontMetricsInt) 5">
    <annotation name="android.support.annotation.NonNull" />
  </item>
  <item name="android.text.style.DrawableMarginSpan void drawLeadingMargin(android.graphics.Canvas, android.graphics.Paint, int, int, int, int, int, java.lang.CharSequence, int, int, boolean, android.text.Layout) 11">
    <annotation name="android.support.annotation.NonNull" />
  </item>
  <item name="android.text.style.DrawableMarginSpan void drawLeadingMargin(android.graphics.Canvas, android.graphics.Paint, int, int, int, int, int, java.lang.CharSequence, int, int, boolean, android.text.Layout) 7">
    <annotation name="android.support.annotation.NonNull" />
  </item>
  <item name="android.text.style.DynamicDrawableSpan void draw(android.graphics.Canvas, java.lang.CharSequence, int, int, float, int, int, int, android.graphics.Paint) 0">
    <annotation name="android.support.annotation.NonNull" />
  </item>
  <item name="android.text.style.DynamicDrawableSpan void draw(android.graphics.Canvas, java.lang.CharSequence, int, int, float, int, int, int, android.graphics.Paint) 8">
    <annotation name="android.support.annotation.NonNull" />
  </item>
  <item name="android.text.style.EasyEditSpan EasyEditSpan(android.os.Parcel) 0">
    <annotation name="android.support.annotation.NonNull" />
  </item>
  <item name="android.text.style.EasyEditSpan void writeToParcel(android.os.Parcel, int) 0">
    <annotation name="android.support.annotation.NonNull" />
  </item>
  <item name="android.text.style.ForegroundColorSpan ForegroundColorSpan(android.os.Parcel) 0">
    <annotation name="android.support.annotation.NonNull" />
  </item>
  <item name="android.text.style.ForegroundColorSpan ForegroundColorSpan(int) 0">
    <annotation name="android.support.annotation.ColorInt" />
  </item>
  <item name="android.text.style.ForegroundColorSpan int getForegroundColor()">
    <annotation name="android.support.annotation.ColorInt" />
  </item>
  <item name="android.text.style.ForegroundColorSpan void updateDrawState(android.text.TextPaint) 0">
    <annotation name="android.support.annotation.NonNull" />
  </item>
  <item name="android.text.style.ForegroundColorSpan void writeToParcel(android.os.Parcel, int) 0">
    <annotation name="android.support.annotation.NonNull" />
  </item>
  <item name="android.text.style.IconMarginSpan void chooseHeight(java.lang.CharSequence, int, int, int, int, android.graphics.Paint.FontMetricsInt) 0">
    <annotation name="android.support.annotation.NonNull" />
  </item>
  <item name="android.text.style.IconMarginSpan void chooseHeight(java.lang.CharSequence, int, int, int, int, android.graphics.Paint.FontMetricsInt) 5">
    <annotation name="android.support.annotation.NonNull" />
  </item>
  <item name="android.text.style.IconMarginSpan void drawLeadingMargin(android.graphics.Canvas, android.graphics.Paint, int, int, int, int, int, java.lang.CharSequence, int, int, boolean, android.text.Layout) 0">
    <annotation name="android.support.annotation.NonNull" />
  </item>
  <item name="android.text.style.IconMarginSpan void drawLeadingMargin(android.graphics.Canvas, android.graphics.Paint, int, int, int, int, int, java.lang.CharSequence, int, int, boolean, android.text.Layout) 11">
    <annotation name="android.support.annotation.NonNull" />
  </item>
  <item name="android.text.style.IconMarginSpan void drawLeadingMargin(android.graphics.Canvas, android.graphics.Paint, int, int, int, int, int, java.lang.CharSequence, int, int, boolean, android.text.Layout) 7">
    <annotation name="android.support.annotation.NonNull" />
  </item>
  <item name="android.text.style.ImageSpan ImageSpan(android.content.Context, android.net.Uri) 1">
    <annotation name="android.support.annotation.NonNull" />
  </item>
  <item name="android.text.style.ImageSpan ImageSpan(android.content.Context, android.net.Uri, int) 1">
    <annotation name="android.support.annotation.NonNull" />
  </item>
  <item name="android.text.style.ImageSpan ImageSpan(android.content.Context, int) 1">
    <annotation name="android.support.annotation.DrawableRes" />
  </item>
  <item name="android.text.style.ImageSpan ImageSpan(android.content.Context, int, int) 1">
    <annotation name="android.support.annotation.DrawableRes" />
  </item>
  <item name="android.text.style.LeadingMarginSpan.Standard Standard(android.os.Parcel) 0">
    <annotation name="android.support.annotation.NonNull" />
  </item>
  <item name="android.text.style.LeadingMarginSpan.Standard void writeToParcel(android.os.Parcel, int) 0">
    <annotation name="android.support.annotation.NonNull" />
  </item>
  <item name="android.text.style.LocaleSpan LocaleSpan(android.os.Parcel) 0">
    <annotation name="android.support.annotation.NonNull" />
  </item>
  <item name="android.text.style.LocaleSpan void updateDrawState(android.text.TextPaint) 0">
    <annotation name="android.support.annotation.NonNull" />
  </item>
  <item name="android.text.style.LocaleSpan void updateMeasureState(android.text.TextPaint) 0">
    <annotation name="android.support.annotation.NonNull" />
  </item>
  <item name="android.text.style.LocaleSpan void writeToParcel(android.os.Parcel, int) 0">
    <annotation name="android.support.annotation.NonNull" />
  </item>
  <item name="android.text.style.MaskFilterSpan void updateDrawState(android.text.TextPaint) 0">
    <annotation name="android.support.annotation.NonNull" />
  </item>
  <item name="android.text.style.QuoteSpan QuoteSpan(android.os.Parcel) 0">
    <annotation name="android.support.annotation.NonNull" />
  </item>
  <item name="android.text.style.QuoteSpan QuoteSpan(int) 0">
    <annotation name="android.support.annotation.ColorInt" />
  </item>
  <item name="android.text.style.QuoteSpan int getColor()">
    <annotation name="android.support.annotation.ColorInt" />
  </item>
  <item name="android.text.style.QuoteSpan void drawLeadingMargin(android.graphics.Canvas, android.graphics.Paint, int, int, int, int, int, java.lang.CharSequence, int, int, boolean, android.text.Layout) 0">
    <annotation name="android.support.annotation.NonNull" />
  </item>
  <item name="android.text.style.QuoteSpan void drawLeadingMargin(android.graphics.Canvas, android.graphics.Paint, int, int, int, int, int, java.lang.CharSequence, int, int, boolean, android.text.Layout) 1">
    <annotation name="android.support.annotation.NonNull" />
  </item>
  <item name="android.text.style.QuoteSpan void writeToParcel(android.os.Parcel, int) 0">
    <annotation name="android.support.annotation.NonNull" />
  </item>
  <item name="android.text.style.RasterizerSpan void updateDrawState(android.text.TextPaint) 0">
    <annotation name="android.support.annotation.NonNull" />
  </item>
  <item name="android.text.style.RelativeSizeSpan RelativeSizeSpan(android.os.Parcel) 0">
    <annotation name="android.support.annotation.NonNull" />
  </item>
  <item name="android.text.style.RelativeSizeSpan void updateDrawState(android.text.TextPaint) 0">
    <annotation name="android.support.annotation.NonNull" />
  </item>
  <item name="android.text.style.RelativeSizeSpan void updateMeasureState(android.text.TextPaint) 0">
    <annotation name="android.support.annotation.NonNull" />
  </item>
  <item name="android.text.style.RelativeSizeSpan void writeToParcel(android.os.Parcel, int) 0">
    <annotation name="android.support.annotation.NonNull" />
  </item>
  <item name="android.text.style.ScaleXSpan ScaleXSpan(android.os.Parcel) 0">
    <annotation name="android.support.annotation.NonNull" />
  </item>
  <item name="android.text.style.ScaleXSpan void updateDrawState(android.text.TextPaint) 0">
    <annotation name="android.support.annotation.NonNull" />
  </item>
  <item name="android.text.style.ScaleXSpan void updateMeasureState(android.text.TextPaint) 0">
    <annotation name="android.support.annotation.NonNull" />
  </item>
  <item name="android.text.style.ScaleXSpan void writeToParcel(android.os.Parcel, int) 0">
    <annotation name="android.support.annotation.NonNull" />
  </item>
  <item name="android.text.style.StrikethroughSpan void updateDrawState(android.text.TextPaint) 0">
    <annotation name="android.support.annotation.NonNull" />
  </item>
  <item name="android.text.style.StyleSpan StyleSpan(android.os.Parcel) 0">
    <annotation name="android.support.annotation.NonNull" />
  </item>
  <item name="android.text.style.StyleSpan void updateDrawState(android.text.TextPaint) 0">
    <annotation name="android.support.annotation.NonNull" />
  </item>
  <item name="android.text.style.StyleSpan void updateMeasureState(android.text.TextPaint) 0">
    <annotation name="android.support.annotation.NonNull" />
  </item>
  <item name="android.text.style.StyleSpan void writeToParcel(android.os.Parcel, int) 0">
    <annotation name="android.support.annotation.NonNull" />
  </item>
  <item name="android.text.style.SubscriptSpan void updateDrawState(android.text.TextPaint) 0">
    <annotation name="android.support.annotation.NonNull" />
  </item>
  <item name="android.text.style.SubscriptSpan void updateMeasureState(android.text.TextPaint) 0">
    <annotation name="android.support.annotation.NonNull" />
  </item>
  <item name="android.text.style.SuggestionSpan SuggestionSpan(android.content.Context, java.lang.String[], int) 1">
    <annotation name="android.support.annotation.NonNull" />
  </item>
  <item name="android.text.style.SuggestionSpan SuggestionSpan(android.content.Context, java.util.Locale, java.lang.String[], int, java.lang.Class&lt;?&gt;) 2">
    <annotation name="android.support.annotation.NonNull" />
  </item>
  <item name="android.text.style.SuggestionSpan SuggestionSpan(android.os.Parcel) 0">
    <annotation name="android.support.annotation.NonNull" />
  </item>
  <item name="android.text.style.SuggestionSpan SuggestionSpan(java.util.Locale, java.lang.String[], int) 1">
    <annotation name="android.support.annotation.NonNull" />
  </item>
  <item name="android.text.style.SuggestionSpan void updateDrawState(android.text.TextPaint) 0">
    <annotation name="android.support.annotation.NonNull" />
  </item>
  <item name="android.text.style.SuggestionSpan void writeToParcel(android.os.Parcel, int) 0">
    <annotation name="android.support.annotation.NonNull" />
  </item>
  <item name="android.text.style.SuperscriptSpan void updateDrawState(android.text.TextPaint) 0">
    <annotation name="android.support.annotation.NonNull" />
  </item>
  <item name="android.text.style.SuperscriptSpan void updateMeasureState(android.text.TextPaint) 0">
    <annotation name="android.support.annotation.NonNull" />
  </item>
  <item name="android.text.style.TextAppearanceSpan TextAppearanceSpan(android.content.Context, int) 0">
    <annotation name="android.support.annotation.NonNull" />
  </item>
  <item name="android.text.style.TextAppearanceSpan TextAppearanceSpan(android.content.Context, int, int) 0">
    <annotation name="android.support.annotation.NonNull" />
  </item>
  <item name="android.text.style.TextAppearanceSpan TextAppearanceSpan(android.os.Parcel) 0">
    <annotation name="android.support.annotation.NonNull" />
  </item>
  <item name="android.text.style.TextAppearanceSpan void updateDrawState(android.text.TextPaint) 0">
    <annotation name="android.support.annotation.NonNull" />
  </item>
  <item name="android.text.style.TextAppearanceSpan void updateMeasureState(android.text.TextPaint) 0">
    <annotation name="android.support.annotation.NonNull" />
  </item>
  <item name="android.text.style.TextAppearanceSpan void writeToParcel(android.os.Parcel, int) 0">
    <annotation name="android.support.annotation.NonNull" />
  </item>
  <item name="android.text.style.TypefaceSpan TypefaceSpan(android.os.Parcel) 0">
    <annotation name="android.support.annotation.NonNull" />
  </item>
  <item name="android.text.style.TypefaceSpan void updateDrawState(android.text.TextPaint) 0">
    <annotation name="android.support.annotation.NonNull" />
  </item>
  <item name="android.text.style.TypefaceSpan void updateMeasureState(android.text.TextPaint) 0">
    <annotation name="android.support.annotation.NonNull" />
  </item>
  <item name="android.text.style.TypefaceSpan void writeToParcel(android.os.Parcel, int) 0">
    <annotation name="android.support.annotation.NonNull" />
  </item>
  <item name="android.text.style.URLSpan URLSpan(android.os.Parcel) 0">
    <annotation name="android.support.annotation.NonNull" />
  </item>
  <item name="android.text.style.URLSpan void onClick(android.view.View) 0">
    <annotation name="android.support.annotation.NonNull" />
  </item>
  <item name="android.text.style.URLSpan void writeToParcel(android.os.Parcel, int) 0">
    <annotation name="android.support.annotation.NonNull" />
  </item>
  <item name="android.text.style.UnderlineSpan void updateDrawState(android.text.TextPaint) 0">
    <annotation name="android.support.annotation.NonNull" />
  </item>
</root>

