<?xml version="1.0" encoding="UTF-8"?>
<root>
  <item name="android.appwidget.AppWidgetProviderInfo descriptionResource">
    <annotation name="androidx.annotation.IdRes"/>
  </item>
  <item name="android.appwidget.AppWidgetProviderInfo previewLayout">
    <annotation name="androidx.annotation.IdRes"/>
  </item>
  <item name="android.appwidget.AppWidgetProviderInfo resizeMode">
    <annotation name="androidx.annotation.IntDef">
      <val name="flag" val="true" />
      <val name="value" val="{android.appwidget.AppWidgetProviderInfo.RESIZE_HORIZONTAL, android.appwidget.AppWidgetProviderInfo.RESIZE_VERTICAL}" />
    </annotation>
  </item>
  <item name="android.appwidget.AppWidgetProviderInfo widgetCategory">
    <annotation name="androidx.annotation.IntDef">
      <val name="flag" val="true" />
      <val name="value" val="{android.appwidget.AppWidgetProviderInfo.WIDGET_CATEGORY_HOME_SCREEN, android.appwidget.AppWidgetProviderInfo.WIDGET_CATEGORY_KEYGUARD, android.appwidget.AppWidgetProviderInfo.WIDGET_CATEGORY_SEARCHBOX}" />
    </annotation>
  </item>
  <item name="android.appwidget.AppWidgetProviderInfo widgetFeatures">
    <annotation name="androidx.annotation.IntDef">
      <val name="flag" val="true" />
      <val name="value" val="{android.appwidget.AppWidgetProviderInfo.WIDGET_FEATURE_RECONFIGURABLE, android.appwidget.AppWidgetProviderInfo.WIDGET_FEATURE_HIDE_FROM_PICKER, android.appwidget.AppWidgetProviderInfo.WIDGET_FEATURE_CONFIGURATION_OPTIONAL}" />
    </annotation>
  </item>
</root>

