<?xml version="1.0" encoding="UTF-8"?>
<root>
  <item name="android.hardware.camera2.extension.CameraExtensionService android.hardware.camera2.extension.AdvancedExtender onInitializeAdvancedExtension(int) 0">
    <annotation name="androidx.annotation.IntDef">
      <val name="value" val="{android.hardware.camera2.CameraExtensionCharacteristics.EXTENSION_AUTOMATIC, android.hardware.camera2.CameraExtensionCharacteristics.EXTENSION_FACE_RETOUCH, android.hardware.camera2.CameraExtensionCharacteristics.EXTENSION_BOKEH, android.hardware.camera2.CameraExtensionCharacteristics.EXTENSION_HDR, android.hardware.camera2.CameraExtensionCharacteristics.EXTENSION_NIGHT}" />
      <val name="flag" val="true" />
    </annotation>
  </item>
  <item name="android.hardware.camera2.extension.CameraOutputSurface int getImageFormat()">
    <annotation name="androidx.annotation.IntDef">
      <val name="value" val="{android.graphics.ImageFormat.UNKNOWN, android.graphics.PixelFormat.RGBA_8888, android.graphics.PixelFormat.RGBX_8888, android.graphics.PixelFormat.RGB_888, android.graphics.ImageFormat.RGB_565, android.graphics.ImageFormat.YV12, android.graphics.ImageFormat.Y8, android.graphics.ImageFormat.YCBCR_P010, android.graphics.ImageFormat.NV16, android.graphics.ImageFormat.NV21, android.graphics.ImageFormat.YUY2, android.graphics.ImageFormat.JPEG, android.graphics.ImageFormat.DEPTH_JPEG, android.graphics.ImageFormat.YUV_420_888, android.graphics.ImageFormat.YUV_422_888, android.graphics.ImageFormat.YUV_444_888, android.graphics.ImageFormat.FLEX_RGB_888, android.graphics.ImageFormat.FLEX_RGBA_8888, android.graphics.ImageFormat.RAW_SENSOR, android.graphics.ImageFormat.RAW_PRIVATE, android.graphics.ImageFormat.RAW10, android.graphics.ImageFormat.RAW12, android.graphics.ImageFormat.DEPTH16, android.graphics.ImageFormat.DEPTH_POINT_CLOUD, android.graphics.ImageFormat.PRIVATE, android.graphics.ImageFormat.HEIC, android.graphics.ImageFormat.JPEG_R}" />
    </annotation>
  </item>
  <item name="android.hardware.camera2.extension.CameraOutputSurface long getDynamicRangeProfile()">
    <annotation name="androidx.annotation.LongDef">
      <val name="value" val="{android.hardware.camera2.params.DynamicRangeProfiles.STANDARD, android.hardware.camera2.params.DynamicRangeProfiles.HLG10, android.hardware.camera2.params.DynamicRangeProfiles.HDR10, android.hardware.camera2.params.DynamicRangeProfiles.HDR10_PLUS, android.hardware.camera2.params.DynamicRangeProfiles.DOLBY_VISION_10B_HDR_REF, android.hardware.camera2.params.DynamicRangeProfiles.DOLBY_VISION_10B_HDR_REF_PO, android.hardware.camera2.params.DynamicRangeProfiles.DOLBY_VISION_10B_HDR_OEM, android.hardware.camera2.params.DynamicRangeProfiles.DOLBY_VISION_10B_HDR_OEM_PO, android.hardware.camera2.params.DynamicRangeProfiles.DOLBY_VISION_8B_HDR_REF, android.hardware.camera2.params.DynamicRangeProfiles.DOLBY_VISION_8B_HDR_REF_PO, android.hardware.camera2.params.DynamicRangeProfiles.DOLBY_VISION_8B_HDR_OEM, android.hardware.camera2.params.DynamicRangeProfiles.DOLBY_VISION_8B_HDR_OEM_PO}" />
    </annotation>
  </item>
  <item name="android.hardware.camera2.extension.CameraOutputSurface void setDynamicRangeProfile(long) 0">
    <annotation name="androidx.annotation.LongDef">
      <val name="value" val="{android.hardware.camera2.params.DynamicRangeProfiles.STANDARD, android.hardware.camera2.params.DynamicRangeProfiles.HLG10, android.hardware.camera2.params.DynamicRangeProfiles.HDR10, android.hardware.camera2.params.DynamicRangeProfiles.HDR10_PLUS, android.hardware.camera2.params.DynamicRangeProfiles.DOLBY_VISION_10B_HDR_REF, android.hardware.camera2.params.DynamicRangeProfiles.DOLBY_VISION_10B_HDR_REF_PO, android.hardware.camera2.params.DynamicRangeProfiles.DOLBY_VISION_10B_HDR_OEM, android.hardware.camera2.params.DynamicRangeProfiles.DOLBY_VISION_10B_HDR_OEM_PO, android.hardware.camera2.params.DynamicRangeProfiles.DOLBY_VISION_8B_HDR_REF, android.hardware.camera2.params.DynamicRangeProfiles.DOLBY_VISION_8B_HDR_REF_PO, android.hardware.camera2.params.DynamicRangeProfiles.DOLBY_VISION_8B_HDR_OEM, android.hardware.camera2.params.DynamicRangeProfiles.DOLBY_VISION_8B_HDR_OEM_PO}" />
    </annotation>
  </item>
  <item name="android.hardware.camera2.extension.ExtensionConfiguration ExtensionConfiguration(int, int, java.util.List&lt;android.hardware.camera2.extension.ExtensionOutputConfiguration&gt;, android.hardware.camera2.CaptureRequest) 0">
    <annotation name="androidx.annotation.IntDef">
      <val name="value" val="{android.hardware.camera2.CameraDevice.SESSION_OPERATION_MODE_NORMAL, android.hardware.camera2.CameraDevice.SESSION_OPERATION_MODE_CONSTRAINED_HIGH_SPEED, android.hardware.camera2.CameraDevice.SESSION_OPERATION_MODE_VENDOR_START}" />
    </annotation>
  </item>
  <item name="android.hardware.camera2.extension.ExtensionConfiguration ExtensionConfiguration(int, int, java.util.List&lt;android.hardware.camera2.extension.ExtensionOutputConfiguration&gt;, android.hardware.camera2.CaptureRequest) 1">
    <annotation name="androidx.annotation.IntDef">
      <val name="value" val="{android.hardware.camera2.CameraDevice.TEMPLATE_PREVIEW, android.hardware.camera2.CameraDevice.TEMPLATE_STILL_CAPTURE, android.hardware.camera2.CameraDevice.TEMPLATE_RECORD, android.hardware.camera2.CameraDevice.TEMPLATE_VIDEO_SNAPSHOT, android.hardware.camera2.CameraDevice.TEMPLATE_ZERO_SHUTTER_LAG, android.hardware.camera2.CameraDevice.TEMPLATE_MANUAL}" />
    </annotation>
  </item>
  <item name="android.hardware.camera2.extension.RequestProcessor.Request Request(java.util.List&lt;java.lang.Integer&gt;, java.util.List&lt;android.util.Pair&lt;android.hardware.camera2.CaptureRequest.Key,java.lang.Object&gt;&gt;, int) 2">
    <annotation name="androidx.annotation.IntDef">
      <val name="value" val="{android.hardware.camera2.CameraDevice.TEMPLATE_PREVIEW, android.hardware.camera2.CameraDevice.TEMPLATE_STILL_CAPTURE, android.hardware.camera2.CameraDevice.TEMPLATE_RECORD, android.hardware.camera2.CameraDevice.TEMPLATE_VIDEO_SNAPSHOT, android.hardware.camera2.CameraDevice.TEMPLATE_ZERO_SHUTTER_LAG, android.hardware.camera2.CameraDevice.TEMPLATE_MANUAL}" />
    </annotation>
  </item>
  <item name="android.hardware.camera2.extension.SessionProcessor.CaptureCallback void onCaptureFailed(int, int) 1">
    <annotation name="androidx.annotation.IntDef">
      <val name="value" val="{android.hardware.camera2.CaptureFailure.REASON_ERROR, android.hardware.camera2.CaptureFailure.REASON_FLUSHED}" />
    </annotation>
  </item>
</root>

