<?xml version="1.0" encoding="UTF-8"?>
<root>
  <item name="android.app.admin.DeviceAdminInfo DeviceAdminInfo(android.content.Context, android.content.pm.ResolveInfo) 0">
    <annotation name="android.support.annotation.NonNull" />
  </item>
  <item name="android.app.admin.DeviceAdminInfo DeviceAdminInfo(android.content.Context, android.content.pm.ResolveInfo) 1">
    <annotation name="android.support.annotation.NonNull" />
  </item>
  <item name="android.app.admin.DeviceAdminInfo android.content.ComponentName getComponent()">
    <annotation name="android.support.annotation.NonNull" />
  </item>
  <item name="android.app.admin.DeviceAdminInfo java.lang.CharSequence loadDescription(android.content.pm.PackageManager) 0">
    <annotation name="android.support.annotation.NonNull" />
  </item>
  <item name="android.app.admin.DeviceAdminInfo void dump(android.util.Printer, java.lang.String) 0">
    <annotation name="android.support.annotation.NonNull" />
  </item>
  <item name="android.app.admin.DeviceAdminInfo void writeToParcel(android.os.Parcel, int) 0">
    <annotation name="android.support.annotation.NonNull" />
  </item>
  <item name="android.app.admin.DeviceAdminReceiver android.app.admin.DevicePolicyManager getManager(android.content.Context) 0">
    <annotation name="android.support.annotation.NonNull" />
  </item>
  <item name="android.app.admin.DeviceAdminReceiver void onReceive(android.content.Context, android.content.Intent) 1">
    <annotation name="android.support.annotation.NonNull" />
  </item>
  <item name="android.app.admin.SystemUpdatePolicy int getPolicyType()">
    <annotation name="android.support.annotation.IntDef">
      <val name="value" val="{android.app.admin.SystemUpdatePolicy.TYPE_INSTALL_AUTOMATIC, android.app.admin.SystemUpdatePolicy.TYPE_INSTALL_WINDOWED, android.app.admin.SystemUpdatePolicy.TYPE_POSTPONE}" />
    </annotation>
  </item>
</root>

