<?xml version="1.0" encoding="UTF-8"?>
<root>
  <item name="android.media.metrics.Event long getTimeSinceCreatedMillis()">
    <annotation name="androidx.annotation.IntRange">
      <val name="from" val="-1" />
    </annotation>
  </item>
  <item name="android.media.metrics.NetworkEvent int getNetworkType()">
    <annotation name="androidx.annotation.IntDef">
      <val name="value" val="{android.media.metrics.NetworkEvent.NETWORK_TYPE_UNKNOWN, android.media.metrics.NetworkEvent.NETWORK_TYPE_OTHER, android.media.metrics.NetworkEvent.NETWORK_TYPE_WIFI, android.media.metrics.NetworkEvent.NETWORK_TYPE_ETHERNET, android.media.metrics.NetworkEvent.NETWORK_TYPE_2G, android.media.metrics.NetworkEvent.NETWORK_TYPE_3G, android.media.metrics.NetworkEvent.NETWORK_TYPE_4G, android.media.metrics.NetworkEvent.NETWORK_TYPE_5G_NSA, android.media.metrics.NetworkEvent.NETWORK_TYPE_5G_SA, android.media.metrics.NetworkEvent.NETWORK_TYPE_OFFLINE}" />
    </annotation>
  </item>
  <item name="android.media.metrics.NetworkEvent long getTimeSinceCreatedMillis()">
    <annotation name="androidx.annotation.IntRange">
      <val name="from" val="-1" />
    </annotation>
  </item>
  <item name="android.media.metrics.NetworkEvent.Builder android.media.metrics.NetworkEvent.Builder setNetworkType(int) 0">
    <annotation name="androidx.annotation.IntDef">
      <val name="value" val="{android.media.metrics.NetworkEvent.NETWORK_TYPE_UNKNOWN, android.media.metrics.NetworkEvent.NETWORK_TYPE_OTHER, android.media.metrics.NetworkEvent.NETWORK_TYPE_WIFI, android.media.metrics.NetworkEvent.NETWORK_TYPE_ETHERNET, android.media.metrics.NetworkEvent.NETWORK_TYPE_2G, android.media.metrics.NetworkEvent.NETWORK_TYPE_3G, android.media.metrics.NetworkEvent.NETWORK_TYPE_4G, android.media.metrics.NetworkEvent.NETWORK_TYPE_5G_NSA, android.media.metrics.NetworkEvent.NETWORK_TYPE_5G_SA, android.media.metrics.NetworkEvent.NETWORK_TYPE_OFFLINE}" />
    </annotation>
  </item>
  <item name="android.media.metrics.NetworkEvent.Builder android.media.metrics.NetworkEvent.Builder setTimeSinceCreatedMillis(long) 0">
    <annotation name="androidx.annotation.IntRange">
      <val name="from" val="-1" />
    </annotation>
  </item>
  <item name="android.media.metrics.PlaybackErrorEvent int getErrorCode()">
    <annotation name="androidx.annotation.IntDef">
      <val name="value" val="{android.media.metrics.PlaybackErrorEvent.ERROR_UNKNOWN, android.media.metrics.PlaybackErrorEvent.ERROR_OTHER, android.media.metrics.PlaybackErrorEvent.ERROR_RUNTIME, android.media.metrics.PlaybackErrorEvent.ERROR_NETWORK_OFFLINE, android.media.metrics.PlaybackErrorEvent.ERROR_NETWORK_CONNECT, android.media.metrics.PlaybackErrorEvent.ERROR_NETWORK_BAD_STATUS, android.media.metrics.PlaybackErrorEvent.ERROR_NETWORK_DNS, android.media.metrics.PlaybackErrorEvent.ERROR_NETWORK_TIMEOUT, android.media.metrics.PlaybackErrorEvent.ERROR_NETWORK_CLOSED, android.media.metrics.PlaybackErrorEvent.ERROR_NETWORK_OTHER, android.media.metrics.PlaybackErrorEvent.ERROR_MEDIA_MANIFEST, android.media.metrics.PlaybackErrorEvent.ERROR_MEDIA_PARSER, android.media.metrics.PlaybackErrorEvent.ERROR_MEDIA_OTHER, android.media.metrics.PlaybackErrorEvent.ERROR_DECODER_INIT, android.media.metrics.PlaybackErrorEvent.ERROR_DECODER_DECODE, android.media.metrics.PlaybackErrorEvent.ERROR_DECODER_OOM, android.media.metrics.PlaybackErrorEvent.ERROR_DECODER_OTHER, android.media.metrics.PlaybackErrorEvent.ERROR_AUDIOTRACK_INIT, android.media.metrics.PlaybackErrorEvent.ERROR_AUDIOTRACK_WRITE, android.media.metrics.PlaybackErrorEvent.ERROR_AUDIOTRACK_OTHER, android.media.metrics.PlaybackErrorEvent.ERROR_PLAYER_REMOTE, android.media.metrics.PlaybackErrorEvent.ERROR_PLAYER_BEHIND_LIVE_WINDOW, android.media.metrics.PlaybackErrorEvent.ERROR_PLAYER_OTHER, android.media.metrics.PlaybackErrorEvent.ERROR_DRM_UNAVAILABLE, android.media.metrics.PlaybackErrorEvent.ERROR_DRM_PROVISIONING_FAILED, android.media.metrics.PlaybackErrorEvent.ERROR_DRM_LICENSE_ERROR, android.media.metrics.PlaybackErrorEvent.ERROR_DRM_DISALLOWED, android.media.metrics.PlaybackErrorEvent.ERROR_DRM_SYSTEM_ERROR, android.media.metrics.PlaybackErrorEvent.ERROR_DRM_CONTENT_ERROR, android.media.metrics.PlaybackErrorEvent.ERROR_DRM_REVOKED, android.media.metrics.PlaybackErrorEvent.ERROR_DRM_OTHER}" />
    </annotation>
  </item>
  <item name="android.media.metrics.PlaybackErrorEvent int getSubErrorCode()">
    <annotation name="androidx.annotation.IntRange">
      <val name="from" val="-2147483648" />
      <val name="to" val="2147483647" />
    </annotation>
  </item>
  <item name="android.media.metrics.PlaybackErrorEvent long getTimeSinceCreatedMillis()">
    <annotation name="androidx.annotation.IntRange">
      <val name="from" val="-1" />
    </annotation>
  </item>
  <item name="android.media.metrics.PlaybackErrorEvent.Builder android.media.metrics.PlaybackErrorEvent.Builder setErrorCode(int) 0">
    <annotation name="androidx.annotation.IntDef">
      <val name="value" val="{android.media.metrics.PlaybackErrorEvent.ERROR_UNKNOWN, android.media.metrics.PlaybackErrorEvent.ERROR_OTHER, android.media.metrics.PlaybackErrorEvent.ERROR_RUNTIME, android.media.metrics.PlaybackErrorEvent.ERROR_NETWORK_OFFLINE, android.media.metrics.PlaybackErrorEvent.ERROR_NETWORK_CONNECT, android.media.metrics.PlaybackErrorEvent.ERROR_NETWORK_BAD_STATUS, android.media.metrics.PlaybackErrorEvent.ERROR_NETWORK_DNS, android.media.metrics.PlaybackErrorEvent.ERROR_NETWORK_TIMEOUT, android.media.metrics.PlaybackErrorEvent.ERROR_NETWORK_CLOSED, android.media.metrics.PlaybackErrorEvent.ERROR_NETWORK_OTHER, android.media.metrics.PlaybackErrorEvent.ERROR_MEDIA_MANIFEST, android.media.metrics.PlaybackErrorEvent.ERROR_MEDIA_PARSER, android.media.metrics.PlaybackErrorEvent.ERROR_MEDIA_OTHER, android.media.metrics.PlaybackErrorEvent.ERROR_DECODER_INIT, android.media.metrics.PlaybackErrorEvent.ERROR_DECODER_DECODE, android.media.metrics.PlaybackErrorEvent.ERROR_DECODER_OOM, android.media.metrics.PlaybackErrorEvent.ERROR_DECODER_OTHER, android.media.metrics.PlaybackErrorEvent.ERROR_AUDIOTRACK_INIT, android.media.metrics.PlaybackErrorEvent.ERROR_AUDIOTRACK_WRITE, android.media.metrics.PlaybackErrorEvent.ERROR_AUDIOTRACK_OTHER, android.media.metrics.PlaybackErrorEvent.ERROR_PLAYER_REMOTE, android.media.metrics.PlaybackErrorEvent.ERROR_PLAYER_BEHIND_LIVE_WINDOW, android.media.metrics.PlaybackErrorEvent.ERROR_PLAYER_OTHER, android.media.metrics.PlaybackErrorEvent.ERROR_DRM_UNAVAILABLE, android.media.metrics.PlaybackErrorEvent.ERROR_DRM_PROVISIONING_FAILED, android.media.metrics.PlaybackErrorEvent.ERROR_DRM_LICENSE_ERROR, android.media.metrics.PlaybackErrorEvent.ERROR_DRM_DISALLOWED, android.media.metrics.PlaybackErrorEvent.ERROR_DRM_SYSTEM_ERROR, android.media.metrics.PlaybackErrorEvent.ERROR_DRM_CONTENT_ERROR, android.media.metrics.PlaybackErrorEvent.ERROR_DRM_REVOKED, android.media.metrics.PlaybackErrorEvent.ERROR_DRM_OTHER}" />
    </annotation>
  </item>
  <item name="android.media.metrics.PlaybackErrorEvent.Builder android.media.metrics.PlaybackErrorEvent.Builder setSubErrorCode(int) 0">
    <annotation name="androidx.annotation.IntRange">
      <val name="from" val="-2147483648" />
      <val name="to" val="2147483647" />
    </annotation>
  </item>
  <item name="android.media.metrics.PlaybackErrorEvent.Builder android.media.metrics.PlaybackErrorEvent.Builder setTimeSinceCreatedMillis(long) 0">
    <annotation name="androidx.annotation.IntRange">
      <val name="from" val="-1" />
    </annotation>
  </item>
  <item name="android.media.metrics.PlaybackMetrics int getAudioUnderrunCount()">
    <annotation name="androidx.annotation.IntRange">
      <val name="from" val="-1" />
      <val name="to" val="2147483647" />
    </annotation>
  </item>
  <item name="android.media.metrics.PlaybackMetrics int getContentType()">
    <annotation name="androidx.annotation.IntDef">
      <val name="value" val="{android.media.metrics.PlaybackMetrics.CONTENT_TYPE_UNKNOWN, android.media.metrics.PlaybackMetrics.CONTENT_TYPE_MAIN, android.media.metrics.PlaybackMetrics.CONTENT_TYPE_AD, android.media.metrics.PlaybackMetrics.CONTENT_TYPE_OTHER}" />
    </annotation>
  </item>
  <item name="android.media.metrics.PlaybackMetrics int getDrmType()">
    <annotation name="androidx.annotation.IntDef">
      <val name="value" val="{android.media.metrics.PlaybackMetrics.DRM_TYPE_NONE, android.media.metrics.PlaybackMetrics.DRM_TYPE_OTHER, android.media.metrics.PlaybackMetrics.DRM_TYPE_PLAY_READY, android.media.metrics.PlaybackMetrics.DRM_TYPE_WIDEVINE_L1, android.media.metrics.PlaybackMetrics.DRM_TYPE_WIDEVINE_L3, android.media.metrics.PlaybackMetrics.DRM_TYPE_WV_L3_FALLBACK, android.media.metrics.PlaybackMetrics.DRM_TYPE_CLEARKEY}" />
    </annotation>
  </item>
  <item name="android.media.metrics.PlaybackMetrics int getPlaybackType()">
    <annotation name="androidx.annotation.IntDef">
      <val name="value" val="{android.media.metrics.PlaybackMetrics.PLAYBACK_TYPE_UNKNOWN, android.media.metrics.PlaybackMetrics.PLAYBACK_TYPE_VOD, android.media.metrics.PlaybackMetrics.PLAYBACK_TYPE_LIVE, android.media.metrics.PlaybackMetrics.PLAYBACK_TYPE_OTHER}" />
    </annotation>
  </item>
  <item name="android.media.metrics.PlaybackMetrics int getStreamSource()">
    <annotation name="androidx.annotation.IntDef">
      <val name="value" val="{android.media.metrics.PlaybackMetrics.STREAM_SOURCE_UNKNOWN, android.media.metrics.PlaybackMetrics.STREAM_SOURCE_NETWORK, android.media.metrics.PlaybackMetrics.STREAM_SOURCE_DEVICE, android.media.metrics.PlaybackMetrics.STREAM_SOURCE_MIXED}" />
    </annotation>
  </item>
  <item name="android.media.metrics.PlaybackMetrics int getStreamType()">
    <annotation name="androidx.annotation.IntDef">
      <val name="value" val="{android.media.metrics.PlaybackMetrics.STREAM_TYPE_UNKNOWN, android.media.metrics.PlaybackMetrics.STREAM_TYPE_OTHER, android.media.metrics.PlaybackMetrics.STREAM_TYPE_PROGRESSIVE, android.media.metrics.PlaybackMetrics.STREAM_TYPE_DASH, android.media.metrics.PlaybackMetrics.STREAM_TYPE_HLS, android.media.metrics.PlaybackMetrics.STREAM_TYPE_SS}" />
    </annotation>
  </item>
  <item name="android.media.metrics.PlaybackMetrics int getVideoFramesDropped()">
    <annotation name="androidx.annotation.IntRange">
      <val name="from" val="-1" />
      <val name="to" val="2147483647" />
    </annotation>
  </item>
  <item name="android.media.metrics.PlaybackMetrics int getVideoFramesPlayed()">
    <annotation name="androidx.annotation.IntRange">
      <val name="from" val="-1" />
      <val name="to" val="2147483647" />
    </annotation>
  </item>
  <item name="android.media.metrics.PlaybackMetrics long getLocalBytesRead()">
    <annotation name="androidx.annotation.IntRange">
      <val name="from" val="-1" />
    </annotation>
  </item>
  <item name="android.media.metrics.PlaybackMetrics long getMediaDurationMillis()">
    <annotation name="androidx.annotation.IntRange">
      <val name="from" val="-1" />
    </annotation>
  </item>
  <item name="android.media.metrics.PlaybackMetrics long getNetworkBytesRead()">
    <annotation name="androidx.annotation.IntRange">
      <val name="from" val="-1" />
    </annotation>
  </item>
  <item name="android.media.metrics.PlaybackMetrics long getNetworkTransferDurationMillis()">
    <annotation name="androidx.annotation.IntRange">
      <val name="from" val="-1" />
    </annotation>
  </item>
  <item name="android.media.metrics.PlaybackMetrics.Builder android.media.metrics.PlaybackMetrics.Builder setAudioUnderrunCount(int) 0">
    <annotation name="androidx.annotation.IntRange">
      <val name="from" val="-1" />
      <val name="to" val="2147483647" />
    </annotation>
  </item>
  <item name="android.media.metrics.PlaybackMetrics.Builder android.media.metrics.PlaybackMetrics.Builder setContentType(int) 0">
    <annotation name="androidx.annotation.IntDef">
      <val name="value" val="{android.media.metrics.PlaybackMetrics.CONTENT_TYPE_UNKNOWN, android.media.metrics.PlaybackMetrics.CONTENT_TYPE_MAIN, android.media.metrics.PlaybackMetrics.CONTENT_TYPE_AD, android.media.metrics.PlaybackMetrics.CONTENT_TYPE_OTHER}" />
    </annotation>
  </item>
  <item name="android.media.metrics.PlaybackMetrics.Builder android.media.metrics.PlaybackMetrics.Builder setDrmType(int) 0">
    <annotation name="androidx.annotation.IntDef">
      <val name="value" val="{android.media.metrics.PlaybackMetrics.DRM_TYPE_NONE, android.media.metrics.PlaybackMetrics.DRM_TYPE_OTHER, android.media.metrics.PlaybackMetrics.DRM_TYPE_PLAY_READY, android.media.metrics.PlaybackMetrics.DRM_TYPE_WIDEVINE_L1, android.media.metrics.PlaybackMetrics.DRM_TYPE_WIDEVINE_L3, android.media.metrics.PlaybackMetrics.DRM_TYPE_WV_L3_FALLBACK, android.media.metrics.PlaybackMetrics.DRM_TYPE_CLEARKEY}" />
    </annotation>
  </item>
  <item name="android.media.metrics.PlaybackMetrics.Builder android.media.metrics.PlaybackMetrics.Builder setLocalBytesRead(long) 0">
    <annotation name="androidx.annotation.IntRange">
      <val name="from" val="-1" />
    </annotation>
  </item>
  <item name="android.media.metrics.PlaybackMetrics.Builder android.media.metrics.PlaybackMetrics.Builder setMediaDurationMillis(long) 0">
    <annotation name="androidx.annotation.IntRange">
      <val name="from" val="-1" />
    </annotation>
  </item>
  <item name="android.media.metrics.PlaybackMetrics.Builder android.media.metrics.PlaybackMetrics.Builder setNetworkBytesRead(long) 0">
    <annotation name="androidx.annotation.IntRange">
      <val name="from" val="-1" />
    </annotation>
  </item>
  <item name="android.media.metrics.PlaybackMetrics.Builder android.media.metrics.PlaybackMetrics.Builder setNetworkTransferDurationMillis(long) 0">
    <annotation name="androidx.annotation.IntRange">
      <val name="from" val="-1" />
    </annotation>
  </item>
  <item name="android.media.metrics.PlaybackMetrics.Builder android.media.metrics.PlaybackMetrics.Builder setPlaybackType(int) 0">
    <annotation name="androidx.annotation.IntDef">
      <val name="value" val="{android.media.metrics.PlaybackMetrics.PLAYBACK_TYPE_UNKNOWN, android.media.metrics.PlaybackMetrics.PLAYBACK_TYPE_VOD, android.media.metrics.PlaybackMetrics.PLAYBACK_TYPE_LIVE, android.media.metrics.PlaybackMetrics.PLAYBACK_TYPE_OTHER}" />
    </annotation>
  </item>
  <item name="android.media.metrics.PlaybackMetrics.Builder android.media.metrics.PlaybackMetrics.Builder setStreamSource(int) 0">
    <annotation name="androidx.annotation.IntDef">
      <val name="value" val="{android.media.metrics.PlaybackMetrics.STREAM_SOURCE_UNKNOWN, android.media.metrics.PlaybackMetrics.STREAM_SOURCE_NETWORK, android.media.metrics.PlaybackMetrics.STREAM_SOURCE_DEVICE, android.media.metrics.PlaybackMetrics.STREAM_SOURCE_MIXED}" />
    </annotation>
  </item>
  <item name="android.media.metrics.PlaybackMetrics.Builder android.media.metrics.PlaybackMetrics.Builder setStreamType(int) 0">
    <annotation name="androidx.annotation.IntDef">
      <val name="value" val="{android.media.metrics.PlaybackMetrics.STREAM_TYPE_UNKNOWN, android.media.metrics.PlaybackMetrics.STREAM_TYPE_OTHER, android.media.metrics.PlaybackMetrics.STREAM_TYPE_PROGRESSIVE, android.media.metrics.PlaybackMetrics.STREAM_TYPE_DASH, android.media.metrics.PlaybackMetrics.STREAM_TYPE_HLS, android.media.metrics.PlaybackMetrics.STREAM_TYPE_SS}" />
    </annotation>
  </item>
  <item name="android.media.metrics.PlaybackMetrics.Builder android.media.metrics.PlaybackMetrics.Builder setVideoFramesDropped(int) 0">
    <annotation name="androidx.annotation.IntRange">
      <val name="from" val="-1" />
      <val name="to" val="2147483647" />
    </annotation>
  </item>
  <item name="android.media.metrics.PlaybackMetrics.Builder android.media.metrics.PlaybackMetrics.Builder setVideoFramesPlayed(int) 0">
    <annotation name="androidx.annotation.IntRange">
      <val name="from" val="-1" />
      <val name="to" val="2147483647" />
    </annotation>
  </item>
  <item name="android.media.metrics.PlaybackStateEvent int getState()">
    <annotation name="androidx.annotation.IntDef">
      <val name="value" val="{android.media.metrics.PlaybackStateEvent.STATE_NOT_STARTED, android.media.metrics.PlaybackStateEvent.STATE_JOINING_BACKGROUND, android.media.metrics.PlaybackStateEvent.STATE_JOINING_FOREGROUND, android.media.metrics.PlaybackStateEvent.STATE_PLAYING, android.media.metrics.PlaybackStateEvent.STATE_PAUSED, android.media.metrics.PlaybackStateEvent.STATE_SEEKING, android.media.metrics.PlaybackStateEvent.STATE_BUFFERING, android.media.metrics.PlaybackStateEvent.STATE_PAUSED_BUFFERING, android.media.metrics.PlaybackStateEvent.STATE_SUPPRESSED, android.media.metrics.PlaybackStateEvent.STATE_SUPPRESSED_BUFFERING, android.media.metrics.PlaybackStateEvent.STATE_ENDED, android.media.metrics.PlaybackStateEvent.STATE_STOPPED, android.media.metrics.PlaybackStateEvent.STATE_FAILED, android.media.metrics.PlaybackStateEvent.STATE_INTERRUPTED_BY_AD, android.media.metrics.PlaybackStateEvent.STATE_ABANDONED}" />
    </annotation>
  </item>
  <item name="android.media.metrics.PlaybackStateEvent long getTimeSinceCreatedMillis()">
    <annotation name="androidx.annotation.IntRange">
      <val name="from" val="-1" />
    </annotation>
  </item>
  <item name="android.media.metrics.PlaybackStateEvent.Builder android.media.metrics.PlaybackStateEvent.Builder setState(int) 0">
    <annotation name="androidx.annotation.IntDef">
      <val name="value" val="{android.media.metrics.PlaybackStateEvent.STATE_NOT_STARTED, android.media.metrics.PlaybackStateEvent.STATE_JOINING_BACKGROUND, android.media.metrics.PlaybackStateEvent.STATE_JOINING_FOREGROUND, android.media.metrics.PlaybackStateEvent.STATE_PLAYING, android.media.metrics.PlaybackStateEvent.STATE_PAUSED, android.media.metrics.PlaybackStateEvent.STATE_SEEKING, android.media.metrics.PlaybackStateEvent.STATE_BUFFERING, android.media.metrics.PlaybackStateEvent.STATE_PAUSED_BUFFERING, android.media.metrics.PlaybackStateEvent.STATE_SUPPRESSED, android.media.metrics.PlaybackStateEvent.STATE_SUPPRESSED_BUFFERING, android.media.metrics.PlaybackStateEvent.STATE_ENDED, android.media.metrics.PlaybackStateEvent.STATE_STOPPED, android.media.metrics.PlaybackStateEvent.STATE_FAILED, android.media.metrics.PlaybackStateEvent.STATE_INTERRUPTED_BY_AD, android.media.metrics.PlaybackStateEvent.STATE_ABANDONED}" />
    </annotation>
  </item>
  <item name="android.media.metrics.PlaybackStateEvent.Builder android.media.metrics.PlaybackStateEvent.Builder setTimeSinceCreatedMillis(long) 0">
    <annotation name="androidx.annotation.IntRange">
      <val name="from" val="-1" />
    </annotation>
  </item>
  <item name="android.media.metrics.TrackChangeEvent float getVideoFrameRate()">
    <annotation name="androidx.annotation.FloatRange">
      <val name="from" val="-1" />
      <val name="to" val="3.4028235E38" />
    </annotation>
  </item>
  <item name="android.media.metrics.TrackChangeEvent int getAudioSampleRate()">
    <annotation name="androidx.annotation.IntRange">
      <val name="from" val="-1" />
      <val name="to" val="2147483647" />
    </annotation>
  </item>
  <item name="android.media.metrics.TrackChangeEvent int getBitrate()">
    <annotation name="androidx.annotation.IntRange">
      <val name="from" val="-1" />
      <val name="to" val="2147483647" />
    </annotation>
  </item>
  <item name="android.media.metrics.TrackChangeEvent int getChannelCount()">
    <annotation name="androidx.annotation.IntRange">
      <val name="from" val="-1" />
      <val name="to" val="2147483647" />
    </annotation>
  </item>
  <item name="android.media.metrics.TrackChangeEvent int getHeight()">
    <annotation name="androidx.annotation.IntRange">
      <val name="from" val="-1" />
      <val name="to" val="2147483647" />
    </annotation>
  </item>
  <item name="android.media.metrics.TrackChangeEvent int getTrackChangeReason()">
    <annotation name="androidx.annotation.IntDef">
      <val name="value" val="{android.media.metrics.TrackChangeEvent.TRACK_CHANGE_REASON_UNKNOWN, android.media.metrics.TrackChangeEvent.TRACK_CHANGE_REASON_OTHER, android.media.metrics.TrackChangeEvent.TRACK_CHANGE_REASON_INITIAL, android.media.metrics.TrackChangeEvent.TRACK_CHANGE_REASON_MANUAL, android.media.metrics.TrackChangeEvent.TRACK_CHANGE_REASON_ADAPTIVE}" />
    </annotation>
  </item>
  <item name="android.media.metrics.TrackChangeEvent int getTrackState()">
    <annotation name="androidx.annotation.IntDef">
      <val name="value" val="{android.media.metrics.TrackChangeEvent.TRACK_STATE_OFF, android.media.metrics.TrackChangeEvent.TRACK_STATE_ON}" />
    </annotation>
  </item>
  <item name="android.media.metrics.TrackChangeEvent int getTrackType()">
    <annotation name="androidx.annotation.IntDef">
      <val name="value" val="{android.media.metrics.TrackChangeEvent.TRACK_TYPE_AUDIO, android.media.metrics.TrackChangeEvent.TRACK_TYPE_VIDEO, android.media.metrics.TrackChangeEvent.TRACK_TYPE_TEXT}" />
    </annotation>
  </item>
  <item name="android.media.metrics.TrackChangeEvent int getWidth()">
    <annotation name="androidx.annotation.IntRange">
      <val name="from" val="-1" />
      <val name="to" val="2147483647" />
    </annotation>
  </item>
  <item name="android.media.metrics.TrackChangeEvent long getTimeSinceCreatedMillis()">
    <annotation name="androidx.annotation.IntRange">
      <val name="from" val="-1" />
    </annotation>
  </item>
  <item name="android.media.metrics.TrackChangeEvent.Builder Builder(int) 0">
    <annotation name="androidx.annotation.IntDef">
      <val name="value" val="{android.media.metrics.TrackChangeEvent.TRACK_TYPE_AUDIO, android.media.metrics.TrackChangeEvent.TRACK_TYPE_VIDEO, android.media.metrics.TrackChangeEvent.TRACK_TYPE_TEXT}" />
    </annotation>
  </item>
  <item name="android.media.metrics.TrackChangeEvent.Builder android.media.metrics.TrackChangeEvent.Builder setAudioSampleRate(int) 0">
    <annotation name="androidx.annotation.IntRange">
      <val name="from" val="-1" />
      <val name="to" val="2147483647" />
    </annotation>
  </item>
  <item name="android.media.metrics.TrackChangeEvent.Builder android.media.metrics.TrackChangeEvent.Builder setBitrate(int) 0">
    <annotation name="androidx.annotation.IntRange">
      <val name="from" val="-1" />
      <val name="to" val="2147483647" />
    </annotation>
  </item>
  <item name="android.media.metrics.TrackChangeEvent.Builder android.media.metrics.TrackChangeEvent.Builder setChannelCount(int) 0">
    <annotation name="androidx.annotation.IntRange">
      <val name="from" val="-1" />
      <val name="to" val="2147483647" />
    </annotation>
  </item>
  <item name="android.media.metrics.TrackChangeEvent.Builder android.media.metrics.TrackChangeEvent.Builder setHeight(int) 0">
    <annotation name="androidx.annotation.IntRange">
      <val name="from" val="-1" />
      <val name="to" val="2147483647" />
    </annotation>
  </item>
  <item name="android.media.metrics.TrackChangeEvent.Builder android.media.metrics.TrackChangeEvent.Builder setTimeSinceCreatedMillis(long) 0">
    <annotation name="androidx.annotation.IntRange">
      <val name="from" val="-1" />
    </annotation>
  </item>
  <item name="android.media.metrics.TrackChangeEvent.Builder android.media.metrics.TrackChangeEvent.Builder setTrackChangeReason(int) 0">
    <annotation name="androidx.annotation.IntDef">
      <val name="value" val="{android.media.metrics.TrackChangeEvent.TRACK_CHANGE_REASON_UNKNOWN, android.media.metrics.TrackChangeEvent.TRACK_CHANGE_REASON_OTHER, android.media.metrics.TrackChangeEvent.TRACK_CHANGE_REASON_INITIAL, android.media.metrics.TrackChangeEvent.TRACK_CHANGE_REASON_MANUAL, android.media.metrics.TrackChangeEvent.TRACK_CHANGE_REASON_ADAPTIVE}" />
    </annotation>
  </item>
  <item name="android.media.metrics.TrackChangeEvent.Builder android.media.metrics.TrackChangeEvent.Builder setTrackState(int) 0">
    <annotation name="androidx.annotation.IntDef">
      <val name="value" val="{android.media.metrics.TrackChangeEvent.TRACK_STATE_OFF, android.media.metrics.TrackChangeEvent.TRACK_STATE_ON}" />
    </annotation>
  </item>
  <item name="android.media.metrics.TrackChangeEvent.Builder android.media.metrics.TrackChangeEvent.Builder setVideoFrameRate(float) 0">
    <annotation name="androidx.annotation.FloatRange">
      <val name="from" val="-1" />
      <val name="to" val="3.4028235E38" />
    </annotation>
  </item>
  <item name="android.media.metrics.TrackChangeEvent.Builder android.media.metrics.TrackChangeEvent.Builder setWidth(int) 0">
    <annotation name="androidx.annotation.IntRange">
      <val name="from" val="-1" />
      <val name="to" val="2147483647" />
    </annotation>
  </item>
</root>

