<?xml version="1.0" encoding="UTF-8"?>
<root>
  <item name="android.net.nsd.AdvertisingRequest int getProtocolType()">
    <annotation name="androidx.annotation.IntDef">
      <val name="value" val="{android.net.nsd.NsdManager.PROTOCOL_DNS_SD}" />
    </annotation>
  </item>
  <item name="android.net.nsd.AdvertisingRequest long getFlags()">
    <annotation name="androidx.annotation.LongDef">
      <val name="value" val="{android.net.nsd.AdvertisingRequest.FLAG_SKIP_PROBING}" />
      <val name="flag" val="true" />
    </annotation>
  </item>
  <item name="android.net.nsd.AdvertisingRequest.Builder android.net.nsd.AdvertisingRequest.Builder setFlags(long) 0">
    <annotation name="androidx.annotation.LongDef">
      <val name="value" val="{android.net.nsd.AdvertisingRequest.FLAG_SKIP_PROBING}" />
      <val name="flag" val="true" />
    </annotation>
  </item>
  <item name="android.net.nsd.AdvertisingRequest.Builder android.net.nsd.AdvertisingRequest.Builder setProtocolType(int) 0">
    <annotation name="androidx.annotation.IntDef">
      <val name="value" val="{android.net.nsd.NsdManager.PROTOCOL_DNS_SD}" />
    </annotation>
  </item>
  <item name="android.net.nsd.NsdManager void discoverServices(java.lang.String, int, android.net.NetworkRequest, java.util.concurrent.Executor, android.net.nsd.NsdManager.DiscoveryListener)">
    <annotation name="androidx.annotation.RequiresPermission">
      <val name="value" val="&quot;android.permission.ACCESS_NETWORK_STATE&quot;" />
    </annotation>
  </item>
  <item name="android.net.nsd.NsdManager void registerOffloadEngine(java.lang.String, long, long, java.util.concurrent.Executor, android.net.nsd.OffloadEngine)">
    <annotation name="androidx.annotation.RequiresPermission">
      <val name="anyOf" val="{&quot;android.permission.NETWORK_SETTINGS&quot;, &quot;android.permission.MAINLINE_NETWORK_STACK&quot;, &quot;android.permission.NETWORK_STACK&quot;}" />
    </annotation>
  </item>
  <item name="android.net.nsd.NsdManager void registerOffloadEngine(java.lang.String, long, long, java.util.concurrent.Executor, android.net.nsd.OffloadEngine) 1">
    <annotation name="androidx.annotation.LongDef">
      <val name="value" val="{android.net.nsd.OffloadEngine.OFFLOAD_TYPE_REPLY, android.net.nsd.OffloadEngine.OFFLOAD_TYPE_FILTER_QUERIES, android.net.nsd.OffloadEngine.OFFLOAD_TYPE_FILTER_REPLIES}" />
      <val name="flag" val="true" />
    </annotation>
  </item>
  <item name="android.net.nsd.NsdManager void registerOffloadEngine(java.lang.String, long, long, java.util.concurrent.Executor, android.net.nsd.OffloadEngine) 2">
    <annotation name="androidx.annotation.LongDef">
      <val name="value" val="{android.net.nsd.OffloadEngine.OFFLOAD_CAPABILITY_BYPASS_MULTICAST_LOCK}" />
      <val name="flag" val="true" />
    </annotation>
  </item>
  <item name="android.net.nsd.NsdManager void unregisterOffloadEngine(android.net.nsd.OffloadEngine)">
    <annotation name="androidx.annotation.RequiresPermission">
      <val name="anyOf" val="{&quot;android.permission.NETWORK_SETTINGS&quot;, &quot;android.permission.MAINLINE_NETWORK_STACK&quot;, &quot;android.permission.NETWORK_STACK&quot;}" />
    </annotation>
  </item>
  <item name="android.net.nsd.NsdManager.ResolveListener void onStopResolutionFailed(android.net.nsd.NsdServiceInfo, int) 1">
    <annotation name="androidx.annotation.IntDef">
      <val name="value" val="{android.net.nsd.NsdManager.FAILURE_OPERATION_NOT_RUNNING}" />
    </annotation>
  </item>
  <item name="android.net.nsd.NsdManager.ServiceInfoCallback void onServiceInfoCallbackRegistrationFailed(int) 0">
    <annotation name="androidx.annotation.IntDef">
      <val name="value" val="{android.net.nsd.NsdManager.FAILURE_ALREADY_ACTIVE, android.net.nsd.NsdManager.FAILURE_BAD_PARAMETERS}" />
    </annotation>
  </item>
  <item name="android.net.nsd.OffloadServiceInfo OffloadServiceInfo(android.net.nsd.OffloadServiceInfo.Key, java.util.List&lt;java.lang.String&gt;, java.lang.String, byte[], int, long) 4">
    <annotation name="androidx.annotation.IntRange">
      <val name="from" val="0" />
      <val name="to" val="2147483647" />
    </annotation>
  </item>
  <item name="android.net.nsd.OffloadServiceInfo OffloadServiceInfo(android.net.nsd.OffloadServiceInfo.Key, java.util.List&lt;java.lang.String&gt;, java.lang.String, byte[], int, long) 5">
    <annotation name="androidx.annotation.LongDef">
      <val name="value" val="{android.net.nsd.OffloadEngine.OFFLOAD_TYPE_REPLY, android.net.nsd.OffloadEngine.OFFLOAD_TYPE_FILTER_QUERIES, android.net.nsd.OffloadEngine.OFFLOAD_TYPE_FILTER_REPLIES}" />
      <val name="flag" val="true" />
    </annotation>
  </item>
  <item name="android.net.nsd.OffloadServiceInfo long getOffloadType()">
    <annotation name="androidx.annotation.LongDef">
      <val name="value" val="{android.net.nsd.OffloadEngine.OFFLOAD_TYPE_REPLY, android.net.nsd.OffloadEngine.OFFLOAD_TYPE_FILTER_QUERIES, android.net.nsd.OffloadEngine.OFFLOAD_TYPE_FILTER_REPLIES}" />
      <val name="flag" val="true" />
    </annotation>
  </item>
</root>

