<?xml version="1.0" encoding="UTF-8"?>
<root>
  <item name="android.service.autofill.AutofillService void onCreate()">
    <annotation name="androidx.annotation.CallSuper"/>
  </item>
  <item name="android.service.autofill.FillRequest FLAG_COMPATIBILITY_MODE_REQUEST">
    <annotation name="androidx.annotation.IntDef">
      <val name="flag" val="true" />
      <val name="value" val="{android.service.autofill.FillRequest.FLAG_MANUAL_REQUEST, android.service.autofill.FillRequest.FLAG_COMPATIBILITY_MODE_REQUEST}" />
    </annotation>
  </item>
  <item name="android.service.autofill.FillRequest FLAG_MANUAL_REQUEST">
    <annotation name="androidx.annotation.IntDef">
      <val name="flag" val="true" />
      <val name="value" val="{android.service.autofill.FillRequest.FLAG_MANUAL_REQUEST, android.service.autofill.FillRequest.FLAG_COMPATIBILITY_MODE_REQUEST}" />
    </annotation>
  </item>
  <item name="android.service.autofill.FillRequest int getFlags()">
    <annotation name="androidx.annotation.IntDef">
      <val name="flag" val="true" />
      <val name="value" val="{android.service.autofill.FillRequest.FLAG_MANUAL_REQUEST, android.service.autofill.FillRequest.FLAG_COMPATIBILITY_MODE_REQUEST}" />
    </annotation>
  </item>
  <item name="android.service.autofill.FillResponse.Builder android.service.autofill.FillResponse.Builder setFlags(int) 0">
    <annotation name="androidx.annotation.IntDef">
      <val name="flag" val="true" />
      <val name="value" val="{android.service.autofill.FillResponse.FLAG_TRACK_CONTEXT_COMMITED, android.service.autofill.FillResponse.FLAG_DISABLE_ACTIVITY_ONLY}" />
    </annotation>
  </item>
  <item name="android.service.autofill.ImageTransformation.Builder Builder(android.view.autofill.AutofillId, java.util.regex.Pattern, int) 2">
    <annotation name="androidx.annotation.DrawableRes"/>
  </item>
  <item name="android.service.autofill.ImageTransformation.Builder Builder(android.view.autofill.AutofillId, java.util.regex.Pattern, int, java.lang.CharSequence) 2">
    <annotation name="androidx.annotation.DrawableRes"/>
  </item>
  <item name="android.service.autofill.ImageTransformation.Builder android.service.autofill.ImageTransformation.Builder addOption(java.util.regex.Pattern, int) 1">
    <annotation name="androidx.annotation.DrawableRes"/>
  </item>
  <item name="android.service.autofill.ImageTransformation.Builder android.service.autofill.ImageTransformation.Builder addOption(java.util.regex.Pattern, int, java.lang.CharSequence) 1">
    <annotation name="androidx.annotation.DrawableRes"/>
  </item>
  <item name="android.service.autofill.SaveInfo.Builder Builder(int) 0">
    <annotation name="androidx.annotation.IntDef">
      <val name="flag" val="true" />
      <val name="value" val="{android.service.autofill.SaveInfo.SAVE_DATA_TYPE_GENERIC, android.service.autofill.SaveInfo.SAVE_DATA_TYPE_PASSWORD, android.service.autofill.SaveInfo.SAVE_DATA_TYPE_ADDRESS, android.service.autofill.SaveInfo.SAVE_DATA_TYPE_CREDIT_CARD, android.service.autofill.SaveInfo.SAVE_DATA_TYPE_USERNAME, android.service.autofill.SaveInfo.SAVE_DATA_TYPE_EMAIL_ADDRESS, android.service.autofill.SaveInfo.SAVE_DATA_TYPE_DEBIT_CARD, android.service.autofill.SaveInfo.SAVE_DATA_TYPE_PAYMENT_CARD, android.service.autofill.SaveInfo.SAVE_DATA_TYPE_GENERIC_CARD}" />
    </annotation>
  </item>
  <item name="android.service.autofill.SaveInfo.Builder Builder(int, android.view.autofill.AutofillId[]) 0">
    <annotation name="androidx.annotation.IntDef">
      <val name="flag" val="true" />
      <val name="value" val="{android.service.autofill.SaveInfo.SAVE_DATA_TYPE_GENERIC, android.service.autofill.SaveInfo.SAVE_DATA_TYPE_PASSWORD, android.service.autofill.SaveInfo.SAVE_DATA_TYPE_ADDRESS, android.service.autofill.SaveInfo.SAVE_DATA_TYPE_CREDIT_CARD, android.service.autofill.SaveInfo.SAVE_DATA_TYPE_USERNAME, android.service.autofill.SaveInfo.SAVE_DATA_TYPE_EMAIL_ADDRESS, android.service.autofill.SaveInfo.SAVE_DATA_TYPE_DEBIT_CARD, android.service.autofill.SaveInfo.SAVE_DATA_TYPE_PAYMENT_CARD, android.service.autofill.SaveInfo.SAVE_DATA_TYPE_GENERIC_CARD}" />
    </annotation>
  </item>
  <item name="android.service.autofill.SaveInfo.Builder android.service.autofill.SaveInfo.Builder setFlags(int) 0">
    <annotation name="androidx.annotation.IntDef">
      <val name="flag" val="true" />
      <val name="value" val="{android.service.autofill.SaveInfo.FLAG_SAVE_ON_ALL_VIEWS_INVISIBLE, android.service.autofill.SaveInfo.FLAG_DONT_SAVE_ON_FINISH, android.service.autofill.SaveInfo.FLAG_DELAY_SAVE}" />
    </annotation>
  </item>
  <item name="android.service.autofill.SaveInfo.Builder android.service.autofill.SaveInfo.Builder setNegativeAction(int, android.content.IntentSender) 0">
    <annotation name="androidx.annotation.IntDef">
      <val name="value" val="{android.service.autofill.SaveInfo.NEGATIVE_BUTTON_STYLE_CANCEL, android.service.autofill.SaveInfo.NEGATIVE_BUTTON_STYLE_REJECT, android.service.autofill.SaveInfo.NEGATIVE_BUTTON_STYLE_NEVER}" />
    </annotation>
  </item>
  <item name="android.service.autofill.SaveInfo.Builder android.service.autofill.SaveInfo.Builder setPositiveAction(int) 0">
    <annotation name="androidx.annotation.IntDef">
      <val name="value" val="{android.service.autofill.SaveInfo.POSITIVE_BUTTON_STYLE_SAVE, android.service.autofill.SaveInfo.POSITIVE_BUTTON_STYLE_CONTINUE}" />
    </annotation>
  </item>
  <item name="android.service.autofill.SavedDatasetsInfo SavedDatasetsInfo(java.lang.String, int) 0">
    <annotation name="androidx.annotation.StringDef">
      <val name="value" val="{android.service.autofill.SavedDatasetsInfo.TYPE_OTHER, android.service.autofill.SavedDatasetsInfo.TYPE_PASSWORDS}" />
    </annotation>
  </item>
  <item name="android.service.autofill.SavedDatasetsInfo SavedDatasetsInfo(java.lang.String, int) 1">
    <annotation name="androidx.annotation.IntRange">
      <val name="from" val="0" />
    </annotation>
  </item>
  <item name="android.service.autofill.SavedDatasetsInfo int getCount()">
    <annotation name="androidx.annotation.IntRange">
      <val name="from" val="0" />
    </annotation>
  </item>
  <item name="android.service.autofill.SavedDatasetsInfo java.lang.String getType()">
    <annotation name="androidx.annotation.StringDef">
      <val name="value" val="{android.service.autofill.SavedDatasetsInfo.TYPE_OTHER, android.service.autofill.SavedDatasetsInfo.TYPE_PASSWORDS}" />
    </annotation>
  </item>
  <item name="android.service.autofill.SavedDatasetsInfoCallback void onError(int) 0">
    <annotation name="androidx.annotation.IntDef">
      <val name="value" val="{android.service.autofill.SavedDatasetsInfoCallback.ERROR_OTHER, android.service.autofill.SavedDatasetsInfoCallback.ERROR_UNSUPPORTED, android.service.autofill.SavedDatasetsInfoCallback.ERROR_NEEDS_USER_ACTION}" />
    </annotation>
  </item>
  <item name="android.service.autofill.VisibilitySetterAction.Builder Builder(int, int) 0">
    <annotation name="androidx.annotation.IdRes"/>
  </item>
  <item name="android.service.autofill.VisibilitySetterAction.Builder Builder(int, int) 1">
    <annotation name="androidx.annotation.IntDef">
      <val name="value" val="{android.view.View.VISIBLE, android.view.View.INVISIBLE, android.view.View.GONE}" />
    </annotation>
  </item>
  <item name="android.service.autofill.VisibilitySetterAction.Builder android.service.autofill.VisibilitySetterAction.Builder setVisibility(int, int) 0">
    <annotation name="androidx.annotation.IdRes"/>
  </item>
  <item name="android.service.autofill.VisibilitySetterAction.Builder android.service.autofill.VisibilitySetterAction.Builder setVisibility(int, int) 1">
    <annotation name="androidx.annotation.IntDef">
      <val name="value" val="{android.view.View.VISIBLE, android.view.View.INVISIBLE, android.view.View.GONE}" />
    </annotation>
  </item>
</root>

