<?xml version="1.0" encoding="UTF-8"?>
<root>
  <item name="android.service.wearable.WearableSensingService void onDataProvided(android.os.PersistableBundle, android.os.SharedMemory, java.util.function.Consumer&lt;java.lang.Integer&gt;)">
    <annotation name="androidx.annotation.BinderThread"/>
  </item>
  <item name="android.service.wearable.WearableSensingService void onDataStreamProvided(android.os.ParcelFileDescriptor, java.util.function.Consumer&lt;java.lang.Integer&gt;)">
    <annotation name="androidx.annotation.BinderThread"/>
  </item>
  <item name="android.service.wearable.WearableSensingService void onQueryServiceStatus(java.util.Set&lt;java.lang.Integer&gt;, java.lang.String, java.util.function.Consumer&lt;android.service.ambientcontext.AmbientContextDetectionServiceStatus&gt;)">
    <annotation name="androidx.annotation.BinderThread"/>
  </item>
  <item name="android.service.wearable.WearableSensingService void onStartDetection(android.app.ambientcontext.AmbientContextEventRequest, java.lang.String, java.util.function.Consumer&lt;android.service.ambientcontext.AmbientContextDetectionServiceStatus&gt;, java.util.function.Consumer&lt;android.service.ambientcontext.AmbientContextDetectionResult&gt;)">
    <annotation name="androidx.annotation.BinderThread"/>
  </item>
</root>

