<?xml version="1.0" encoding="UTF-8"?>
<root>
  <item name="android.net.nsd.NsdManager void registerService(android.net.nsd.NsdServiceInfo, int, android.net.nsd.NsdManager.RegistrationListener) 0">
    <annotation name="android.support.annotation.NonNull" />
  </item>
  <item name="android.net.nsd.NsdManager void resolveService(android.net.nsd.NsdServiceInfo, android.net.nsd.NsdManager.ResolveListener) 0">
    <annotation name="android.support.annotation.NonNull" />
  </item>
  <item name="android.net.nsd.NsdServiceInfo void writeToParcel(android.os.Parcel, int) 0">
    <annotation name="android.support.annotation.NonNull" />
  </item>
</root>

