<?xml version="1.0" encoding="UTF-8"?>
<root>
  <item name="android.apphibernation.AppHibernationManager boolean isHibernatingForUser(java.lang.String)">
    <annotation name="androidx.annotation.RequiresPermission">
      <val name="value" val="&quot;android.permission.MANAGE_APP_HIBERNATION&quot;" />
    </annotation>
  </item>
  <item name="android.apphibernation.AppHibernationManager boolean isHibernatingGlobally(java.lang.String)">
    <annotation name="androidx.annotation.RequiresPermission">
      <val name="value" val="&quot;android.permission.MANAGE_APP_HIBERNATION&quot;" />
    </annotation>
  </item>
  <item name="android.apphibernation.AppHibernationManager java.util.List&lt;java.lang.String&gt; getHibernatingPackagesForUser()">
    <annotation name="androidx.annotation.RequiresPermission">
      <val name="value" val="&quot;android.permission.MANAGE_APP_HIBERNATION&quot;" />
    </annotation>
  </item>
  <item name="android.apphibernation.AppHibernationManager java.util.Map&lt;java.lang.String,android.apphibernation.HibernationStats&gt; getHibernationStatsForUser()">
    <annotation name="androidx.annotation.RequiresPermission">
      <val name="value" val="&quot;android.permission.MANAGE_APP_HIBERNATION&quot;" />
    </annotation>
  </item>
  <item name="android.apphibernation.AppHibernationManager java.util.Map&lt;java.lang.String,android.apphibernation.HibernationStats&gt; getHibernationStatsForUser(java.util.Set&lt;java.lang.String&gt;)">
    <annotation name="androidx.annotation.RequiresPermission">
      <val name="value" val="&quot;android.permission.MANAGE_APP_HIBERNATION&quot;" />
    </annotation>
  </item>
  <item name="android.apphibernation.AppHibernationManager void setHibernatingForUser(java.lang.String, boolean)">
    <annotation name="androidx.annotation.RequiresPermission">
      <val name="value" val="&quot;android.permission.MANAGE_APP_HIBERNATION&quot;" />
    </annotation>
  </item>
  <item name="android.apphibernation.AppHibernationManager void setHibernatingGlobally(java.lang.String, boolean)">
    <annotation name="androidx.annotation.RequiresPermission">
      <val name="value" val="&quot;android.permission.MANAGE_APP_HIBERNATION&quot;" />
    </annotation>
  </item>
</root>

