<?xml version="1.0" encoding="UTF-8"?>
<root>
  <item name="android.safetycenter.config.SafetySource int getInitialDisplayState()">
    <annotation name="androidx.annotation.IntDef">
      <val name="value" val="{android.safetycenter.config.SafetySource.INITIAL_DISPLAY_STATE_ENABLED, android.safetycenter.config.SafetySource.INITIAL_DISPLAY_STATE_DISABLED, android.safetycenter.config.SafetySource.INITIAL_DISPLAY_STATE_HIDDEN}" />
    </annotation>
  </item>
  <item name="android.safetycenter.config.SafetySource int getProfile()">
    <annotation name="androidx.annotation.IntDef">
      <val name="value" val="{android.safetycenter.config.SafetySource.PROFILE_NONE, android.safetycenter.config.SafetySource.PROFILE_PRIMARY, android.safetycenter.config.SafetySource.PROFILE_ALL}" />
    </annotation>
  </item>
  <item name="android.safetycenter.config.SafetySource int getSearchTermsResId()">
    <annotation name="androidx.annotation.StringRes"/>
  </item>
  <item name="android.safetycenter.config.SafetySource int getSummaryResId()">
    <annotation name="androidx.annotation.StringRes"/>
  </item>
  <item name="android.safetycenter.config.SafetySource int getTitleForWorkResId()">
    <annotation name="androidx.annotation.StringRes"/>
  </item>
  <item name="android.safetycenter.config.SafetySource int getTitleResId()">
    <annotation name="androidx.annotation.StringRes"/>
  </item>
  <item name="android.safetycenter.config.SafetySource int getType()">
    <annotation name="androidx.annotation.IntDef">
      <val name="value" val="{android.safetycenter.config.SafetySource.SAFETY_SOURCE_TYPE_STATIC, android.safetycenter.config.SafetySource.SAFETY_SOURCE_TYPE_DYNAMIC, android.safetycenter.config.SafetySource.SAFETY_SOURCE_TYPE_ISSUE_ONLY}" />
    </annotation>
  </item>
  <item name="android.safetycenter.config.SafetySource.Builder Builder(int) 0">
    <annotation name="androidx.annotation.IntDef">
      <val name="value" val="{android.safetycenter.config.SafetySource.SAFETY_SOURCE_TYPE_STATIC, android.safetycenter.config.SafetySource.SAFETY_SOURCE_TYPE_DYNAMIC, android.safetycenter.config.SafetySource.SAFETY_SOURCE_TYPE_ISSUE_ONLY}" />
    </annotation>
  </item>
  <item name="android.safetycenter.config.SafetySource.Builder android.safetycenter.config.SafetySource.Builder setInitialDisplayState(int) 0">
    <annotation name="androidx.annotation.IntDef">
      <val name="value" val="{android.safetycenter.config.SafetySource.INITIAL_DISPLAY_STATE_ENABLED, android.safetycenter.config.SafetySource.INITIAL_DISPLAY_STATE_DISABLED, android.safetycenter.config.SafetySource.INITIAL_DISPLAY_STATE_HIDDEN}" />
    </annotation>
  </item>
  <item name="android.safetycenter.config.SafetySource.Builder android.safetycenter.config.SafetySource.Builder setProfile(int) 0">
    <annotation name="androidx.annotation.IntDef">
      <val name="value" val="{android.safetycenter.config.SafetySource.PROFILE_NONE, android.safetycenter.config.SafetySource.PROFILE_PRIMARY, android.safetycenter.config.SafetySource.PROFILE_ALL}" />
    </annotation>
  </item>
  <item name="android.safetycenter.config.SafetySource.Builder android.safetycenter.config.SafetySource.Builder setSearchTermsResId(int) 0">
    <annotation name="androidx.annotation.StringRes"/>
  </item>
  <item name="android.safetycenter.config.SafetySource.Builder android.safetycenter.config.SafetySource.Builder setSummaryResId(int) 0">
    <annotation name="androidx.annotation.StringRes"/>
  </item>
  <item name="android.safetycenter.config.SafetySource.Builder android.safetycenter.config.SafetySource.Builder setTitleForWorkResId(int) 0">
    <annotation name="androidx.annotation.StringRes"/>
  </item>
  <item name="android.safetycenter.config.SafetySource.Builder android.safetycenter.config.SafetySource.Builder setTitleResId(int) 0">
    <annotation name="androidx.annotation.StringRes"/>
  </item>
  <item name="android.safetycenter.config.SafetySourcesGroup int getStatelessIconType()">
    <annotation name="androidx.annotation.IntDef">
      <val name="value" val="{android.safetycenter.config.SafetySourcesGroup.STATELESS_ICON_TYPE_NONE, android.safetycenter.config.SafetySourcesGroup.STATELESS_ICON_TYPE_PRIVACY}" />
    </annotation>
  </item>
  <item name="android.safetycenter.config.SafetySourcesGroup int getSummaryResId()">
    <annotation name="androidx.annotation.StringRes"/>
  </item>
  <item name="android.safetycenter.config.SafetySourcesGroup int getTitleResId()">
    <annotation name="androidx.annotation.StringRes"/>
  </item>
  <item name="android.safetycenter.config.SafetySourcesGroup int getType()">
    <annotation name="androidx.annotation.IntDef">
      <val name="value" val="{android.safetycenter.config.SafetySourcesGroup.SAFETY_SOURCES_GROUP_TYPE_COLLAPSIBLE, android.safetycenter.config.SafetySourcesGroup.SAFETY_SOURCES_GROUP_TYPE_RIGID, android.safetycenter.config.SafetySourcesGroup.SAFETY_SOURCES_GROUP_TYPE_HIDDEN}" />
    </annotation>
  </item>
  <item name="android.safetycenter.config.SafetySourcesGroup.Builder android.safetycenter.config.SafetySourcesGroup.Builder setStatelessIconType(int) 0">
    <annotation name="androidx.annotation.IntDef">
      <val name="value" val="{android.safetycenter.config.SafetySourcesGroup.STATELESS_ICON_TYPE_NONE, android.safetycenter.config.SafetySourcesGroup.STATELESS_ICON_TYPE_PRIVACY}" />
    </annotation>
  </item>
  <item name="android.safetycenter.config.SafetySourcesGroup.Builder android.safetycenter.config.SafetySourcesGroup.Builder setSummaryResId(int) 0">
    <annotation name="androidx.annotation.StringRes"/>
  </item>
  <item name="android.safetycenter.config.SafetySourcesGroup.Builder android.safetycenter.config.SafetySourcesGroup.Builder setTitleResId(int) 0">
    <annotation name="androidx.annotation.StringRes"/>
  </item>
</root>

