<?xml version="1.0" encoding="UTF-8"?>
<root>
  <item name="android.hardware.camera2.params.DeviceStateSensorOrientationMap int getSensorOrientation(long) 0">
    <annotation name="androidx.annotation.LongDef">
      <val name="value" val="{android.hardware.camera2.params.DeviceStateSensorOrientationMap.NORMAL, android.hardware.camera2.params.DeviceStateSensorOrientationMap.FOLDED}" />
    </annotation>
  </item>
  <item name="android.hardware.camera2.params.DynamicRangeProfiles boolean isExtraLatencyPresent(long) 0">
    <annotation name="androidx.annotation.LongDef">
      <val name="value" val="{android.hardware.camera2.params.DynamicRangeProfiles.STANDARD, android.hardware.camera2.params.DynamicRangeProfiles.HLG10, android.hardware.camera2.params.DynamicRangeProfiles.HDR10, android.hardware.camera2.params.DynamicRangeProfiles.HDR10_PLUS, android.hardware.camera2.params.DynamicRangeProfiles.DOLBY_VISION_10B_HDR_REF, android.hardware.camera2.params.DynamicRangeProfiles.DOLBY_VISION_10B_HDR_REF_PO, android.hardware.camera2.params.DynamicRangeProfiles.DOLBY_VISION_10B_HDR_OEM, android.hardware.camera2.params.DynamicRangeProfiles.DOLBY_VISION_10B_HDR_OEM_PO, android.hardware.camera2.params.DynamicRangeProfiles.DOLBY_VISION_8B_HDR_REF, android.hardware.camera2.params.DynamicRangeProfiles.DOLBY_VISION_8B_HDR_REF_PO, android.hardware.camera2.params.DynamicRangeProfiles.DOLBY_VISION_8B_HDR_OEM, android.hardware.camera2.params.DynamicRangeProfiles.DOLBY_VISION_8B_HDR_OEM_PO}" />
    </annotation>
  </item>
  <item name="android.hardware.camera2.params.DynamicRangeProfiles java.util.Set&lt;java.lang.Long&gt; getProfileCaptureRequestConstraints(long) 0">
    <annotation name="androidx.annotation.LongDef">
      <val name="value" val="{android.hardware.camera2.params.DynamicRangeProfiles.STANDARD, android.hardware.camera2.params.DynamicRangeProfiles.HLG10, android.hardware.camera2.params.DynamicRangeProfiles.HDR10, android.hardware.camera2.params.DynamicRangeProfiles.HDR10_PLUS, android.hardware.camera2.params.DynamicRangeProfiles.DOLBY_VISION_10B_HDR_REF, android.hardware.camera2.params.DynamicRangeProfiles.DOLBY_VISION_10B_HDR_REF_PO, android.hardware.camera2.params.DynamicRangeProfiles.DOLBY_VISION_10B_HDR_OEM, android.hardware.camera2.params.DynamicRangeProfiles.DOLBY_VISION_10B_HDR_OEM_PO, android.hardware.camera2.params.DynamicRangeProfiles.DOLBY_VISION_8B_HDR_REF, android.hardware.camera2.params.DynamicRangeProfiles.DOLBY_VISION_8B_HDR_REF_PO, android.hardware.camera2.params.DynamicRangeProfiles.DOLBY_VISION_8B_HDR_OEM, android.hardware.camera2.params.DynamicRangeProfiles.DOLBY_VISION_8B_HDR_OEM_PO}" />
    </annotation>
  </item>
  <item name="android.hardware.camera2.params.ExtensionSessionConfiguration ExtensionSessionConfiguration(int, java.util.List&lt;android.hardware.camera2.params.OutputConfiguration&gt;, java.util.concurrent.Executor, android.hardware.camera2.CameraExtensionSession.StateCallback) 0">
    <annotation name="androidx.annotation.IntDef">
      <val name="value" val="{android.hardware.camera2.CameraExtensionCharacteristics.EXTENSION_AUTOMATIC, android.hardware.camera2.CameraExtensionCharacteristics.EXTENSION_FACE_RETOUCH, android.hardware.camera2.CameraExtensionCharacteristics.EXTENSION_BOKEH, android.hardware.camera2.CameraExtensionCharacteristics.EXTENSION_HDR, android.hardware.camera2.CameraExtensionCharacteristics.EXTENSION_NIGHT}" />
      <val name="flag" val="true" />
    </annotation>
  </item>
  <item name="android.hardware.camera2.params.ExtensionSessionConfiguration int getExtension()">
    <annotation name="androidx.annotation.IntDef">
      <val name="value" val="{android.hardware.camera2.CameraExtensionCharacteristics.EXTENSION_AUTOMATIC, android.hardware.camera2.CameraExtensionCharacteristics.EXTENSION_FACE_RETOUCH, android.hardware.camera2.CameraExtensionCharacteristics.EXTENSION_BOKEH, android.hardware.camera2.CameraExtensionCharacteristics.EXTENSION_HDR, android.hardware.camera2.CameraExtensionCharacteristics.EXTENSION_NIGHT}" />
      <val name="flag" val="true" />
    </annotation>
  </item>
  <item name="android.hardware.camera2.params.InputConfiguration InputConfiguration(java.util.Collection&lt;android.hardware.camera2.params.MultiResolutionStreamInfo&gt;, int) 1">
    <annotation name="androidx.annotation.IntDef">
      <val name="value" val="{android.graphics.ImageFormat.UNKNOWN, android.graphics.PixelFormat.RGBA_8888, android.graphics.PixelFormat.RGBX_8888, android.graphics.PixelFormat.RGB_888, android.graphics.ImageFormat.RGB_565, android.graphics.ImageFormat.YV12, android.graphics.ImageFormat.Y8, android.graphics.ImageFormat.YCBCR_P010, android.graphics.ImageFormat.NV16, android.graphics.ImageFormat.NV21, android.graphics.ImageFormat.YUY2, android.graphics.ImageFormat.JPEG, android.graphics.ImageFormat.DEPTH_JPEG, android.graphics.ImageFormat.YUV_420_888, android.graphics.ImageFormat.YUV_422_888, android.graphics.ImageFormat.YUV_444_888, android.graphics.ImageFormat.FLEX_RGB_888, android.graphics.ImageFormat.FLEX_RGBA_8888, android.graphics.ImageFormat.RAW_SENSOR, android.graphics.ImageFormat.RAW_PRIVATE, android.graphics.ImageFormat.RAW10, android.graphics.ImageFormat.RAW12, android.graphics.ImageFormat.DEPTH16, android.graphics.ImageFormat.DEPTH_POINT_CLOUD, android.graphics.ImageFormat.PRIVATE, android.graphics.ImageFormat.HEIC}" />
    </annotation>
  </item>
  <item name="android.hardware.camera2.params.MandatoryStreamCombination.MandatoryStreamInformation int get10BitFormat()">
    <annotation name="androidx.annotation.IntDef">
      <val name="value" val="{android.graphics.ImageFormat.UNKNOWN, android.graphics.PixelFormat.RGBA_8888, android.graphics.PixelFormat.RGBX_8888, android.graphics.PixelFormat.RGB_888, android.graphics.ImageFormat.RGB_565, android.graphics.ImageFormat.YV12, android.graphics.ImageFormat.Y8, android.graphics.ImageFormat.YCBCR_P010, android.graphics.ImageFormat.NV16, android.graphics.ImageFormat.NV21, android.graphics.ImageFormat.YUY2, android.graphics.ImageFormat.JPEG, android.graphics.ImageFormat.DEPTH_JPEG, android.graphics.ImageFormat.YUV_420_888, android.graphics.ImageFormat.YUV_422_888, android.graphics.ImageFormat.YUV_444_888, android.graphics.ImageFormat.FLEX_RGB_888, android.graphics.ImageFormat.FLEX_RGBA_8888, android.graphics.ImageFormat.RAW_SENSOR, android.graphics.ImageFormat.RAW_PRIVATE, android.graphics.ImageFormat.RAW10, android.graphics.ImageFormat.RAW12, android.graphics.ImageFormat.DEPTH16, android.graphics.ImageFormat.DEPTH_POINT_CLOUD, android.graphics.ImageFormat.PRIVATE, android.graphics.ImageFormat.HEIC}" />
    </annotation>
  </item>
  <item name="android.hardware.camera2.params.MandatoryStreamCombination.MandatoryStreamInformation int getFormat()">
    <annotation name="androidx.annotation.IntDef">
      <val name="value" val="{android.graphics.ImageFormat.UNKNOWN, android.graphics.PixelFormat.RGBA_8888, android.graphics.PixelFormat.RGBX_8888, android.graphics.PixelFormat.RGB_888, android.graphics.ImageFormat.RGB_565, android.graphics.ImageFormat.YV12, android.graphics.ImageFormat.Y8, android.graphics.ImageFormat.YCBCR_P010, android.graphics.ImageFormat.NV16, android.graphics.ImageFormat.NV21, android.graphics.ImageFormat.YUY2, android.graphics.ImageFormat.JPEG, android.graphics.ImageFormat.DEPTH_JPEG, android.graphics.ImageFormat.YUV_420_888, android.graphics.ImageFormat.YUV_422_888, android.graphics.ImageFormat.YUV_444_888, android.graphics.ImageFormat.FLEX_RGB_888, android.graphics.ImageFormat.FLEX_RGBA_8888, android.graphics.ImageFormat.RAW_SENSOR, android.graphics.ImageFormat.RAW_PRIVATE, android.graphics.ImageFormat.RAW10, android.graphics.ImageFormat.RAW12, android.graphics.ImageFormat.DEPTH16, android.graphics.ImageFormat.DEPTH_POINT_CLOUD, android.graphics.ImageFormat.PRIVATE, android.graphics.ImageFormat.HEIC}" />
    </annotation>
  </item>
  <item name="android.hardware.camera2.params.MandatoryStreamCombination.MandatoryStreamInformation long getStreamUseCase()">
    <annotation name="androidx.annotation.IntDef">
      <val name="value" val="{android.hardware.camera2.CameraMetadata.SCALER_AVAILABLE_STREAM_USE_CASES_DEFAULT, android.hardware.camera2.CameraMetadata.SCALER_AVAILABLE_STREAM_USE_CASES_PREVIEW, android.hardware.camera2.CameraMetadata.SCALER_AVAILABLE_STREAM_USE_CASES_STILL_CAPTURE, android.hardware.camera2.CameraMetadata.SCALER_AVAILABLE_STREAM_USE_CASES_VIDEO_RECORD, android.hardware.camera2.CameraMetadata.SCALER_AVAILABLE_STREAM_USE_CASES_PREVIEW_VIDEO_STILL, android.hardware.camera2.CameraMetadata.SCALER_AVAILABLE_STREAM_USE_CASES_VIDEO_CALL}" />
    </annotation>
  </item>
  <item name="android.hardware.camera2.params.MultiResolutionStreamConfigurationMap int[] getInputFormats()">
    <annotation name="androidx.annotation.IntDef">
      <val name="value" val="{android.graphics.ImageFormat.UNKNOWN, android.graphics.PixelFormat.RGBA_8888, android.graphics.PixelFormat.RGBX_8888, android.graphics.PixelFormat.RGB_888, android.graphics.ImageFormat.RGB_565, android.graphics.ImageFormat.YV12, android.graphics.ImageFormat.Y8, android.graphics.ImageFormat.YCBCR_P010, android.graphics.ImageFormat.NV16, android.graphics.ImageFormat.NV21, android.graphics.ImageFormat.YUY2, android.graphics.ImageFormat.JPEG, android.graphics.ImageFormat.DEPTH_JPEG, android.graphics.ImageFormat.YUV_420_888, android.graphics.ImageFormat.YUV_422_888, android.graphics.ImageFormat.YUV_444_888, android.graphics.ImageFormat.FLEX_RGB_888, android.graphics.ImageFormat.FLEX_RGBA_8888, android.graphics.ImageFormat.RAW_SENSOR, android.graphics.ImageFormat.RAW_PRIVATE, android.graphics.ImageFormat.RAW10, android.graphics.ImageFormat.RAW12, android.graphics.ImageFormat.DEPTH16, android.graphics.ImageFormat.DEPTH_POINT_CLOUD, android.graphics.ImageFormat.PRIVATE, android.graphics.ImageFormat.HEIC}" />
    </annotation>
  </item>
  <item name="android.hardware.camera2.params.MultiResolutionStreamConfigurationMap int[] getOutputFormats()">
    <annotation name="androidx.annotation.IntDef">
      <val name="value" val="{android.graphics.ImageFormat.UNKNOWN, android.graphics.PixelFormat.RGBA_8888, android.graphics.PixelFormat.RGBX_8888, android.graphics.PixelFormat.RGB_888, android.graphics.ImageFormat.RGB_565, android.graphics.ImageFormat.YV12, android.graphics.ImageFormat.Y8, android.graphics.ImageFormat.YCBCR_P010, android.graphics.ImageFormat.NV16, android.graphics.ImageFormat.NV21, android.graphics.ImageFormat.YUY2, android.graphics.ImageFormat.JPEG, android.graphics.ImageFormat.DEPTH_JPEG, android.graphics.ImageFormat.YUV_420_888, android.graphics.ImageFormat.YUV_422_888, android.graphics.ImageFormat.YUV_444_888, android.graphics.ImageFormat.FLEX_RGB_888, android.graphics.ImageFormat.FLEX_RGBA_8888, android.graphics.ImageFormat.RAW_SENSOR, android.graphics.ImageFormat.RAW_PRIVATE, android.graphics.ImageFormat.RAW10, android.graphics.ImageFormat.RAW12, android.graphics.ImageFormat.DEPTH16, android.graphics.ImageFormat.DEPTH_POINT_CLOUD, android.graphics.ImageFormat.PRIVATE, android.graphics.ImageFormat.HEIC}" />
    </annotation>
  </item>
  <item name="android.hardware.camera2.params.MultiResolutionStreamConfigurationMap java.util.Collection&lt;android.hardware.camera2.params.MultiResolutionStreamInfo&gt; getInputInfo(int) 0">
    <annotation name="androidx.annotation.IntDef">
      <val name="value" val="{android.graphics.ImageFormat.UNKNOWN, android.graphics.PixelFormat.RGBA_8888, android.graphics.PixelFormat.RGBX_8888, android.graphics.PixelFormat.RGB_888, android.graphics.ImageFormat.RGB_565, android.graphics.ImageFormat.YV12, android.graphics.ImageFormat.Y8, android.graphics.ImageFormat.YCBCR_P010, android.graphics.ImageFormat.NV16, android.graphics.ImageFormat.NV21, android.graphics.ImageFormat.YUY2, android.graphics.ImageFormat.JPEG, android.graphics.ImageFormat.DEPTH_JPEG, android.graphics.ImageFormat.YUV_420_888, android.graphics.ImageFormat.YUV_422_888, android.graphics.ImageFormat.YUV_444_888, android.graphics.ImageFormat.FLEX_RGB_888, android.graphics.ImageFormat.FLEX_RGBA_8888, android.graphics.ImageFormat.RAW_SENSOR, android.graphics.ImageFormat.RAW_PRIVATE, android.graphics.ImageFormat.RAW10, android.graphics.ImageFormat.RAW12, android.graphics.ImageFormat.DEPTH16, android.graphics.ImageFormat.DEPTH_POINT_CLOUD, android.graphics.ImageFormat.PRIVATE, android.graphics.ImageFormat.HEIC}" />
    </annotation>
  </item>
  <item name="android.hardware.camera2.params.MultiResolutionStreamConfigurationMap java.util.Collection&lt;android.hardware.camera2.params.MultiResolutionStreamInfo&gt; getOutputInfo(int) 0">
    <annotation name="androidx.annotation.IntDef">
      <val name="value" val="{android.graphics.ImageFormat.UNKNOWN, android.graphics.PixelFormat.RGBA_8888, android.graphics.PixelFormat.RGBX_8888, android.graphics.PixelFormat.RGB_888, android.graphics.ImageFormat.RGB_565, android.graphics.ImageFormat.YV12, android.graphics.ImageFormat.Y8, android.graphics.ImageFormat.YCBCR_P010, android.graphics.ImageFormat.NV16, android.graphics.ImageFormat.NV21, android.graphics.ImageFormat.YUY2, android.graphics.ImageFormat.JPEG, android.graphics.ImageFormat.DEPTH_JPEG, android.graphics.ImageFormat.YUV_420_888, android.graphics.ImageFormat.YUV_422_888, android.graphics.ImageFormat.YUV_444_888, android.graphics.ImageFormat.FLEX_RGB_888, android.graphics.ImageFormat.FLEX_RGBA_8888, android.graphics.ImageFormat.RAW_SENSOR, android.graphics.ImageFormat.RAW_PRIVATE, android.graphics.ImageFormat.RAW10, android.graphics.ImageFormat.RAW12, android.graphics.ImageFormat.DEPTH16, android.graphics.ImageFormat.DEPTH_POINT_CLOUD, android.graphics.ImageFormat.PRIVATE, android.graphics.ImageFormat.HEIC}" />
    </annotation>
  </item>
  <item name="android.hardware.camera2.params.MultiResolutionStreamInfo MultiResolutionStreamInfo(int, int, java.lang.String) 0">
    <annotation name="androidx.annotation.IntRange">
      <val name="from" val="1" />
    </annotation>
  </item>
  <item name="android.hardware.camera2.params.MultiResolutionStreamInfo MultiResolutionStreamInfo(int, int, java.lang.String) 1">
    <annotation name="androidx.annotation.IntRange">
      <val name="from" val="1" />
    </annotation>
  </item>
  <item name="android.hardware.camera2.params.MultiResolutionStreamInfo int getHeight()">
    <annotation name="androidx.annotation.IntRange">
      <val name="from" val="1" />
    </annotation>
  </item>
  <item name="android.hardware.camera2.params.MultiResolutionStreamInfo int getWidth()">
    <annotation name="androidx.annotation.IntRange">
      <val name="from" val="1" />
    </annotation>
  </item>
  <item name="android.hardware.camera2.params.OutputConfiguration int getMirrorMode()">
    <annotation name="androidx.annotation.IntDef">
      <val name="value" val="{android.hardware.camera2.params.OutputConfiguration.MIRROR_MODE_AUTO, android.hardware.camera2.params.OutputConfiguration.MIRROR_MODE_NONE, android.hardware.camera2.params.OutputConfiguration.MIRROR_MODE_H, android.hardware.camera2.params.OutputConfiguration.MIRROR_MODE_V}" />
    </annotation>
  </item>
  <item name="android.hardware.camera2.params.OutputConfiguration int getTimestampBase()">
    <annotation name="androidx.annotation.IntDef">
      <val name="value" val="{android.hardware.camera2.params.OutputConfiguration.TIMESTAMP_BASE_DEFAULT, android.hardware.camera2.params.OutputConfiguration.TIMESTAMP_BASE_SENSOR, android.hardware.camera2.params.OutputConfiguration.TIMESTAMP_BASE_MONOTONIC, android.hardware.camera2.params.OutputConfiguration.TIMESTAMP_BASE_REALTIME, android.hardware.camera2.params.OutputConfiguration.TIMESTAMP_BASE_CHOREOGRAPHER_SYNCED}" />
    </annotation>
  </item>
  <item name="android.hardware.camera2.params.OutputConfiguration long getDynamicRangeProfile()">
    <annotation name="androidx.annotation.LongDef">
      <val name="value" val="{android.hardware.camera2.params.DynamicRangeProfiles.STANDARD, android.hardware.camera2.params.DynamicRangeProfiles.HLG10, android.hardware.camera2.params.DynamicRangeProfiles.HDR10, android.hardware.camera2.params.DynamicRangeProfiles.HDR10_PLUS, android.hardware.camera2.params.DynamicRangeProfiles.DOLBY_VISION_10B_HDR_REF, android.hardware.camera2.params.DynamicRangeProfiles.DOLBY_VISION_10B_HDR_REF_PO, android.hardware.camera2.params.DynamicRangeProfiles.DOLBY_VISION_10B_HDR_OEM, android.hardware.camera2.params.DynamicRangeProfiles.DOLBY_VISION_10B_HDR_OEM_PO, android.hardware.camera2.params.DynamicRangeProfiles.DOLBY_VISION_8B_HDR_REF, android.hardware.camera2.params.DynamicRangeProfiles.DOLBY_VISION_8B_HDR_REF_PO, android.hardware.camera2.params.DynamicRangeProfiles.DOLBY_VISION_8B_HDR_OEM, android.hardware.camera2.params.DynamicRangeProfiles.DOLBY_VISION_8B_HDR_OEM_PO}" />
    </annotation>
  </item>
  <item name="android.hardware.camera2.params.OutputConfiguration void addSensorPixelModeUsed(int) 0">
    <annotation name="androidx.annotation.IntDef">
      <val name="value" val="{android.hardware.camera2.CameraMetadata.SENSOR_PIXEL_MODE_DEFAULT, android.hardware.camera2.CameraMetadata.SENSOR_PIXEL_MODE_MAXIMUM_RESOLUTION}" />
    </annotation>
  </item>
  <item name="android.hardware.camera2.params.OutputConfiguration void removeSensorPixelModeUsed(int) 0">
    <annotation name="androidx.annotation.IntDef">
      <val name="value" val="{android.hardware.camera2.CameraMetadata.SENSOR_PIXEL_MODE_DEFAULT, android.hardware.camera2.CameraMetadata.SENSOR_PIXEL_MODE_MAXIMUM_RESOLUTION}" />
    </annotation>
  </item>
  <item name="android.hardware.camera2.params.OutputConfiguration void setDynamicRangeProfile(long) 0">
    <annotation name="androidx.annotation.LongDef">
      <val name="value" val="{android.hardware.camera2.params.DynamicRangeProfiles.STANDARD, android.hardware.camera2.params.DynamicRangeProfiles.HLG10, android.hardware.camera2.params.DynamicRangeProfiles.HDR10, android.hardware.camera2.params.DynamicRangeProfiles.HDR10_PLUS, android.hardware.camera2.params.DynamicRangeProfiles.DOLBY_VISION_10B_HDR_REF, android.hardware.camera2.params.DynamicRangeProfiles.DOLBY_VISION_10B_HDR_REF_PO, android.hardware.camera2.params.DynamicRangeProfiles.DOLBY_VISION_10B_HDR_OEM, android.hardware.camera2.params.DynamicRangeProfiles.DOLBY_VISION_10B_HDR_OEM_PO, android.hardware.camera2.params.DynamicRangeProfiles.DOLBY_VISION_8B_HDR_REF, android.hardware.camera2.params.DynamicRangeProfiles.DOLBY_VISION_8B_HDR_REF_PO, android.hardware.camera2.params.DynamicRangeProfiles.DOLBY_VISION_8B_HDR_OEM, android.hardware.camera2.params.DynamicRangeProfiles.DOLBY_VISION_8B_HDR_OEM_PO}" />
    </annotation>
  </item>
  <item name="android.hardware.camera2.params.OutputConfiguration void setMirrorMode(int) 0">
    <annotation name="androidx.annotation.IntDef">
      <val name="value" val="{android.hardware.camera2.params.OutputConfiguration.MIRROR_MODE_AUTO, android.hardware.camera2.params.OutputConfiguration.MIRROR_MODE_NONE, android.hardware.camera2.params.OutputConfiguration.MIRROR_MODE_H, android.hardware.camera2.params.OutputConfiguration.MIRROR_MODE_V}" />
    </annotation>
  </item>
  <item name="android.hardware.camera2.params.OutputConfiguration void setStreamUseCase(long) 0">
    <annotation name="androidx.annotation.IntDef">
      <val name="value" val="{android.hardware.camera2.CameraMetadata.SCALER_AVAILABLE_STREAM_USE_CASES_DEFAULT, android.hardware.camera2.CameraMetadata.SCALER_AVAILABLE_STREAM_USE_CASES_PREVIEW, android.hardware.camera2.CameraMetadata.SCALER_AVAILABLE_STREAM_USE_CASES_STILL_CAPTURE, android.hardware.camera2.CameraMetadata.SCALER_AVAILABLE_STREAM_USE_CASES_VIDEO_RECORD, android.hardware.camera2.CameraMetadata.SCALER_AVAILABLE_STREAM_USE_CASES_PREVIEW_VIDEO_STILL, android.hardware.camera2.CameraMetadata.SCALER_AVAILABLE_STREAM_USE_CASES_VIDEO_CALL}" />
    </annotation>
  </item>
  <item name="android.hardware.camera2.params.OutputConfiguration void setTimestampBase(int) 0">
    <annotation name="androidx.annotation.IntDef">
      <val name="value" val="{android.hardware.camera2.params.OutputConfiguration.TIMESTAMP_BASE_DEFAULT, android.hardware.camera2.params.OutputConfiguration.TIMESTAMP_BASE_SENSOR, android.hardware.camera2.params.OutputConfiguration.TIMESTAMP_BASE_MONOTONIC, android.hardware.camera2.params.OutputConfiguration.TIMESTAMP_BASE_REALTIME, android.hardware.camera2.params.OutputConfiguration.TIMESTAMP_BASE_CHOREOGRAPHER_SYNCED}" />
    </annotation>
  </item>
  <item name="android.hardware.camera2.params.RecommendedStreamConfigurationMap boolean isOutputSupportedFor(int) 0">
    <annotation name="androidx.annotation.IntDef">
      <val name="value" val="{android.graphics.ImageFormat.UNKNOWN, android.graphics.PixelFormat.RGBA_8888, android.graphics.PixelFormat.RGBX_8888, android.graphics.PixelFormat.RGB_888, android.graphics.ImageFormat.RGB_565, android.graphics.ImageFormat.YV12, android.graphics.ImageFormat.Y8, android.graphics.ImageFormat.YCBCR_P010, android.graphics.ImageFormat.NV16, android.graphics.ImageFormat.NV21, android.graphics.ImageFormat.YUY2, android.graphics.ImageFormat.JPEG, android.graphics.ImageFormat.DEPTH_JPEG, android.graphics.ImageFormat.YUV_420_888, android.graphics.ImageFormat.YUV_422_888, android.graphics.ImageFormat.YUV_444_888, android.graphics.ImageFormat.FLEX_RGB_888, android.graphics.ImageFormat.FLEX_RGBA_8888, android.graphics.ImageFormat.RAW_SENSOR, android.graphics.ImageFormat.RAW_PRIVATE, android.graphics.ImageFormat.RAW10, android.graphics.ImageFormat.RAW12, android.graphics.ImageFormat.DEPTH16, android.graphics.ImageFormat.DEPTH_POINT_CLOUD, android.graphics.ImageFormat.PRIVATE, android.graphics.ImageFormat.HEIC}" />
    </annotation>
  </item>
  <item name="android.hardware.camera2.params.RecommendedStreamConfigurationMap int getRecommendedUseCase()">
    <annotation name="androidx.annotation.IntDef">
      <val name="value" val="{android.hardware.camera2.params.RecommendedStreamConfigurationMap.USECASE_PREVIEW, android.hardware.camera2.params.RecommendedStreamConfigurationMap.USECASE_RECORD, android.hardware.camera2.params.RecommendedStreamConfigurationMap.USECASE_VIDEO_SNAPSHOT, android.hardware.camera2.params.RecommendedStreamConfigurationMap.USECASE_SNAPSHOT, android.hardware.camera2.params.RecommendedStreamConfigurationMap.USECASE_ZSL, android.hardware.camera2.params.RecommendedStreamConfigurationMap.USECASE_RAW, android.hardware.camera2.params.RecommendedStreamConfigurationMap.USECASE_LOW_LATENCY_SNAPSHOT, android.hardware.camera2.params.RecommendedStreamConfigurationMap.USECASE_10BIT_OUTPUT}" />
    </annotation>
  </item>
  <item name="android.hardware.camera2.params.RecommendedStreamConfigurationMap java.util.Set&lt;android.util.Size&gt; getHighResolutionOutputSizes(int) 0">
    <annotation name="androidx.annotation.IntDef">
      <val name="value" val="{android.graphics.ImageFormat.UNKNOWN, android.graphics.PixelFormat.RGBA_8888, android.graphics.PixelFormat.RGBX_8888, android.graphics.PixelFormat.RGB_888, android.graphics.ImageFormat.RGB_565, android.graphics.ImageFormat.YV12, android.graphics.ImageFormat.Y8, android.graphics.ImageFormat.YCBCR_P010, android.graphics.ImageFormat.NV16, android.graphics.ImageFormat.NV21, android.graphics.ImageFormat.YUY2, android.graphics.ImageFormat.JPEG, android.graphics.ImageFormat.DEPTH_JPEG, android.graphics.ImageFormat.YUV_420_888, android.graphics.ImageFormat.YUV_422_888, android.graphics.ImageFormat.YUV_444_888, android.graphics.ImageFormat.FLEX_RGB_888, android.graphics.ImageFormat.FLEX_RGBA_8888, android.graphics.ImageFormat.RAW_SENSOR, android.graphics.ImageFormat.RAW_PRIVATE, android.graphics.ImageFormat.RAW10, android.graphics.ImageFormat.RAW12, android.graphics.ImageFormat.DEPTH16, android.graphics.ImageFormat.DEPTH_POINT_CLOUD, android.graphics.ImageFormat.PRIVATE, android.graphics.ImageFormat.HEIC}" />
    </annotation>
  </item>
  <item name="android.hardware.camera2.params.RecommendedStreamConfigurationMap java.util.Set&lt;android.util.Size&gt; getInputSizes(int) 0">
    <annotation name="androidx.annotation.IntDef">
      <val name="value" val="{android.graphics.ImageFormat.UNKNOWN, android.graphics.PixelFormat.RGBA_8888, android.graphics.PixelFormat.RGBX_8888, android.graphics.PixelFormat.RGB_888, android.graphics.ImageFormat.RGB_565, android.graphics.ImageFormat.YV12, android.graphics.ImageFormat.Y8, android.graphics.ImageFormat.YCBCR_P010, android.graphics.ImageFormat.NV16, android.graphics.ImageFormat.NV21, android.graphics.ImageFormat.YUY2, android.graphics.ImageFormat.JPEG, android.graphics.ImageFormat.DEPTH_JPEG, android.graphics.ImageFormat.YUV_420_888, android.graphics.ImageFormat.YUV_422_888, android.graphics.ImageFormat.YUV_444_888, android.graphics.ImageFormat.FLEX_RGB_888, android.graphics.ImageFormat.FLEX_RGBA_8888, android.graphics.ImageFormat.RAW_SENSOR, android.graphics.ImageFormat.RAW_PRIVATE, android.graphics.ImageFormat.RAW10, android.graphics.ImageFormat.RAW12, android.graphics.ImageFormat.DEPTH16, android.graphics.ImageFormat.DEPTH_POINT_CLOUD, android.graphics.ImageFormat.PRIVATE, android.graphics.ImageFormat.HEIC}" />
    </annotation>
  </item>
  <item name="android.hardware.camera2.params.RecommendedStreamConfigurationMap java.util.Set&lt;android.util.Size&gt; getOutputSizes(int) 0">
    <annotation name="androidx.annotation.IntDef">
      <val name="value" val="{android.graphics.ImageFormat.UNKNOWN, android.graphics.PixelFormat.RGBA_8888, android.graphics.PixelFormat.RGBX_8888, android.graphics.PixelFormat.RGB_888, android.graphics.ImageFormat.RGB_565, android.graphics.ImageFormat.YV12, android.graphics.ImageFormat.Y8, android.graphics.ImageFormat.YCBCR_P010, android.graphics.ImageFormat.NV16, android.graphics.ImageFormat.NV21, android.graphics.ImageFormat.YUY2, android.graphics.ImageFormat.JPEG, android.graphics.ImageFormat.DEPTH_JPEG, android.graphics.ImageFormat.YUV_420_888, android.graphics.ImageFormat.YUV_422_888, android.graphics.ImageFormat.YUV_444_888, android.graphics.ImageFormat.FLEX_RGB_888, android.graphics.ImageFormat.FLEX_RGBA_8888, android.graphics.ImageFormat.RAW_SENSOR, android.graphics.ImageFormat.RAW_PRIVATE, android.graphics.ImageFormat.RAW10, android.graphics.ImageFormat.RAW12, android.graphics.ImageFormat.DEPTH16, android.graphics.ImageFormat.DEPTH_POINT_CLOUD, android.graphics.ImageFormat.PRIVATE, android.graphics.ImageFormat.HEIC}" />
    </annotation>
  </item>
  <item name="android.hardware.camera2.params.RecommendedStreamConfigurationMap java.util.Set&lt;java.lang.Integer&gt; getValidOutputFormatsForInput(int) 0">
    <annotation name="androidx.annotation.IntDef">
      <val name="value" val="{android.graphics.ImageFormat.UNKNOWN, android.graphics.PixelFormat.RGBA_8888, android.graphics.PixelFormat.RGBX_8888, android.graphics.PixelFormat.RGB_888, android.graphics.ImageFormat.RGB_565, android.graphics.ImageFormat.YV12, android.graphics.ImageFormat.Y8, android.graphics.ImageFormat.YCBCR_P010, android.graphics.ImageFormat.NV16, android.graphics.ImageFormat.NV21, android.graphics.ImageFormat.YUY2, android.graphics.ImageFormat.JPEG, android.graphics.ImageFormat.DEPTH_JPEG, android.graphics.ImageFormat.YUV_420_888, android.graphics.ImageFormat.YUV_422_888, android.graphics.ImageFormat.YUV_444_888, android.graphics.ImageFormat.FLEX_RGB_888, android.graphics.ImageFormat.FLEX_RGBA_8888, android.graphics.ImageFormat.RAW_SENSOR, android.graphics.ImageFormat.RAW_PRIVATE, android.graphics.ImageFormat.RAW10, android.graphics.ImageFormat.RAW12, android.graphics.ImageFormat.DEPTH16, android.graphics.ImageFormat.DEPTH_POINT_CLOUD, android.graphics.ImageFormat.PRIVATE, android.graphics.ImageFormat.HEIC}" />
    </annotation>
  </item>
  <item name="android.hardware.camera2.params.RecommendedStreamConfigurationMap long getOutputMinFrameDuration(int, android.util.Size)">
    <annotation name="androidx.annotation.IntRange">
      <val name="from" val="0" />
    </annotation>
  </item>
  <item name="android.hardware.camera2.params.RecommendedStreamConfigurationMap long getOutputMinFrameDuration(int, android.util.Size) 0">
    <annotation name="androidx.annotation.IntDef">
      <val name="value" val="{android.graphics.ImageFormat.UNKNOWN, android.graphics.PixelFormat.RGBA_8888, android.graphics.PixelFormat.RGBX_8888, android.graphics.PixelFormat.RGB_888, android.graphics.ImageFormat.RGB_565, android.graphics.ImageFormat.YV12, android.graphics.ImageFormat.Y8, android.graphics.ImageFormat.YCBCR_P010, android.graphics.ImageFormat.NV16, android.graphics.ImageFormat.NV21, android.graphics.ImageFormat.YUY2, android.graphics.ImageFormat.JPEG, android.graphics.ImageFormat.DEPTH_JPEG, android.graphics.ImageFormat.YUV_420_888, android.graphics.ImageFormat.YUV_422_888, android.graphics.ImageFormat.YUV_444_888, android.graphics.ImageFormat.FLEX_RGB_888, android.graphics.ImageFormat.FLEX_RGBA_8888, android.graphics.ImageFormat.RAW_SENSOR, android.graphics.ImageFormat.RAW_PRIVATE, android.graphics.ImageFormat.RAW10, android.graphics.ImageFormat.RAW12, android.graphics.ImageFormat.DEPTH16, android.graphics.ImageFormat.DEPTH_POINT_CLOUD, android.graphics.ImageFormat.PRIVATE, android.graphics.ImageFormat.HEIC}" />
    </annotation>
  </item>
  <item name="android.hardware.camera2.params.RecommendedStreamConfigurationMap long getOutputMinFrameDuration(java.lang.Class&lt;T&gt;, android.util.Size)">
    <annotation name="androidx.annotation.IntRange">
      <val name="from" val="0" />
    </annotation>
  </item>
  <item name="android.hardware.camera2.params.RecommendedStreamConfigurationMap long getOutputStallDuration(int, android.util.Size)">
    <annotation name="androidx.annotation.IntRange">
      <val name="from" val="0" />
    </annotation>
  </item>
  <item name="android.hardware.camera2.params.RecommendedStreamConfigurationMap long getOutputStallDuration(int, android.util.Size) 0">
    <annotation name="androidx.annotation.IntDef">
      <val name="value" val="{android.graphics.ImageFormat.UNKNOWN, android.graphics.PixelFormat.RGBA_8888, android.graphics.PixelFormat.RGBX_8888, android.graphics.PixelFormat.RGB_888, android.graphics.ImageFormat.RGB_565, android.graphics.ImageFormat.YV12, android.graphics.ImageFormat.Y8, android.graphics.ImageFormat.YCBCR_P010, android.graphics.ImageFormat.NV16, android.graphics.ImageFormat.NV21, android.graphics.ImageFormat.YUY2, android.graphics.ImageFormat.JPEG, android.graphics.ImageFormat.DEPTH_JPEG, android.graphics.ImageFormat.YUV_420_888, android.graphics.ImageFormat.YUV_422_888, android.graphics.ImageFormat.YUV_444_888, android.graphics.ImageFormat.FLEX_RGB_888, android.graphics.ImageFormat.FLEX_RGBA_8888, android.graphics.ImageFormat.RAW_SENSOR, android.graphics.ImageFormat.RAW_PRIVATE, android.graphics.ImageFormat.RAW10, android.graphics.ImageFormat.RAW12, android.graphics.ImageFormat.DEPTH16, android.graphics.ImageFormat.DEPTH_POINT_CLOUD, android.graphics.ImageFormat.PRIVATE, android.graphics.ImageFormat.HEIC}" />
    </annotation>
  </item>
  <item name="android.hardware.camera2.params.RecommendedStreamConfigurationMap long getOutputStallDuration(java.lang.Class&lt;T&gt;, android.util.Size)">
    <annotation name="androidx.annotation.IntRange">
      <val name="from" val="0" />
    </annotation>
  </item>
  <item name="android.hardware.camera2.params.SessionConfiguration SessionConfiguration(int, java.util.List&lt;android.hardware.camera2.params.OutputConfiguration&gt;, java.util.concurrent.Executor, android.hardware.camera2.CameraCaptureSession.StateCallback) 0">
    <annotation name="androidx.annotation.IntDef">
      <val name="value" val="{android.hardware.camera2.params.SessionConfiguration.SESSION_REGULAR, android.hardware.camera2.params.SessionConfiguration.SESSION_HIGH_SPEED}" />
    </annotation>
  </item>
  <item name="android.hardware.camera2.params.SessionConfiguration int getSessionType()">
    <annotation name="androidx.annotation.IntDef">
      <val name="value" val="{android.hardware.camera2.params.SessionConfiguration.SESSION_REGULAR, android.hardware.camera2.params.SessionConfiguration.SESSION_HIGH_SPEED}" />
    </annotation>
  </item>
</root>

