<?xml version="1.0" encoding="UTF-8"?>
<root>
  <item name="android.healthconnect.ReadRecordsRequestUsingFilters int getPageSize()">
    <annotation name="androidx.annotation.IntRange">
      <val name="from" val="1" />
      <val name="to" val="5000" />
    </annotation>
  </item>
  <item name="android.healthconnect.ReadRecordsRequestUsingFilters.Builder android.healthconnect.ReadRecordsRequestUsingFilters.Builder&lt;T&gt; setPageSize(int) 0">
    <annotation name="androidx.annotation.IntRange">
      <val name="from" val="1" />
      <val name="to" val="5000" />
    </annotation>
  </item>
</root>

