<?xml version="1.0" encoding="UTF-8"?>
<root>
  <item name="android.content.pm.ActivityInfo ActivityInfo(android.content.pm.ActivityInfo) 0">
    <annotation name="android.support.annotation.NonNull" />
  </item>
  <item name="android.content.pm.ActivityInfo screenOrientation">
    <annotation name="android.support.annotation.IntDef">
      <val name="value" val="{android.content.pm.ActivityInfo.SCREEN_ORIENTATION_UNSPECIFIED, android.content.pm.ActivityInfo.SCREEN_ORIENTATION_LANDSCAPE, android.content.pm.ActivityInfo.SCREEN_ORIENTATION_PORTRAIT, android.content.pm.ActivityInfo.SCREEN_ORIENTATION_USER, android.content.pm.ActivityInfo.SCREEN_ORIENTATION_BEHIND, android.content.pm.ActivityInfo.SCREEN_ORIENTATION_SENSOR, android.content.pm.ActivityInfo.SCREEN_ORIENTATION_NOSENSOR, android.content.pm.ActivityInfo.SCREEN_ORIENTATION_SENSOR_LANDSCAPE, android.content.pm.ActivityInfo.SCREEN_ORIENTATION_SENSOR_PORTRAIT, android.content.pm.ActivityInfo.SCREEN_ORIENTATION_REVERSE_LANDSCAPE, android.content.pm.ActivityInfo.SCREEN_ORIENTATION_REVERSE_PORTRAIT, android.content.pm.ActivityInfo.SCREEN_ORIENTATION_FULL_SENSOR, android.content.pm.ActivityInfo.SCREEN_ORIENTATION_USER_LANDSCAPE, android.content.pm.ActivityInfo.SCREEN_ORIENTATION_USER_PORTRAIT, android.content.pm.ActivityInfo.SCREEN_ORIENTATION_FULL_USER, android.content.pm.ActivityInfo.SCREEN_ORIENTATION_LOCKED}" />
    </annotation>
  </item>
  <item name="android.content.pm.ActivityInfo void dump(android.util.Printer, java.lang.String) 0">
    <annotation name="android.support.annotation.NonNull" />
  </item>
  <item name="android.content.pm.ActivityInfo void writeToParcel(android.os.Parcel, int) 0">
    <annotation name="android.support.annotation.NonNull" />
  </item>
  <item name="android.content.pm.ApplicationInfo ApplicationInfo(android.content.pm.ApplicationInfo) 0">
    <annotation name="android.support.annotation.NonNull" />
  </item>
  <item name="android.content.pm.ApplicationInfo java.lang.CharSequence loadDescription(android.content.pm.PackageManager) 0">
    <annotation name="android.support.annotation.NonNull" />
  </item>
  <item name="android.content.pm.ApplicationInfo void dump(android.util.Printer, java.lang.String) 0">
    <annotation name="android.support.annotation.NonNull" />
  </item>
  <item name="android.content.pm.ApplicationInfo void writeToParcel(android.os.Parcel, int) 0">
    <annotation name="android.support.annotation.NonNull" />
  </item>
  <item name="android.content.pm.ApplicationInfo.DisplayNameComparator int compare(android.content.pm.ApplicationInfo, android.content.pm.ApplicationInfo) 0">
    <annotation name="android.support.annotation.NonNull" />
  </item>
  <item name="android.content.pm.ApplicationInfo.DisplayNameComparator int compare(android.content.pm.ApplicationInfo, android.content.pm.ApplicationInfo) 1">
    <annotation name="android.support.annotation.NonNull" />
  </item>
  <item name="android.content.pm.ComponentInfo ComponentInfo(android.content.pm.ComponentInfo) 0">
    <annotation name="android.support.annotation.NonNull" />
  </item>
  <item name="android.content.pm.ComponentInfo ComponentInfo(android.os.Parcel) 0">
    <annotation name="android.support.annotation.NonNull" />
  </item>
  <item name="android.content.pm.ComponentInfo java.lang.CharSequence loadLabel(android.content.pm.PackageManager) 0">
    <annotation name="android.support.annotation.NonNull" />
  </item>
  <item name="android.content.pm.ComponentInfo void dumpBack(android.util.Printer, java.lang.String) 0">
    <annotation name="android.support.annotation.NonNull" />
  </item>
  <item name="android.content.pm.ComponentInfo void dumpFront(android.util.Printer, java.lang.String) 0">
    <annotation name="android.support.annotation.NonNull" />
  </item>
  <item name="android.content.pm.ComponentInfo void writeToParcel(android.os.Parcel, int) 0">
    <annotation name="android.support.annotation.NonNull" />
  </item>
  <item name="android.content.pm.ConfigurationInfo ConfigurationInfo(android.content.pm.ConfigurationInfo) 0">
    <annotation name="android.support.annotation.NonNull" />
  </item>
  <item name="android.content.pm.ConfigurationInfo java.lang.String getGlEsVersion()">
    <annotation name="android.support.annotation.NonNull" />
  </item>
  <item name="android.content.pm.ConfigurationInfo void writeToParcel(android.os.Parcel, int) 0">
    <annotation name="android.support.annotation.NonNull" />
  </item>
  <item name="android.content.pm.FeatureInfo FeatureInfo(android.content.pm.FeatureInfo) 0">
    <annotation name="android.support.annotation.NonNull" />
  </item>
  <item name="android.content.pm.FeatureInfo java.lang.String getGlEsVersion()">
    <annotation name="android.support.annotation.NonNull" />
  </item>
  <item name="android.content.pm.FeatureInfo void writeToParcel(android.os.Parcel, int) 0">
    <annotation name="android.support.annotation.NonNull" />
  </item>
  <item name="android.content.pm.InstrumentationInfo InstrumentationInfo(android.content.pm.InstrumentationInfo) 0">
    <annotation name="android.support.annotation.NonNull" />
  </item>
  <item name="android.content.pm.InstrumentationInfo void writeToParcel(android.os.Parcel, int) 0">
    <annotation name="android.support.annotation.NonNull" />
  </item>
  <item name="android.content.pm.LabeledIntent android.graphics.drawable.Drawable loadIcon(android.content.pm.PackageManager) 0">
    <annotation name="android.support.annotation.NonNull" />
  </item>
  <item name="android.content.pm.LabeledIntent java.lang.CharSequence loadLabel(android.content.pm.PackageManager) 0">
    <annotation name="android.support.annotation.NonNull" />
  </item>
  <item name="android.content.pm.LabeledIntent void readFromParcel(android.os.Parcel) 0">
    <annotation name="android.support.annotation.NonNull" />
  </item>
  <item name="android.content.pm.LabeledIntent void writeToParcel(android.os.Parcel, int) 0">
    <annotation name="android.support.annotation.NonNull" />
  </item>
  <item name="android.content.pm.PackageInfo void writeToParcel(android.os.Parcel, int) 0">
    <annotation name="android.support.annotation.NonNull" />
  </item>
  <item name="android.content.pm.PackageInstaller android.content.pm.PackageInstaller.Session openSession(int)">
    <annotation name="android.support.annotation.NonNull" />
  </item>
  <item name="android.content.pm.PackageInstaller android.content.pm.PackageInstaller.SessionInfo getSessionInfo(int)">
    <annotation name="android.support.annotation.Nullable" />
  </item>
  <item name="android.content.pm.PackageInstaller int createSession(android.content.pm.PackageInstaller.SessionParams) 0">
    <annotation name="android.support.annotation.NonNull" />
  </item>
  <item name="android.content.pm.PackageInstaller java.util.List&lt;android.content.pm.PackageInstaller.SessionInfo&gt; getAllSessions()">
    <annotation name="android.support.annotation.NonNull" />
  </item>
  <item name="android.content.pm.PackageInstaller java.util.List&lt;android.content.pm.PackageInstaller.SessionInfo&gt; getMySessions()">
    <annotation name="android.support.annotation.NonNull" />
  </item>
  <item name="android.content.pm.PackageInstaller void registerSessionCallback(android.content.pm.PackageInstaller.SessionCallback) 0">
    <annotation name="android.support.annotation.NonNull" />
  </item>
  <item name="android.content.pm.PackageInstaller void registerSessionCallback(android.content.pm.PackageInstaller.SessionCallback, android.os.Handler) 0">
    <annotation name="android.support.annotation.NonNull" />
  </item>
  <item name="android.content.pm.PackageInstaller void registerSessionCallback(android.content.pm.PackageInstaller.SessionCallback, android.os.Handler) 1">
    <annotation name="android.support.annotation.NonNull" />
  </item>
  <item name="android.content.pm.PackageInstaller void uninstall(java.lang.String, android.content.IntentSender) 0">
    <annotation name="android.support.annotation.NonNull" />
  </item>
  <item name="android.content.pm.PackageInstaller void uninstall(java.lang.String, android.content.IntentSender) 1">
    <annotation name="android.support.annotation.NonNull" />
  </item>
  <item name="android.content.pm.PackageInstaller void unregisterSessionCallback(android.content.pm.PackageInstaller.SessionCallback) 0">
    <annotation name="android.support.annotation.NonNull" />
  </item>
  <item name="android.content.pm.PackageInstaller void updateSessionAppIcon(int, android.graphics.Bitmap) 1">
    <annotation name="android.support.annotation.Nullable" />
  </item>
  <item name="android.content.pm.PackageInstaller void updateSessionAppLabel(int, java.lang.CharSequence) 1">
    <annotation name="android.support.annotation.Nullable" />
  </item>
  <item name="android.content.pm.PackageInstaller.Session java.io.InputStream openRead(java.lang.String)">
    <annotation name="android.support.annotation.NonNull" />
  </item>
  <item name="android.content.pm.PackageInstaller.Session java.io.InputStream openRead(java.lang.String) 0">
    <annotation name="android.support.annotation.NonNull" />
  </item>
  <item name="android.content.pm.PackageInstaller.Session java.io.OutputStream openWrite(java.lang.String, long, long)">
    <annotation name="android.support.annotation.NonNull" />
  </item>
  <item name="android.content.pm.PackageInstaller.Session java.io.OutputStream openWrite(java.lang.String, long, long) 0">
    <annotation name="android.support.annotation.NonNull" />
  </item>
  <item name="android.content.pm.PackageInstaller.Session java.lang.String[] getNames()">
    <annotation name="android.support.annotation.NonNull" />
  </item>
  <item name="android.content.pm.PackageInstaller.Session void commit(android.content.IntentSender) 0">
    <annotation name="android.support.annotation.NonNull" />
  </item>
  <item name="android.content.pm.PackageInstaller.Session void fsync(java.io.OutputStream) 0">
    <annotation name="android.support.annotation.NonNull" />
  </item>
  <item name="android.content.pm.PackageInstaller.SessionInfo android.content.Intent createDetailsIntent()">
    <annotation name="android.support.annotation.Nullable" />
  </item>
  <item name="android.content.pm.PackageInstaller.SessionInfo android.graphics.Bitmap getAppIcon()">
    <annotation name="android.support.annotation.Nullable" />
  </item>
  <item name="android.content.pm.PackageInstaller.SessionInfo java.lang.CharSequence getAppLabel()">
    <annotation name="android.support.annotation.Nullable" />
  </item>
  <item name="android.content.pm.PackageInstaller.SessionInfo java.lang.String getAppPackageName()">
    <annotation name="android.support.annotation.Nullable" />
  </item>
  <item name="android.content.pm.PackageInstaller.SessionInfo java.lang.String getInstallerPackageName()">
    <annotation name="android.support.annotation.Nullable" />
  </item>
  <item name="android.content.pm.PackageInstaller.SessionParams void setAppIcon(android.graphics.Bitmap) 0">
    <annotation name="android.support.annotation.Nullable" />
  </item>
  <item name="android.content.pm.PackageInstaller.SessionParams void setAppLabel(java.lang.CharSequence) 0">
    <annotation name="android.support.annotation.Nullable" />
  </item>
  <item name="android.content.pm.PackageInstaller.SessionParams void setAppPackageName(java.lang.String) 0">
    <annotation name="android.support.annotation.Nullable" />
  </item>
  <item name="android.content.pm.PackageInstaller.SessionParams void setOriginatingUri(android.net.Uri) 0">
    <annotation name="android.support.annotation.Nullable" />
  </item>
  <item name="android.content.pm.PackageInstaller.SessionParams void setReferrerUri(android.net.Uri) 0">
    <annotation name="android.support.annotation.Nullable" />
  </item>
  <item name="android.content.pm.PackageItemInfo PackageItemInfo(android.content.pm.PackageItemInfo) 0">
    <annotation name="android.support.annotation.NonNull" />
  </item>
  <item name="android.content.pm.PackageItemInfo PackageItemInfo(android.os.Parcel) 0">
    <annotation name="android.support.annotation.NonNull" />
  </item>
  <item name="android.content.pm.PackageItemInfo android.content.res.XmlResourceParser loadXmlMetaData(android.content.pm.PackageManager, java.lang.String) 0">
    <annotation name="android.support.annotation.NonNull" />
  </item>
  <item name="android.content.pm.PackageItemInfo android.graphics.drawable.Drawable loadIcon(android.content.pm.PackageManager) 0">
    <annotation name="android.support.annotation.NonNull" />
  </item>
  <item name="android.content.pm.PackageItemInfo android.graphics.drawable.Drawable loadLogo(android.content.pm.PackageManager) 0">
    <annotation name="android.support.annotation.NonNull" />
  </item>
  <item name="android.content.pm.PackageItemInfo java.lang.CharSequence loadLabel(android.content.pm.PackageManager) 0">
    <annotation name="android.support.annotation.NonNull" />
  </item>
  <item name="android.content.pm.PackageItemInfo void dumpFront(android.util.Printer, java.lang.String) 0">
    <annotation name="android.support.annotation.NonNull" />
  </item>
  <item name="android.content.pm.PackageItemInfo void writeToParcel(android.os.Parcel, int) 0">
    <annotation name="android.support.annotation.NonNull" />
  </item>
  <item name="android.content.pm.PackageItemInfo.DisplayNameComparator int compare(android.content.pm.PackageItemInfo, android.content.pm.PackageItemInfo) 0">
    <annotation name="android.support.annotation.NonNull" />
  </item>
  <item name="android.content.pm.PackageItemInfo.DisplayNameComparator int compare(android.content.pm.PackageItemInfo, android.content.pm.PackageItemInfo) 1">
    <annotation name="android.support.annotation.NonNull" />
  </item>
  <item name="android.content.pm.PackageManager android.content.pm.PackageInstaller getPackageInstaller()">
    <annotation name="android.support.annotation.NonNull" />
  </item>
  <item name="android.content.pm.PackageManager android.content.res.XmlResourceParser getXml(java.lang.String, int, android.content.pm.ApplicationInfo) 1">
    <annotation name="android.support.annotation.XmlRes" />
  </item>
  <item name="android.content.pm.PackageManager android.graphics.drawable.Drawable getDrawable(java.lang.String, int, android.content.pm.ApplicationInfo) 1">
    <annotation name="android.support.annotation.DrawableRes" />
  </item>
  <item name="android.content.pm.PackageManager int checkPermission(java.lang.String, java.lang.String)">
    <annotation name="android.support.annotation.CheckResult" />
  </item>
  <item name="android.content.pm.PackageManager int checkSignatures(int, int)">
    <annotation name="android.support.annotation.CheckResult" />
  </item>
  <item name="android.content.pm.PackageManager int checkSignatures(java.lang.String, java.lang.String)">
    <annotation name="android.support.annotation.CheckResult" />
  </item>
  <item name="android.content.pm.PackageManager int getPreferredActivities(java.util.List&lt;android.content.IntentFilter&gt;, java.util.List&lt;android.content.ComponentName&gt;, java.lang.String) 0">
    <annotation name="android.support.annotation.NonNull" />
  </item>
  <item name="android.content.pm.PackageManager int getPreferredActivities(java.util.List&lt;android.content.IntentFilter&gt;, java.util.List&lt;android.content.ComponentName&gt;, java.lang.String) 1">
    <annotation name="android.support.annotation.NonNull" />
  </item>
  <item name="android.content.pm.PackageManager java.lang.CharSequence getText(java.lang.String, int, android.content.pm.ApplicationInfo) 1">
    <annotation name="android.support.annotation.StringRes" />
  </item>
  <item name="android.content.pm.PackageStats PackageStats(android.content.pm.PackageStats) 0">
    <annotation name="android.support.annotation.NonNull" />
  </item>
  <item name="android.content.pm.PackageStats PackageStats(android.os.Parcel) 0">
    <annotation name="android.support.annotation.NonNull" />
  </item>
  <item name="android.content.pm.PackageStats void writeToParcel(android.os.Parcel, int) 0">
    <annotation name="android.support.annotation.NonNull" />
  </item>
  <item name="android.content.pm.PathPermission PathPermission(android.os.Parcel) 0">
    <annotation name="android.support.annotation.NonNull" />
  </item>
  <item name="android.content.pm.PathPermission void writeToParcel(android.os.Parcel, int) 0">
    <annotation name="android.support.annotation.NonNull" />
  </item>
  <item name="android.content.pm.PermissionGroupInfo PermissionGroupInfo(android.content.pm.PermissionGroupInfo) 0">
    <annotation name="android.support.annotation.NonNull" />
  </item>
  <item name="android.content.pm.PermissionGroupInfo java.lang.CharSequence loadDescription(android.content.pm.PackageManager) 0">
    <annotation name="android.support.annotation.NonNull" />
  </item>
  <item name="android.content.pm.PermissionGroupInfo void writeToParcel(android.os.Parcel, int) 0">
    <annotation name="android.support.annotation.NonNull" />
  </item>
  <item name="android.content.pm.PermissionInfo PermissionInfo(android.content.pm.PermissionInfo) 0">
    <annotation name="android.support.annotation.NonNull" />
  </item>
  <item name="android.content.pm.PermissionInfo java.lang.CharSequence loadDescription(android.content.pm.PackageManager) 0">
    <annotation name="android.support.annotation.NonNull" />
  </item>
  <item name="android.content.pm.PermissionInfo void writeToParcel(android.os.Parcel, int) 0">
    <annotation name="android.support.annotation.NonNull" />
  </item>
  <item name="android.content.pm.ProviderInfo ProviderInfo(android.content.pm.ProviderInfo) 0">
    <annotation name="android.support.annotation.NonNull" />
  </item>
  <item name="android.content.pm.ProviderInfo void writeToParcel(android.os.Parcel, int) 0">
    <annotation name="android.support.annotation.NonNull" />
  </item>
  <item name="android.content.pm.ResolveInfo ResolveInfo(android.content.pm.ResolveInfo) 0">
    <annotation name="android.support.annotation.NonNull" />
  </item>
  <item name="android.content.pm.ResolveInfo android.graphics.drawable.Drawable loadIcon(android.content.pm.PackageManager) 0">
    <annotation name="android.support.annotation.NonNull" />
  </item>
  <item name="android.content.pm.ResolveInfo java.lang.CharSequence loadLabel(android.content.pm.PackageManager) 0">
    <annotation name="android.support.annotation.NonNull" />
  </item>
  <item name="android.content.pm.ResolveInfo void dump(android.util.Printer, java.lang.String) 0">
    <annotation name="android.support.annotation.NonNull" />
  </item>
  <item name="android.content.pm.ResolveInfo void writeToParcel(android.os.Parcel, int) 0">
    <annotation name="android.support.annotation.NonNull" />
  </item>
  <item name="android.content.pm.ResolveInfo.DisplayNameComparator int compare(android.content.pm.ResolveInfo, android.content.pm.ResolveInfo) 0">
    <annotation name="android.support.annotation.NonNull" />
  </item>
  <item name="android.content.pm.ResolveInfo.DisplayNameComparator int compare(android.content.pm.ResolveInfo, android.content.pm.ResolveInfo) 1">
    <annotation name="android.support.annotation.NonNull" />
  </item>
  <item name="android.content.pm.ServiceInfo ServiceInfo(android.content.pm.ServiceInfo) 0">
    <annotation name="android.support.annotation.NonNull" />
  </item>
  <item name="android.content.pm.ServiceInfo void dump(android.util.Printer, java.lang.String) 0">
    <annotation name="android.support.annotation.NonNull" />
  </item>
  <item name="android.content.pm.ServiceInfo void writeToParcel(android.os.Parcel, int) 0">
    <annotation name="android.support.annotation.NonNull" />
  </item>
  <item name="android.content.pm.Signature Signature(byte[]) 0">
    <annotation name="android.support.annotation.NonNull" />
  </item>
  <item name="android.content.pm.Signature Signature(java.lang.String) 0">
    <annotation name="android.support.annotation.NonNull" />
  </item>
  <item name="android.content.pm.Signature byte[] toByteArray()">
    <annotation name="android.support.annotation.NonNull" />
  </item>
  <item name="android.content.pm.Signature void writeToParcel(android.os.Parcel, int) 0">
    <annotation name="android.support.annotation.NonNull" />
  </item>
</root>

