<?xml version="1.0" encoding="UTF-8"?>
<root>
  <item name="android.media.session.MediaController.PlaybackInfo PlaybackInfo(int, int, int, int, android.media.AudioAttributes, java.lang.String) 0">
    <annotation name="androidx.annotation.IntDef">
      <val name="value" val="{android.media.session.MediaController.PlaybackInfo.PLAYBACK_TYPE_LOCAL, android.media.session.MediaController.PlaybackInfo.PLAYBACK_TYPE_REMOTE}" />
    </annotation>
  </item>
  <item name="android.media.session.MediaController.PlaybackInfo PlaybackInfo(int, int, int, int, android.media.AudioAttributes, java.lang.String) 1">
    <annotation name="androidx.annotation.IntDef">
      <val name="value" val="{android.media.VolumeProvider.VOLUME_CONTROL_FIXED, android.media.VolumeProvider.VOLUME_CONTROL_RELATIVE, android.media.VolumeProvider.VOLUME_CONTROL_ABSOLUTE}" />
    </annotation>
  </item>
  <item name="android.media.session.MediaController.PlaybackInfo PlaybackInfo(int, int, int, int, android.media.AudioAttributes, java.lang.String) 2">
    <annotation name="androidx.annotation.IntRange">
      <val name="from" val="0" />
    </annotation>
  </item>
  <item name="android.media.session.MediaController.PlaybackInfo PlaybackInfo(int, int, int, int, android.media.AudioAttributes, java.lang.String) 3">
    <annotation name="androidx.annotation.IntRange">
      <val name="from" val="0" />
    </annotation>
  </item>
  <item name="android.media.session.MediaSession void setFlags(int) 0">
    <annotation name="androidx.annotation.IntDef">
      <val name="value" val="{android.media.session.MediaSession.FLAG_HANDLES_MEDIA_BUTTONS, android.media.session.MediaSession.FLAG_HANDLES_TRANSPORT_CONTROLS, android.media.session.MediaSession.FLAG_EXCLUSIVE_GLOBAL_PRIORITY}" />
      <val name="flag" val="true" />
    </annotation>
  </item>
  <item name="android.media.session.MediaSession void setRatingType(int) 0">
    <annotation name="androidx.annotation.IntDef">
      <val name="value" val="{android.media.Rating.RATING_NONE, android.media.Rating.RATING_HEART, android.media.Rating.RATING_THUMB_UP_DOWN, android.media.Rating.RATING_3_STARS, android.media.Rating.RATING_4_STARS, android.media.Rating.RATING_5_STARS, android.media.Rating.RATING_PERCENTAGE}" />
    </annotation>
  </item>
  <item name="android.media.session.MediaSessionManager void addOnMediaKeyEventDispatchedListener(java.util.concurrent.Executor, android.media.session.MediaSessionManager.OnMediaKeyEventDispatchedListener)">
    <annotation name="androidx.annotation.RequiresPermission">
      <val name="value" val="&quot;android.permission.MEDIA_CONTENT_CONTROL&quot;" />
    </annotation>
  </item>
  <item name="android.media.session.MediaSessionManager void removeOnMediaKeyEventDispatchedListener(android.media.session.MediaSessionManager.OnMediaKeyEventDispatchedListener)">
    <annotation name="androidx.annotation.RequiresPermission">
      <val name="value" val="&quot;android.permission.MEDIA_CONTENT_CONTROL&quot;" />
    </annotation>
  </item>
  <item name="android.media.session.MediaSessionManager void setOnMediaKeyListener(android.media.session.MediaSessionManager.OnMediaKeyListener, android.os.Handler)">
    <annotation name="androidx.annotation.RequiresPermission">
      <val name="value" val="&quot;android.permission.SET_MEDIA_KEY_LISTENER&quot;" />
    </annotation>
  </item>
  <item name="android.media.session.MediaSessionManager void setOnVolumeKeyLongPressListener(android.media.session.MediaSessionManager.OnVolumeKeyLongPressListener, android.os.Handler)">
    <annotation name="androidx.annotation.RequiresPermission">
      <val name="value" val="&quot;android.permission.SET_VOLUME_KEY_LONG_PRESS_LISTENER&quot;" />
    </annotation>
  </item>
  <item name="android.media.session.MediaSessionManager.RemoteSessionCallback void onVolumeChanged(android.media.session.MediaSession.Token, int) 1">
    <annotation name="androidx.annotation.IntDef">
      <val name="value" val="{android.media.AudioManager.FLAG_SHOW_UI, android.media.AudioManager.FLAG_ALLOW_RINGER_MODES, android.media.AudioManager.FLAG_PLAY_SOUND, android.media.AudioManager.FLAG_REMOVE_SOUND_AND_VIBRATE, android.media.AudioManager.FLAG_VIBRATE, android.media.AudioManager.FLAG_BLUETOOTH_ABS_VOLUME, android.media.AudioManager.FLAG_FROM_KEY}" />
      <val name="flag" val="true" />
    </annotation>
  </item>
  <item name="android.media.session.PlaybackState int getState()">
    <annotation name="androidx.annotation.IntDef">
      <val name="value" val="{android.media.session.PlaybackState.STATE_NONE, android.media.session.PlaybackState.STATE_STOPPED, android.media.session.PlaybackState.STATE_PAUSED, android.media.session.PlaybackState.STATE_PLAYING, android.media.session.PlaybackState.STATE_FAST_FORWARDING, android.media.session.PlaybackState.STATE_REWINDING, android.media.session.PlaybackState.STATE_BUFFERING, android.media.session.PlaybackState.STATE_ERROR, android.media.session.PlaybackState.STATE_CONNECTING, android.media.session.PlaybackState.STATE_SKIPPING_TO_PREVIOUS, android.media.session.PlaybackState.STATE_SKIPPING_TO_NEXT, android.media.session.PlaybackState.STATE_SKIPPING_TO_QUEUE_ITEM}" />
    </annotation>
  </item>
  <item name="android.media.session.PlaybackState long getActions()">
    <annotation name="androidx.annotation.LongDef">
      <val name="value" val="{android.media.session.PlaybackState.ACTION_STOP, android.media.session.PlaybackState.ACTION_PAUSE, android.media.session.PlaybackState.ACTION_PLAY, android.media.session.PlaybackState.ACTION_REWIND, android.media.session.PlaybackState.ACTION_SKIP_TO_PREVIOUS, android.media.session.PlaybackState.ACTION_SKIP_TO_NEXT, android.media.session.PlaybackState.ACTION_FAST_FORWARD, android.media.session.PlaybackState.ACTION_SET_RATING, android.media.session.PlaybackState.ACTION_SEEK_TO, android.media.session.PlaybackState.ACTION_PLAY_PAUSE, android.media.session.PlaybackState.ACTION_PLAY_FROM_MEDIA_ID, android.media.session.PlaybackState.ACTION_PLAY_FROM_SEARCH, android.media.session.PlaybackState.ACTION_SKIP_TO_QUEUE_ITEM, android.media.session.PlaybackState.ACTION_PLAY_FROM_URI, android.media.session.PlaybackState.ACTION_PREPARE, android.media.session.PlaybackState.ACTION_PREPARE_FROM_MEDIA_ID, android.media.session.PlaybackState.ACTION_PREPARE_FROM_SEARCH, android.media.session.PlaybackState.ACTION_PREPARE_FROM_URI, android.media.session.PlaybackState.ACTION_SET_PLAYBACK_SPEED}" />
      <val name="flag" val="true" />
    </annotation>
  </item>
  <item name="android.media.session.PlaybackState.Builder android.media.session.PlaybackState.Builder setActions(long) 0">
    <annotation name="androidx.annotation.LongDef">
      <val name="value" val="{android.media.session.PlaybackState.ACTION_STOP, android.media.session.PlaybackState.ACTION_PAUSE, android.media.session.PlaybackState.ACTION_PLAY, android.media.session.PlaybackState.ACTION_REWIND, android.media.session.PlaybackState.ACTION_SKIP_TO_PREVIOUS, android.media.session.PlaybackState.ACTION_SKIP_TO_NEXT, android.media.session.PlaybackState.ACTION_FAST_FORWARD, android.media.session.PlaybackState.ACTION_SET_RATING, android.media.session.PlaybackState.ACTION_SEEK_TO, android.media.session.PlaybackState.ACTION_PLAY_PAUSE, android.media.session.PlaybackState.ACTION_PLAY_FROM_MEDIA_ID, android.media.session.PlaybackState.ACTION_PLAY_FROM_SEARCH, android.media.session.PlaybackState.ACTION_SKIP_TO_QUEUE_ITEM, android.media.session.PlaybackState.ACTION_PLAY_FROM_URI, android.media.session.PlaybackState.ACTION_PREPARE, android.media.session.PlaybackState.ACTION_PREPARE_FROM_MEDIA_ID, android.media.session.PlaybackState.ACTION_PREPARE_FROM_SEARCH, android.media.session.PlaybackState.ACTION_PREPARE_FROM_URI, android.media.session.PlaybackState.ACTION_SET_PLAYBACK_SPEED}" />
      <val name="flag" val="true" />
    </annotation>
  </item>
  <item name="android.media.session.PlaybackState.Builder android.media.session.PlaybackState.Builder setState(int, long, float) 0">
    <annotation name="androidx.annotation.IntDef">
      <val name="value" val="{android.media.session.PlaybackState.STATE_NONE, android.media.session.PlaybackState.STATE_STOPPED, android.media.session.PlaybackState.STATE_PAUSED, android.media.session.PlaybackState.STATE_PLAYING, android.media.session.PlaybackState.STATE_FAST_FORWARDING, android.media.session.PlaybackState.STATE_REWINDING, android.media.session.PlaybackState.STATE_BUFFERING, android.media.session.PlaybackState.STATE_ERROR, android.media.session.PlaybackState.STATE_CONNECTING, android.media.session.PlaybackState.STATE_SKIPPING_TO_PREVIOUS, android.media.session.PlaybackState.STATE_SKIPPING_TO_NEXT, android.media.session.PlaybackState.STATE_SKIPPING_TO_QUEUE_ITEM}" />
    </annotation>
  </item>
  <item name="android.media.session.PlaybackState.Builder android.media.session.PlaybackState.Builder setState(int, long, float, long) 0">
    <annotation name="androidx.annotation.IntDef">
      <val name="value" val="{android.media.session.PlaybackState.STATE_NONE, android.media.session.PlaybackState.STATE_STOPPED, android.media.session.PlaybackState.STATE_PAUSED, android.media.session.PlaybackState.STATE_PLAYING, android.media.session.PlaybackState.STATE_FAST_FORWARDING, android.media.session.PlaybackState.STATE_REWINDING, android.media.session.PlaybackState.STATE_BUFFERING, android.media.session.PlaybackState.STATE_ERROR, android.media.session.PlaybackState.STATE_CONNECTING, android.media.session.PlaybackState.STATE_SKIPPING_TO_PREVIOUS, android.media.session.PlaybackState.STATE_SKIPPING_TO_NEXT, android.media.session.PlaybackState.STATE_SKIPPING_TO_QUEUE_ITEM}" />
    </annotation>
  </item>
  <item name="android.media.session.PlaybackState.CustomAction.Builder Builder(java.lang.String, java.lang.CharSequence, int) 2">
    <annotation name="androidx.annotation.DrawableRes"/>
  </item>
</root>

