<?xml version="1.0" encoding="UTF-8"?>
<root>
  <item name="com.android.server.art.model.ArtFlags int defaultDeleteFlags()">
    <annotation name="androidx.annotation.IntDef">
      <val name="value" val="{com.android.server.art.model.ArtFlags.FLAG_FOR_PRIMARY_DEX, com.android.server.art.model.ArtFlags.FLAG_FOR_SECONDARY_DEX}" />
      <val name="flag" val="true" />
    </annotation>
  </item>
  <item name="com.android.server.art.model.ArtFlags int defaultGetStatusFlags()">
    <annotation name="androidx.annotation.IntDef">
      <val name="value" val="{com.android.server.art.model.ArtFlags.FLAG_FOR_PRIMARY_DEX, com.android.server.art.model.ArtFlags.FLAG_FOR_SECONDARY_DEX}" />
      <val name="flag" val="true" />
    </annotation>
  </item>
  <item name="com.android.server.art.model.OptimizeParams int getFlags()">
    <annotation name="androidx.annotation.IntDef">
      <val name="value" val="{com.android.server.art.model.ArtFlags.FLAG_FOR_PRIMARY_DEX, com.android.server.art.model.ArtFlags.FLAG_FOR_SECONDARY_DEX, com.android.server.art.model.ArtFlags.FLAG_SHOULD_INCLUDE_DEPENDENCIES, com.android.server.art.model.ArtFlags.FLAG_SHOULD_DOWNGRADE, com.android.server.art.model.ArtFlags.FLAG_FORCE, com.android.server.art.model.ArtFlags.FLAG_FOR_SINGLE_SPLIT, com.android.server.art.model.ArtFlags.FLAG_SKIP_IF_STORAGE_LOW}" />
      <val name="flag" val="true" />
    </annotation>
  </item>
  <item name="com.android.server.art.model.OptimizeParams int getPriorityClass()">
    <annotation name="androidx.annotation.IntDef">
      <val name="value" val="{com.android.server.art.model.ArtFlags.PRIORITY_BOOT, com.android.server.art.model.ArtFlags.PRIORITY_INTERACTIVE_FAST, com.android.server.art.model.ArtFlags.PRIORITY_INTERACTIVE, com.android.server.art.model.ArtFlags.PRIORITY_BACKGROUND}" />
    </annotation>
  </item>
  <item name="com.android.server.art.model.OptimizeParams.Builder Builder(java.lang.String, int) 1">
    <annotation name="androidx.annotation.IntDef">
      <val name="value" val="{com.android.server.art.model.ArtFlags.FLAG_FOR_PRIMARY_DEX, com.android.server.art.model.ArtFlags.FLAG_FOR_SECONDARY_DEX, com.android.server.art.model.ArtFlags.FLAG_SHOULD_INCLUDE_DEPENDENCIES, com.android.server.art.model.ArtFlags.FLAG_SHOULD_DOWNGRADE, com.android.server.art.model.ArtFlags.FLAG_FORCE, com.android.server.art.model.ArtFlags.FLAG_FOR_SINGLE_SPLIT, com.android.server.art.model.ArtFlags.FLAG_SKIP_IF_STORAGE_LOW}" />
      <val name="flag" val="true" />
    </annotation>
  </item>
  <item name="com.android.server.art.model.OptimizeParams.Builder com.android.server.art.model.OptimizeParams.Builder setFlags(int) 0">
    <annotation name="androidx.annotation.IntDef">
      <val name="value" val="{com.android.server.art.model.ArtFlags.FLAG_FOR_PRIMARY_DEX, com.android.server.art.model.ArtFlags.FLAG_FOR_SECONDARY_DEX, com.android.server.art.model.ArtFlags.FLAG_SHOULD_INCLUDE_DEPENDENCIES, com.android.server.art.model.ArtFlags.FLAG_SHOULD_DOWNGRADE, com.android.server.art.model.ArtFlags.FLAG_FORCE, com.android.server.art.model.ArtFlags.FLAG_FOR_SINGLE_SPLIT, com.android.server.art.model.ArtFlags.FLAG_SKIP_IF_STORAGE_LOW}" />
      <val name="flag" val="true" />
    </annotation>
  </item>
  <item name="com.android.server.art.model.OptimizeParams.Builder com.android.server.art.model.OptimizeParams.Builder setFlags(int, int) 0">
    <annotation name="androidx.annotation.IntDef">
      <val name="value" val="{com.android.server.art.model.ArtFlags.FLAG_FOR_PRIMARY_DEX, com.android.server.art.model.ArtFlags.FLAG_FOR_SECONDARY_DEX, com.android.server.art.model.ArtFlags.FLAG_SHOULD_INCLUDE_DEPENDENCIES, com.android.server.art.model.ArtFlags.FLAG_SHOULD_DOWNGRADE, com.android.server.art.model.ArtFlags.FLAG_FORCE, com.android.server.art.model.ArtFlags.FLAG_FOR_SINGLE_SPLIT, com.android.server.art.model.ArtFlags.FLAG_SKIP_IF_STORAGE_LOW}" />
      <val name="flag" val="true" />
    </annotation>
  </item>
  <item name="com.android.server.art.model.OptimizeParams.Builder com.android.server.art.model.OptimizeParams.Builder setFlags(int, int) 1">
    <annotation name="androidx.annotation.IntDef">
      <val name="value" val="{com.android.server.art.model.ArtFlags.FLAG_FOR_PRIMARY_DEX, com.android.server.art.model.ArtFlags.FLAG_FOR_SECONDARY_DEX, com.android.server.art.model.ArtFlags.FLAG_SHOULD_INCLUDE_DEPENDENCIES, com.android.server.art.model.ArtFlags.FLAG_SHOULD_DOWNGRADE, com.android.server.art.model.ArtFlags.FLAG_FORCE, com.android.server.art.model.ArtFlags.FLAG_FOR_SINGLE_SPLIT, com.android.server.art.model.ArtFlags.FLAG_SKIP_IF_STORAGE_LOW}" />
      <val name="flag" val="true" />
    </annotation>
  </item>
  <item name="com.android.server.art.model.OptimizeParams.Builder com.android.server.art.model.OptimizeParams.Builder setPriorityClass(int) 0">
    <annotation name="androidx.annotation.IntDef">
      <val name="value" val="{com.android.server.art.model.ArtFlags.PRIORITY_BOOT, com.android.server.art.model.ArtFlags.PRIORITY_INTERACTIVE_FAST, com.android.server.art.model.ArtFlags.PRIORITY_INTERACTIVE, com.android.server.art.model.ArtFlags.PRIORITY_BACKGROUND}" />
    </annotation>
  </item>
  <item name="com.android.server.art.model.OptimizeResult int getFinalStatus()">
    <annotation name="androidx.annotation.IntDef">
      <val name="value" val="{com.android.server.art.model.OptimizeResult.OPTIMIZE_SKIPPED, com.android.server.art.model.OptimizeResult.OPTIMIZE_FAILED, com.android.server.art.model.OptimizeResult.OPTIMIZE_PERFORMED, com.android.server.art.model.OptimizeResult.OPTIMIZE_CANCELLED}" />
    </annotation>
  </item>
  <item name="com.android.server.art.model.OptimizeResult.DexContainerFileOptimizeResult int getStatus()">
    <annotation name="androidx.annotation.IntDef">
      <val name="value" val="{com.android.server.art.model.OptimizeResult.OPTIMIZE_SKIPPED, com.android.server.art.model.OptimizeResult.OPTIMIZE_FAILED, com.android.server.art.model.OptimizeResult.OPTIMIZE_PERFORMED, com.android.server.art.model.OptimizeResult.OPTIMIZE_CANCELLED}" />
    </annotation>
  </item>
  <item name="com.android.server.art.model.OptimizeResult.PackageOptimizeResult int getStatus()">
    <annotation name="androidx.annotation.IntDef">
      <val name="value" val="{com.android.server.art.model.OptimizeResult.OPTIMIZE_SKIPPED, com.android.server.art.model.OptimizeResult.OPTIMIZE_FAILED, com.android.server.art.model.OptimizeResult.OPTIMIZE_PERFORMED, com.android.server.art.model.OptimizeResult.OPTIMIZE_CANCELLED}" />
    </annotation>
  </item>
</root>

