<?xml version="1.0" encoding="UTF-8"?>
<root>
  <item name="android.hardware.Camera android.hardware.Camera open(int)">
    <annotation name="android.support.annotation.NonNull" />
  </item>
  <item name="android.hardware.Camera android.hardware.Camera.Parameters getParameters()">
    <annotation name="android.support.annotation.NonNull" />
  </item>
  <item name="android.hardware.Camera void getCameraInfo(int, android.hardware.Camera.CameraInfo) 1">
    <annotation name="android.support.annotation.NonNull" />
  </item>
  <item name="android.hardware.Camera void setParameters(android.hardware.Camera.Parameters) 0">
    <annotation name="android.support.annotation.NonNull" />
  </item>
  <item name="android.hardware.Camera.Parameters android.hardware.Camera.Size getJpegThumbnailSize()">
    <annotation name="android.support.annotation.NonNull" />
  </item>
  <item name="android.hardware.Camera.Parameters java.lang.String flatten()">
    <annotation name="android.support.annotation.NonNull" />
  </item>
  <item name="android.hardware.Camera.Parameters java.util.List&lt;java.lang.Integer&gt; getSupportedPictureFormats()">
    <annotation name="android.support.annotation.NonNull" />
  </item>
  <item name="android.hardware.Camera.Parameters java.util.List&lt;java.lang.Integer&gt; getSupportedPreviewFormats()">
    <annotation name="android.support.annotation.NonNull" />
  </item>
  <item name="android.hardware.Camera.Parameters void set(java.lang.String, java.lang.String) 0">
    <annotation name="android.support.annotation.NonNull" />
  </item>
  <item name="android.hardware.Camera.Parameters void set(java.lang.String, java.lang.String) 1">
    <annotation name="android.support.annotation.NonNull" />
  </item>
  <item name="android.hardware.Camera.Parameters void setAntibanding(java.lang.String) 0">
    <annotation name="android.support.annotation.NonNull" />
  </item>
  <item name="android.hardware.Camera.Parameters void setColorEffect(java.lang.String) 0">
    <annotation name="android.support.annotation.NonNull" />
  </item>
  <item name="android.hardware.Camera.Parameters void setFlashMode(java.lang.String) 0">
    <annotation name="android.support.annotation.NonNull" />
  </item>
  <item name="android.hardware.Camera.Parameters void setFocusMode(java.lang.String) 0">
    <annotation name="android.support.annotation.NonNull" />
  </item>
  <item name="android.hardware.Camera.Parameters void setGpsProcessingMethod(java.lang.String) 0">
    <annotation name="android.support.annotation.NonNull" />
  </item>
  <item name="android.hardware.Camera.Parameters void setSceneMode(java.lang.String) 0">
    <annotation name="android.support.annotation.NonNull" />
  </item>
  <item name="android.hardware.Camera.Parameters void setWhiteBalance(java.lang.String) 0">
    <annotation name="android.support.annotation.NonNull" />
  </item>
  <item name="android.hardware.SensorEvent values">
    <annotation name="android.support.annotation.NonNull" />
  </item>
  <item name="android.hardware.SensorManager boolean remapCoordinateSystem(float[], int, int, float[]) 0">
    <annotation name="android.support.annotation.NonNull" />
  </item>
  <item name="android.hardware.SensorManager boolean remapCoordinateSystem(float[], int, int, float[]) 3">
    <annotation name="android.support.annotation.NonNull" />
  </item>
  <item name="android.hardware.SensorManager float getInclination(float[]) 0">
    <annotation name="android.support.annotation.NonNull" />
  </item>
  <item name="android.hardware.SensorManager float[] getOrientation(float[], float[]) 0">
    <annotation name="android.support.annotation.NonNull" />
  </item>
  <item name="android.hardware.SensorManager void getAngleChange(float[], float[], float[]) 1">
    <annotation name="android.support.annotation.NonNull" />
  </item>
  <item name="android.hardware.SensorManager void getAngleChange(float[], float[], float[]) 2">
    <annotation name="android.support.annotation.NonNull" />
  </item>
  <item name="android.hardware.SensorManager void getQuaternionFromVector(float[], float[]) 1">
    <annotation name="android.support.annotation.NonNull" />
  </item>
  <item name="android.hardware.SensorManager void getRotationMatrixFromVector(float[], float[]) 0">
    <annotation name="android.support.annotation.NonNull" />
  </item>
  <item name="android.hardware.SensorManager void getRotationMatrixFromVector(float[], float[]) 1">
    <annotation name="android.support.annotation.NonNull" />
  </item>
</root>

