<?xml version="1.0" encoding="UTF-8"?>
<root>
  <item name="android.print.PageRange PageRange(int, int) 0">
    <annotation name="androidx.annotation.IntRange">
      <val name="from" val="0" />
    </annotation>
  </item>
  <item name="android.print.PageRange PageRange(int, int) 1">
    <annotation name="androidx.annotation.IntRange">
      <val name="from" val="0" />
    </annotation>
  </item>
  <item name="android.print.PageRange int getEnd()">
    <annotation name="androidx.annotation.IntRange">
      <val name="from" val="0" />
    </annotation>
  </item>
  <item name="android.print.PageRange int getStart()">
    <annotation name="androidx.annotation.IntRange">
      <val name="from" val="0" />
    </annotation>
  </item>
  <item name="android.print.PrintAttributes int getColorMode()">
    <annotation name="androidx.annotation.IntRange">
      <val name="from" val="0" />
    </annotation>
  </item>
  <item name="android.print.PrintAttributes int getDuplexMode()">
    <annotation name="androidx.annotation.IntRange">
      <val name="from" val="0" />
    </annotation>
  </item>
  <item name="android.print.PrintAttributes.Builder android.print.PrintAttributes.Builder setColorMode(int) 0">
    <annotation name="androidx.annotation.IntDef">
      <val name="value" val="{android.print.PrintAttributes.COLOR_MODE_MONOCHROME, android.print.PrintAttributes.COLOR_MODE_COLOR}" />
      <val name="flag" val="true" />
    </annotation>
  </item>
  <item name="android.print.PrintAttributes.Builder android.print.PrintAttributes.Builder setDuplexMode(int) 0">
    <annotation name="androidx.annotation.IntDef">
      <val name="value" val="{android.print.PrintAttributes.DUPLEX_MODE_NONE, android.print.PrintAttributes.DUPLEX_MODE_LONG_EDGE, android.print.PrintAttributes.DUPLEX_MODE_SHORT_EDGE}" />
      <val name="flag" val="true" />
    </annotation>
  </item>
  <item name="android.print.PrintAttributes.MediaSize MediaSize(java.lang.String, java.lang.String, int, int) 2">
    <annotation name="androidx.annotation.IntRange">
      <val name="from" val="1" />
    </annotation>
  </item>
  <item name="android.print.PrintAttributes.MediaSize MediaSize(java.lang.String, java.lang.String, int, int) 3">
    <annotation name="androidx.annotation.IntRange">
      <val name="from" val="1" />
    </annotation>
  </item>
  <item name="android.print.PrintAttributes.MediaSize int getHeightMils()">
    <annotation name="androidx.annotation.IntRange">
      <val name="from" val="1" />
    </annotation>
  </item>
  <item name="android.print.PrintAttributes.MediaSize int getWidthMils()">
    <annotation name="androidx.annotation.IntRange">
      <val name="from" val="1" />
    </annotation>
  </item>
  <item name="android.print.PrintAttributes.Resolution Resolution(java.lang.String, java.lang.String, int, int) 2">
    <annotation name="androidx.annotation.IntRange">
      <val name="from" val="1" />
    </annotation>
  </item>
  <item name="android.print.PrintAttributes.Resolution Resolution(java.lang.String, java.lang.String, int, int) 3">
    <annotation name="androidx.annotation.IntRange">
      <val name="from" val="1" />
    </annotation>
  </item>
  <item name="android.print.PrintAttributes.Resolution int getHorizontalDpi()">
    <annotation name="androidx.annotation.IntRange">
      <val name="from" val="1" />
    </annotation>
  </item>
  <item name="android.print.PrintAttributes.Resolution int getVerticalDpi()">
    <annotation name="androidx.annotation.IntRange">
      <val name="from" val="1" />
    </annotation>
  </item>
  <item name="android.print.PrintDocumentInfo int getPageCount()">
    <annotation name="androidx.annotation.IntRange">
      <val name="from" val="-1" />
    </annotation>
  </item>
  <item name="android.print.PrintDocumentInfo long getDataSize()">
    <annotation name="androidx.annotation.IntRange">
      <val name="from" val="0" />
    </annotation>
  </item>
  <item name="android.print.PrintDocumentInfo.Builder android.print.PrintDocumentInfo.Builder setContentType(int) 0">
    <annotation name="androidx.annotation.IntDef">
      <val name="value" val="{android.print.PrintDocumentInfo.CONTENT_TYPE_UNKNOWN, android.print.PrintDocumentInfo.CONTENT_TYPE_DOCUMENT, android.print.PrintDocumentInfo.CONTENT_TYPE_PHOTO}" />
    </annotation>
  </item>
  <item name="android.print.PrintDocumentInfo.Builder android.print.PrintDocumentInfo.Builder setPageCount(int) 0">
    <annotation name="androidx.annotation.IntRange">
      <val name="from" val="-1" />
    </annotation>
  </item>
  <item name="android.print.PrintJobInfo int getCopies()">
    <annotation name="androidx.annotation.IntRange">
      <val name="from" val="0" />
    </annotation>
  </item>
  <item name="android.print.PrintJobInfo int getState()">
    <annotation name="androidx.annotation.IntDef">
      <val name="value" val="{android.print.PrintJobInfo.STATE_CREATED, android.print.PrintJobInfo.STATE_QUEUED, android.print.PrintJobInfo.STATE_STARTED, android.print.PrintJobInfo.STATE_BLOCKED, android.print.PrintJobInfo.STATE_COMPLETED, android.print.PrintJobInfo.STATE_FAILED, android.print.PrintJobInfo.STATE_CANCELED}" />
    </annotation>
  </item>
  <item name="android.print.PrintJobInfo.Builder void setCopies(int) 0">
    <annotation name="androidx.annotation.IntRange">
      <val name="from" val="1" />
    </annotation>
  </item>
  <item name="android.print.PrintManager java.util.List&lt;android.printservice.PrintServiceInfo&gt; getPrintServices(int)">
    <annotation name="androidx.annotation.RequiresPermission">
      <val name="value" val="&quot;android.permission.READ_PRINT_SERVICES&quot;" />
    </annotation>
  </item>
  <item name="android.print.PrintManager java.util.List&lt;android.printservice.recommendation.RecommendationInfo&gt; getPrintServiceRecommendations()">
    <annotation name="androidx.annotation.RequiresPermission">
      <val name="value" val="&quot;android.permission.READ_PRINT_SERVICE_RECOMMENDATIONS&quot;" />
    </annotation>
  </item>
  <item name="android.print.PrintManager void addPrintServiceRecommendationsChangeListener(android.print.PrintManager.PrintServiceRecommendationsChangeListener, android.os.Handler)">
    <annotation name="androidx.annotation.RequiresPermission">
      <val name="value" val="&quot;android.permission.READ_PRINT_SERVICE_RECOMMENDATIONS&quot;" />
    </annotation>
  </item>
  <item name="android.print.PrintManager void addPrintServicesChangeListener(android.print.PrintManager.PrintServicesChangeListener, android.os.Handler)">
    <annotation name="androidx.annotation.RequiresPermission">
      <val name="value" val="&quot;android.permission.READ_PRINT_SERVICES&quot;" />
    </annotation>
  </item>
  <item name="android.print.PrintManager void removePrintServiceRecommendationsChangeListener(android.print.PrintManager.PrintServiceRecommendationsChangeListener)">
    <annotation name="androidx.annotation.RequiresPermission">
      <val name="value" val="&quot;android.permission.READ_PRINT_SERVICE_RECOMMENDATIONS&quot;" />
    </annotation>
  </item>
  <item name="android.print.PrintManager void removePrintServicesChangeListener(android.print.PrintManager.PrintServicesChangeListener)">
    <annotation name="androidx.annotation.RequiresPermission">
      <val name="value" val="&quot;android.permission.READ_PRINT_SERVICES&quot;" />
    </annotation>
  </item>
  <item name="android.print.PrinterCapabilitiesInfo int getColorModes()">
    <annotation name="androidx.annotation.IntDef">
      <val name="value" val="{android.print.PrintAttributes.COLOR_MODE_MONOCHROME, android.print.PrintAttributes.COLOR_MODE_COLOR}" />
      <val name="flag" val="true" />
    </annotation>
  </item>
  <item name="android.print.PrinterCapabilitiesInfo int getDuplexModes()">
    <annotation name="androidx.annotation.IntDef">
      <val name="value" val="{android.print.PrintAttributes.DUPLEX_MODE_NONE, android.print.PrintAttributes.DUPLEX_MODE_LONG_EDGE, android.print.PrintAttributes.DUPLEX_MODE_SHORT_EDGE}" />
      <val name="flag" val="true" />
    </annotation>
  </item>
  <item name="android.print.PrinterCapabilitiesInfo.Builder android.print.PrinterCapabilitiesInfo.Builder setColorModes(int, int) 0">
    <annotation name="androidx.annotation.IntDef">
      <val name="value" val="{android.print.PrintAttributes.COLOR_MODE_MONOCHROME, android.print.PrintAttributes.COLOR_MODE_COLOR}" />
      <val name="flag" val="true" />
    </annotation>
  </item>
  <item name="android.print.PrinterCapabilitiesInfo.Builder android.print.PrinterCapabilitiesInfo.Builder setColorModes(int, int) 1">
    <annotation name="androidx.annotation.IntDef">
      <val name="value" val="{android.print.PrintAttributes.COLOR_MODE_MONOCHROME, android.print.PrintAttributes.COLOR_MODE_COLOR}" />
      <val name="flag" val="true" />
    </annotation>
  </item>
  <item name="android.print.PrinterCapabilitiesInfo.Builder android.print.PrinterCapabilitiesInfo.Builder setDuplexModes(int, int) 0">
    <annotation name="androidx.annotation.IntDef">
      <val name="value" val="{android.print.PrintAttributes.DUPLEX_MODE_NONE, android.print.PrintAttributes.DUPLEX_MODE_LONG_EDGE, android.print.PrintAttributes.DUPLEX_MODE_SHORT_EDGE}" />
      <val name="flag" val="true" />
    </annotation>
  </item>
  <item name="android.print.PrinterCapabilitiesInfo.Builder android.print.PrinterCapabilitiesInfo.Builder setDuplexModes(int, int) 1">
    <annotation name="androidx.annotation.IntDef">
      <val name="value" val="{android.print.PrintAttributes.DUPLEX_MODE_NONE, android.print.PrintAttributes.DUPLEX_MODE_LONG_EDGE, android.print.PrintAttributes.DUPLEX_MODE_SHORT_EDGE}" />
      <val name="flag" val="true" />
    </annotation>
  </item>
  <item name="android.print.PrinterInfo int getStatus()">
    <annotation name="androidx.annotation.IntDef">
      <val name="value" val="{android.print.PrinterInfo.STATUS_IDLE, android.print.PrinterInfo.STATUS_BUSY, android.print.PrinterInfo.STATUS_UNAVAILABLE}" />
    </annotation>
  </item>
  <item name="android.print.PrinterInfo.Builder Builder(android.print.PrinterId, java.lang.String, int) 2">
    <annotation name="androidx.annotation.IntDef">
      <val name="value" val="{android.print.PrinterInfo.STATUS_IDLE, android.print.PrinterInfo.STATUS_BUSY, android.print.PrinterInfo.STATUS_UNAVAILABLE}" />
    </annotation>
  </item>
  <item name="android.print.PrinterInfo.Builder android.print.PrinterInfo.Builder setIconResourceId(int) 0">
    <annotation name="androidx.annotation.DrawableRes"/>
  </item>
  <item name="android.print.PrinterInfo.Builder android.print.PrinterInfo.Builder setStatus(int) 0">
    <annotation name="androidx.annotation.IntDef">
      <val name="value" val="{android.print.PrinterInfo.STATUS_IDLE, android.print.PrinterInfo.STATUS_BUSY, android.print.PrinterInfo.STATUS_UNAVAILABLE}" />
    </annotation>
  </item>
</root>

