<?xml version="1.0" encoding="UTF-8"?>
<root>
  <item name="android.location.Location double convert(java.lang.String)">
    <annotation name="androidx.annotation.FloatRange"/>
  </item>
  <item name="android.location.Location double getAltitude()">
    <annotation name="androidx.annotation.FloatRange"/>
  </item>
  <item name="android.location.Location double getElapsedRealtimeUncertaintyNanos()">
    <annotation name="androidx.annotation.FloatRange">
      <val name="from" val="0.0" />
    </annotation>
  </item>
  <item name="android.location.Location double getLatitude()">
    <annotation name="androidx.annotation.FloatRange">
      <val name="from" val="-90.0" />
      <val name="to" val="90.0" />
    </annotation>
  </item>
  <item name="android.location.Location double getLongitude()">
    <annotation name="androidx.annotation.FloatRange">
      <val name="from" val="-180.0" />
      <val name="to" val="180.0" />
    </annotation>
  </item>
  <item name="android.location.Location double getMslAltitudeMeters()">
    <annotation name="androidx.annotation.FloatRange"/>
  </item>
  <item name="android.location.Location float distanceTo(android.location.Location)">
    <annotation name="androidx.annotation.FloatRange">
      <val name="from" val="0.0" />
    </annotation>
  </item>
  <item name="android.location.Location float getAccuracy()">
    <annotation name="androidx.annotation.FloatRange">
      <val name="from" val="0.0" />
    </annotation>
  </item>
  <item name="android.location.Location float getBearing()">
    <annotation name="androidx.annotation.FloatRange">
      <val name="from" val="0.0" />
      <val name="to" val="360.0" />
      <val name="toInclusive" val="false" />
    </annotation>
  </item>
  <item name="android.location.Location float getBearingAccuracyDegrees()">
    <annotation name="androidx.annotation.FloatRange">
      <val name="from" val="0.0" />
    </annotation>
  </item>
  <item name="android.location.Location float getMslAltitudeAccuracyMeters()">
    <annotation name="androidx.annotation.FloatRange">
      <val name="from" val="0.0" />
    </annotation>
  </item>
  <item name="android.location.Location float getSpeed()">
    <annotation name="androidx.annotation.FloatRange">
      <val name="from" val="0.0" />
    </annotation>
  </item>
  <item name="android.location.Location float getSpeedAccuracyMetersPerSecond()">
    <annotation name="androidx.annotation.FloatRange">
      <val name="from" val="0.0" />
    </annotation>
  </item>
  <item name="android.location.Location float getVerticalAccuracyMeters()">
    <annotation name="androidx.annotation.FloatRange">
      <val name="from" val="0.0" />
    </annotation>
  </item>
  <item name="android.location.Location java.lang.String convert(double, int) 0">
    <annotation name="androidx.annotation.FloatRange"/>
  </item>
  <item name="android.location.Location java.lang.String convert(double, int) 1">
    <annotation name="androidx.annotation.IntDef">
      <val name="value" val="{android.location.Location.FORMAT_DEGREES, android.location.Location.FORMAT_MINUTES, android.location.Location.FORMAT_SECONDS}" />
    </annotation>
  </item>
  <item name="android.location.Location long getElapsedRealtimeAgeMillis()">
    <annotation name="androidx.annotation.IntRange">
      <val name="from" val="0" />
    </annotation>
  </item>
  <item name="android.location.Location long getElapsedRealtimeAgeMillis(long) 0">
    <annotation name="androidx.annotation.IntRange">
      <val name="from" val="0" />
    </annotation>
  </item>
  <item name="android.location.Location long getElapsedRealtimeMillis()">
    <annotation name="androidx.annotation.IntRange">
      <val name="from" val="0" />
    </annotation>
  </item>
  <item name="android.location.Location long getElapsedRealtimeNanos()">
    <annotation name="androidx.annotation.IntRange">
      <val name="from" val="0" />
    </annotation>
  </item>
  <item name="android.location.Location long getTime()">
    <annotation name="androidx.annotation.IntRange">
      <val name="from" val="0" />
    </annotation>
  </item>
  <item name="android.location.Location void distanceBetween(double, double, double, double, float[]) 0">
    <annotation name="androidx.annotation.FloatRange">
      <val name="from" val="-90.0" />
      <val name="to" val="90.0" />
    </annotation>
  </item>
  <item name="android.location.Location void distanceBetween(double, double, double, double, float[]) 1">
    <annotation name="androidx.annotation.FloatRange">
      <val name="from" val="-180.0" />
      <val name="to" val="180.0" />
    </annotation>
  </item>
  <item name="android.location.Location void distanceBetween(double, double, double, double, float[]) 2">
    <annotation name="androidx.annotation.FloatRange">
      <val name="from" val="-90.0" />
      <val name="to" val="90.0" />
    </annotation>
  </item>
  <item name="android.location.Location void distanceBetween(double, double, double, double, float[]) 3">
    <annotation name="androidx.annotation.FloatRange">
      <val name="from" val="-180.0" />
      <val name="to" val="180.0" />
    </annotation>
  </item>
  <item name="android.location.Location void setAccuracy(float) 0">
    <annotation name="androidx.annotation.FloatRange">
      <val name="from" val="0.0" />
    </annotation>
  </item>
  <item name="android.location.Location void setAltitude(double) 0">
    <annotation name="androidx.annotation.FloatRange"/>
  </item>
  <item name="android.location.Location void setBearing(float) 0">
    <annotation name="androidx.annotation.FloatRange">
      <val name="fromInclusive" val="false" />
      <val name="toInclusive" val="false" />
    </annotation>
  </item>
  <item name="android.location.Location void setBearingAccuracyDegrees(float) 0">
    <annotation name="androidx.annotation.FloatRange">
      <val name="from" val="0.0" />
    </annotation>
  </item>
  <item name="android.location.Location void setElapsedRealtimeNanos(long) 0">
    <annotation name="androidx.annotation.IntRange">
      <val name="from" val="0" />
    </annotation>
  </item>
  <item name="android.location.Location void setElapsedRealtimeUncertaintyNanos(double) 0">
    <annotation name="androidx.annotation.FloatRange">
      <val name="from" val="0.0" />
    </annotation>
  </item>
  <item name="android.location.Location void setLatitude(double) 0">
    <annotation name="androidx.annotation.FloatRange">
      <val name="from" val="-90.0" />
      <val name="to" val="90.0" />
    </annotation>
  </item>
  <item name="android.location.Location void setLongitude(double) 0">
    <annotation name="androidx.annotation.FloatRange">
      <val name="from" val="-180.0" />
      <val name="to" val="180.0" />
    </annotation>
  </item>
  <item name="android.location.Location void setMslAltitudeAccuracyMeters(float) 0">
    <annotation name="androidx.annotation.FloatRange">
      <val name="from" val="0.0" />
    </annotation>
  </item>
  <item name="android.location.Location void setMslAltitudeMeters(double) 0">
    <annotation name="androidx.annotation.FloatRange"/>
  </item>
  <item name="android.location.Location void setSpeed(float) 0">
    <annotation name="androidx.annotation.FloatRange">
      <val name="from" val="0.0" />
    </annotation>
  </item>
  <item name="android.location.Location void setSpeedAccuracyMetersPerSecond(float) 0">
    <annotation name="androidx.annotation.FloatRange">
      <val name="from" val="0.0" />
    </annotation>
  </item>
  <item name="android.location.Location void setTime(long) 0">
    <annotation name="androidx.annotation.IntRange">
      <val name="from" val="0" />
    </annotation>
  </item>
  <item name="android.location.Location void setVerticalAccuracyMeters(float) 0">
    <annotation name="androidx.annotation.FloatRange">
      <val name="from" val="0.0" />
    </annotation>
  </item>
</root>

