<?xml version="1.0" encoding="UTF-8"?>
<root>
  <item name="android.telephony.ims.feature.CapabilityChangeRequest void addCapabilitiesToDisableForTech(int, int) 1">
    <annotation name="androidx.annotation.IntDef">
      <val name="value" val="{android.telephony.ims.stub.ImsRegistrationImplBase.REGISTRATION_TECH_NONE, android.telephony.ims.stub.ImsRegistrationImplBase.REGISTRATION_TECH_LTE, android.telephony.ims.stub.ImsRegistrationImplBase.REGISTRATION_TECH_IWLAN, android.telephony.ims.stub.ImsRegistrationImplBase.REGISTRATION_TECH_CROSS_SIM, android.telephony.ims.stub.ImsRegistrationImplBase.REGISTRATION_TECH_NR, android.telephony.ims.stub.ImsRegistrationImplBase.REGISTRATION_TECH_3G}" />
    </annotation>
  </item>
  <item name="android.telephony.ims.feature.CapabilityChangeRequest void addCapabilitiesToEnableForTech(int, int) 1">
    <annotation name="androidx.annotation.IntDef">
      <val name="value" val="{android.telephony.ims.stub.ImsRegistrationImplBase.REGISTRATION_TECH_NONE, android.telephony.ims.stub.ImsRegistrationImplBase.REGISTRATION_TECH_LTE, android.telephony.ims.stub.ImsRegistrationImplBase.REGISTRATION_TECH_IWLAN, android.telephony.ims.stub.ImsRegistrationImplBase.REGISTRATION_TECH_CROSS_SIM, android.telephony.ims.stub.ImsRegistrationImplBase.REGISTRATION_TECH_NR, android.telephony.ims.stub.ImsRegistrationImplBase.REGISTRATION_TECH_3G}" />
    </annotation>
  </item>
  <item name="android.telephony.ims.feature.CapabilityChangeRequest.CapabilityPair CapabilityPair(int, int) 1">
    <annotation name="androidx.annotation.IntDef">
      <val name="value" val="{android.telephony.ims.stub.ImsRegistrationImplBase.REGISTRATION_TECH_NONE, android.telephony.ims.stub.ImsRegistrationImplBase.REGISTRATION_TECH_LTE, android.telephony.ims.stub.ImsRegistrationImplBase.REGISTRATION_TECH_IWLAN, android.telephony.ims.stub.ImsRegistrationImplBase.REGISTRATION_TECH_CROSS_SIM, android.telephony.ims.stub.ImsRegistrationImplBase.REGISTRATION_TECH_NR, android.telephony.ims.stub.ImsRegistrationImplBase.REGISTRATION_TECH_3G}" />
    </annotation>
  </item>
  <item name="android.telephony.ims.feature.CapabilityChangeRequest.CapabilityPair int getRadioTech()">
    <annotation name="androidx.annotation.IntDef">
      <val name="value" val="{android.telephony.ims.stub.ImsRegistrationImplBase.REGISTRATION_TECH_NONE, android.telephony.ims.stub.ImsRegistrationImplBase.REGISTRATION_TECH_LTE, android.telephony.ims.stub.ImsRegistrationImplBase.REGISTRATION_TECH_IWLAN, android.telephony.ims.stub.ImsRegistrationImplBase.REGISTRATION_TECH_CROSS_SIM, android.telephony.ims.stub.ImsRegistrationImplBase.REGISTRATION_TECH_NR, android.telephony.ims.stub.ImsRegistrationImplBase.REGISTRATION_TECH_3G}" />
    </annotation>
  </item>
  <item name="android.telephony.ims.feature.ImsFeature int getFeatureState()">
    <annotation name="androidx.annotation.IntDef">
      <val name="value" val="{android.telephony.ims.feature.ImsFeature.STATE_UNAVAILABLE, android.telephony.ims.feature.ImsFeature.STATE_INITIALIZING, android.telephony.ims.feature.ImsFeature.STATE_READY}" />
      <val name="flag" val="true" />
    </annotation>
  </item>
  <item name="android.telephony.ims.feature.ImsFeature void setFeatureState(int) 0">
    <annotation name="androidx.annotation.IntDef">
      <val name="value" val="{android.telephony.ims.feature.ImsFeature.STATE_UNAVAILABLE, android.telephony.ims.feature.ImsFeature.STATE_INITIALIZING, android.telephony.ims.feature.ImsFeature.STATE_READY}" />
      <val name="flag" val="true" />
    </annotation>
  </item>
  <item name="android.telephony.ims.feature.ImsFeature.CapabilityCallbackProxy void onChangeCapabilityConfigurationError(int, int, int) 2">
    <annotation name="androidx.annotation.IntDef">
      <val name="value" val="{android.telephony.ims.feature.ImsFeature.CAPABILITY_ERROR_GENERIC, android.telephony.ims.feature.ImsFeature.CAPABILITY_SUCCESS}" />
      <val name="flag" val="true" />
    </annotation>
  </item>
  <item name="android.telephony.ims.feature.MmTelFeature android.telephony.ims.MediaQualityStatus queryMediaQualityStatus(int) 0">
    <annotation name="androidx.annotation.IntDef">
      <val name="value" val="{android.telephony.ims.MediaQualityStatus.MEDIA_SESSION_TYPE_AUDIO, android.telephony.ims.MediaQualityStatus.MEDIA_SESSION_TYPE_VIDEO}" />
    </annotation>
  </item>
  <item name="android.telephony.ims.feature.MmTelFeature boolean queryCapabilityConfiguration(int, int) 0">
    <annotation name="androidx.annotation.IntDef">
      <val name="value" val="{android.telephony.ims.feature.MmTelFeature.MmTelCapabilities.CAPABILITY_TYPE_VOICE, android.telephony.ims.feature.MmTelFeature.MmTelCapabilities.CAPABILITY_TYPE_VIDEO, android.telephony.ims.feature.MmTelFeature.MmTelCapabilities.CAPABILITY_TYPE_UT, android.telephony.ims.feature.MmTelFeature.MmTelCapabilities.CAPABILITY_TYPE_SMS, android.telephony.ims.feature.MmTelFeature.MmTelCapabilities.CAPABILITY_TYPE_CALL_COMPOSER}" />
      <val name="flag" val="true" />
    </annotation>
  </item>
  <item name="android.telephony.ims.feature.MmTelFeature boolean queryCapabilityConfiguration(int, int) 1">
    <annotation name="androidx.annotation.IntDef">
      <val name="value" val="{android.telephony.ims.stub.ImsRegistrationImplBase.REGISTRATION_TECH_NONE, android.telephony.ims.stub.ImsRegistrationImplBase.REGISTRATION_TECH_LTE, android.telephony.ims.stub.ImsRegistrationImplBase.REGISTRATION_TECH_IWLAN, android.telephony.ims.stub.ImsRegistrationImplBase.REGISTRATION_TECH_CROSS_SIM, android.telephony.ims.stub.ImsRegistrationImplBase.REGISTRATION_TECH_NR, android.telephony.ims.stub.ImsRegistrationImplBase.REGISTRATION_TECH_3G}" />
    </annotation>
  </item>
  <item name="android.telephony.ims.feature.MmTelFeature int shouldProcessCall(java.lang.String[])">
    <annotation name="androidx.annotation.IntDef">
      <val name="value" val="{android.telephony.ims.feature.MmTelFeature.PROCESS_CALL_IMS, android.telephony.ims.feature.MmTelFeature.PROCESS_CALL_CSFB}" />
      <val name="flag" val="true" />
    </annotation>
  </item>
  <item name="android.telephony.ims.feature.MmTelFeature void clearMediaThreshold(int) 0">
    <annotation name="androidx.annotation.IntDef">
      <val name="value" val="{android.telephony.ims.MediaQualityStatus.MEDIA_SESSION_TYPE_AUDIO, android.telephony.ims.MediaQualityStatus.MEDIA_SESSION_TYPE_VIDEO}" />
    </annotation>
  </item>
  <item name="android.telephony.ims.feature.MmTelFeature void setCallAudioHandler(int) 0">
    <annotation name="androidx.annotation.IntDef">
      <val name="value" val="{android.telephony.ims.feature.MmTelFeature.AUDIO_HANDLER_ANDROID, android.telephony.ims.feature.MmTelFeature.AUDIO_HANDLER_BASEBAND}" />
      <val name="flag" val="true" />
    </annotation>
  </item>
  <item name="android.telephony.ims.feature.MmTelFeature void setMediaThreshold(int, android.telephony.ims.MediaThreshold) 0">
    <annotation name="androidx.annotation.IntDef">
      <val name="value" val="{android.telephony.ims.MediaQualityStatus.MEDIA_SESSION_TYPE_AUDIO, android.telephony.ims.MediaQualityStatus.MEDIA_SESSION_TYPE_VIDEO}" />
    </annotation>
  </item>
  <item name="android.telephony.ims.feature.MmTelFeature.MmTelCapabilities MmTelCapabilities(int) 0">
    <annotation name="androidx.annotation.IntDef">
      <val name="value" val="{android.telephony.ims.feature.MmTelFeature.MmTelCapabilities.CAPABILITY_TYPE_VOICE, android.telephony.ims.feature.MmTelFeature.MmTelCapabilities.CAPABILITY_TYPE_VIDEO, android.telephony.ims.feature.MmTelFeature.MmTelCapabilities.CAPABILITY_TYPE_UT, android.telephony.ims.feature.MmTelFeature.MmTelCapabilities.CAPABILITY_TYPE_SMS, android.telephony.ims.feature.MmTelFeature.MmTelCapabilities.CAPABILITY_TYPE_CALL_COMPOSER}" />
      <val name="flag" val="true" />
    </annotation>
  </item>
  <item name="android.telephony.ims.feature.MmTelFeature.MmTelCapabilities boolean isCapable(int) 0">
    <annotation name="androidx.annotation.IntDef">
      <val name="value" val="{android.telephony.ims.feature.MmTelFeature.MmTelCapabilities.CAPABILITY_TYPE_VOICE, android.telephony.ims.feature.MmTelFeature.MmTelCapabilities.CAPABILITY_TYPE_VIDEO, android.telephony.ims.feature.MmTelFeature.MmTelCapabilities.CAPABILITY_TYPE_UT, android.telephony.ims.feature.MmTelFeature.MmTelCapabilities.CAPABILITY_TYPE_SMS, android.telephony.ims.feature.MmTelFeature.MmTelCapabilities.CAPABILITY_TYPE_CALL_COMPOSER}" />
      <val name="flag" val="true" />
    </annotation>
  </item>
  <item name="android.telephony.ims.feature.MmTelFeature.MmTelCapabilities void addCapabilities(int) 0">
    <annotation name="androidx.annotation.IntDef">
      <val name="value" val="{android.telephony.ims.feature.MmTelFeature.MmTelCapabilities.CAPABILITY_TYPE_VOICE, android.telephony.ims.feature.MmTelFeature.MmTelCapabilities.CAPABILITY_TYPE_VIDEO, android.telephony.ims.feature.MmTelFeature.MmTelCapabilities.CAPABILITY_TYPE_UT, android.telephony.ims.feature.MmTelFeature.MmTelCapabilities.CAPABILITY_TYPE_SMS, android.telephony.ims.feature.MmTelFeature.MmTelCapabilities.CAPABILITY_TYPE_CALL_COMPOSER}" />
      <val name="flag" val="true" />
    </annotation>
  </item>
  <item name="android.telephony.ims.feature.MmTelFeature.MmTelCapabilities void removeCapabilities(int) 0">
    <annotation name="androidx.annotation.IntDef">
      <val name="value" val="{android.telephony.ims.feature.MmTelFeature.MmTelCapabilities.CAPABILITY_TYPE_VOICE, android.telephony.ims.feature.MmTelFeature.MmTelCapabilities.CAPABILITY_TYPE_VIDEO, android.telephony.ims.feature.MmTelFeature.MmTelCapabilities.CAPABILITY_TYPE_UT, android.telephony.ims.feature.MmTelFeature.MmTelCapabilities.CAPABILITY_TYPE_SMS, android.telephony.ims.feature.MmTelFeature.MmTelCapabilities.CAPABILITY_TYPE_CALL_COMPOSER}" />
      <val name="flag" val="true" />
    </annotation>
  </item>
  <item name="android.telephony.ims.feature.RcsFeature boolean queryCapabilityConfiguration(int, int) 0">
    <annotation name="androidx.annotation.IntDef">
      <val name="value" val="{android.telephony.ims.ImsRcsManager.CAPABILITY_TYPE_NONE, android.telephony.ims.ImsRcsManager.CAPABILITY_TYPE_OPTIONS_UCE, android.telephony.ims.ImsRcsManager.CAPABILITY_TYPE_PRESENCE_UCE}" />
      <val name="flag" val="true" />
    </annotation>
  </item>
  <item name="android.telephony.ims.feature.RcsFeature boolean queryCapabilityConfiguration(int, int) 1">
    <annotation name="androidx.annotation.IntDef">
      <val name="value" val="{android.telephony.ims.stub.ImsRegistrationImplBase.REGISTRATION_TECH_NONE, android.telephony.ims.stub.ImsRegistrationImplBase.REGISTRATION_TECH_LTE, android.telephony.ims.stub.ImsRegistrationImplBase.REGISTRATION_TECH_IWLAN, android.telephony.ims.stub.ImsRegistrationImplBase.REGISTRATION_TECH_CROSS_SIM, android.telephony.ims.stub.ImsRegistrationImplBase.REGISTRATION_TECH_NR, android.telephony.ims.stub.ImsRegistrationImplBase.REGISTRATION_TECH_3G}" />
    </annotation>
  </item>
  <item name="android.telephony.ims.feature.RcsFeature.RcsImsCapabilities RcsImsCapabilities(int) 0">
    <annotation name="androidx.annotation.IntDef">
      <val name="value" val="{android.telephony.ims.ImsRcsManager.CAPABILITY_TYPE_NONE, android.telephony.ims.ImsRcsManager.CAPABILITY_TYPE_OPTIONS_UCE, android.telephony.ims.ImsRcsManager.CAPABILITY_TYPE_PRESENCE_UCE}" />
      <val name="flag" val="true" />
    </annotation>
  </item>
  <item name="android.telephony.ims.feature.RcsFeature.RcsImsCapabilities boolean isCapable(int) 0">
    <annotation name="androidx.annotation.IntDef">
      <val name="value" val="{android.telephony.ims.ImsRcsManager.CAPABILITY_TYPE_NONE, android.telephony.ims.ImsRcsManager.CAPABILITY_TYPE_OPTIONS_UCE, android.telephony.ims.ImsRcsManager.CAPABILITY_TYPE_PRESENCE_UCE}" />
      <val name="flag" val="true" />
    </annotation>
  </item>
  <item name="android.telephony.ims.feature.RcsFeature.RcsImsCapabilities void addCapabilities(int) 0">
    <annotation name="androidx.annotation.IntDef">
      <val name="value" val="{android.telephony.ims.ImsRcsManager.CAPABILITY_TYPE_NONE, android.telephony.ims.ImsRcsManager.CAPABILITY_TYPE_OPTIONS_UCE, android.telephony.ims.ImsRcsManager.CAPABILITY_TYPE_PRESENCE_UCE}" />
      <val name="flag" val="true" />
    </annotation>
  </item>
  <item name="android.telephony.ims.feature.RcsFeature.RcsImsCapabilities void removeCapabilities(int) 0">
    <annotation name="androidx.annotation.IntDef">
      <val name="value" val="{android.telephony.ims.ImsRcsManager.CAPABILITY_TYPE_NONE, android.telephony.ims.ImsRcsManager.CAPABILITY_TYPE_OPTIONS_UCE, android.telephony.ims.ImsRcsManager.CAPABILITY_TYPE_PRESENCE_UCE}" />
      <val name="flag" val="true" />
    </annotation>
  </item>
</root>

