<?xml version="1.0" encoding="UTF-8"?>
<root>
  <item name="android.content.pm.ActivityInfo colorMode">
    <annotation name="androidx.annotation.IntDef">
      <val name="value" val="{android.content.pm.ActivityInfo.COLOR_MODE_DEFAULT, android.content.pm.ActivityInfo.COLOR_MODE_WIDE_COLOR_GAMUT, android.content.pm.ActivityInfo.COLOR_MODE_HDR}" />
    </annotation>
  </item>
  <item name="android.content.pm.ActivityInfo launchMode">
    <annotation name="androidx.annotation.IntDef">
      <val name="value" val="{android.content.pm.ActivityInfo.LAUNCH_MULTIPLE, android.content.pm.ActivityInfo.LAUNCH_SINGLE_TOP, android.content.pm.ActivityInfo.LAUNCH_SINGLE_TASK, android.content.pm.ActivityInfo.LAUNCH_SINGLE_INSTANCE, android.content.pm.ActivityInfo.LAUNCH_SINGLE_INSTANCE_PER_TASK}" />
    </annotation>
  </item>
  <item name="android.content.pm.ActivityInfo screenOrientation">
    <annotation name="androidx.annotation.IntDef">
      <val name="value" val="{android.content.pm.ActivityInfo.SCREEN_ORIENTATION_UNSPECIFIED, android.content.pm.ActivityInfo.SCREEN_ORIENTATION_LANDSCAPE, android.content.pm.ActivityInfo.SCREEN_ORIENTATION_PORTRAIT, android.content.pm.ActivityInfo.SCREEN_ORIENTATION_USER, android.content.pm.ActivityInfo.SCREEN_ORIENTATION_BEHIND, android.content.pm.ActivityInfo.SCREEN_ORIENTATION_SENSOR, android.content.pm.ActivityInfo.SCREEN_ORIENTATION_NOSENSOR, android.content.pm.ActivityInfo.SCREEN_ORIENTATION_SENSOR_LANDSCAPE, android.content.pm.ActivityInfo.SCREEN_ORIENTATION_SENSOR_PORTRAIT, android.content.pm.ActivityInfo.SCREEN_ORIENTATION_REVERSE_LANDSCAPE, android.content.pm.ActivityInfo.SCREEN_ORIENTATION_REVERSE_PORTRAIT, android.content.pm.ActivityInfo.SCREEN_ORIENTATION_FULL_SENSOR, android.content.pm.ActivityInfo.SCREEN_ORIENTATION_USER_LANDSCAPE, android.content.pm.ActivityInfo.SCREEN_ORIENTATION_USER_PORTRAIT, android.content.pm.ActivityInfo.SCREEN_ORIENTATION_FULL_USER, android.content.pm.ActivityInfo.SCREEN_ORIENTATION_LOCKED}" />
    </annotation>
  </item>
  <item name="android.content.pm.ActivityInfo softInputMode">
    <annotation name="androidx.annotation.IntDef">
      <val name="value" val="{android.view.WindowManager.LayoutParams.SOFT_INPUT_STATE_UNSPECIFIED, android.view.WindowManager.LayoutParams.SOFT_INPUT_STATE_UNCHANGED, android.view.WindowManager.LayoutParams.SOFT_INPUT_STATE_HIDDEN, android.view.WindowManager.LayoutParams.SOFT_INPUT_STATE_ALWAYS_HIDDEN, android.view.WindowManager.LayoutParams.SOFT_INPUT_STATE_VISIBLE, android.view.WindowManager.LayoutParams.SOFT_INPUT_STATE_ALWAYS_VISIBLE, android.view.WindowManager.LayoutParams.SOFT_INPUT_ADJUST_UNSPECIFIED, android.view.WindowManager.LayoutParams.SOFT_INPUT_ADJUST_RESIZE, android.view.WindowManager.LayoutParams.SOFT_INPUT_ADJUST_PAN, android.view.WindowManager.LayoutParams.SOFT_INPUT_ADJUST_NOTHING, android.view.WindowManager.LayoutParams.SOFT_INPUT_IS_FORWARD_NAVIGATION}" />
      <val name="flag" val="true" />
    </annotation>
  </item>
  <item name="android.content.pm.ApkChecksum int getType()">
    <annotation name="androidx.annotation.IntDef">
      <val name="value" val="{android.content.pm.Checksum.TYPE_WHOLE_MERKLE_ROOT_4K_SHA256, android.content.pm.Checksum.TYPE_WHOLE_MD5, android.content.pm.Checksum.TYPE_WHOLE_SHA1, android.content.pm.Checksum.TYPE_WHOLE_SHA256, android.content.pm.Checksum.TYPE_WHOLE_SHA512, android.content.pm.Checksum.TYPE_PARTIAL_MERKLE_ROOT_1M_SHA256, android.content.pm.Checksum.TYPE_PARTIAL_MERKLE_ROOT_1M_SHA512}" />
    </annotation>
  </item>
  <item name="android.content.pm.ApplicationInfo category">
    <annotation name="androidx.annotation.IntDef">
      <val name="value" val="{android.content.pm.ApplicationInfo.CATEGORY_UNDEFINED, android.content.pm.ApplicationInfo.CATEGORY_GAME, android.content.pm.ApplicationInfo.CATEGORY_AUDIO, android.content.pm.ApplicationInfo.CATEGORY_VIDEO, android.content.pm.ApplicationInfo.CATEGORY_IMAGE, android.content.pm.ApplicationInfo.CATEGORY_SOCIAL, android.content.pm.ApplicationInfo.CATEGORY_NEWS, android.content.pm.ApplicationInfo.CATEGORY_MAPS, android.content.pm.ApplicationInfo.CATEGORY_PRODUCTIVITY, android.content.pm.ApplicationInfo.CATEGORY_ACCESSIBILITY}" />
    </annotation>
  </item>
  <item name="android.content.pm.ApplicationInfo int getGwpAsanMode()">
    <annotation name="androidx.annotation.IntDef">
      <val name="value" val="{android.content.pm.ApplicationInfo.GWP_ASAN_DEFAULT, android.content.pm.ApplicationInfo.GWP_ASAN_NEVER, android.content.pm.ApplicationInfo.GWP_ASAN_ALWAYS}" />
    </annotation>
  </item>
  <item name="android.content.pm.ApplicationInfo int getMemtagMode()">
    <annotation name="androidx.annotation.IntDef">
      <val name="value" val="{android.content.pm.ApplicationInfo.MEMTAG_DEFAULT, android.content.pm.ApplicationInfo.MEMTAG_OFF, android.content.pm.ApplicationInfo.MEMTAG_ASYNC, android.content.pm.ApplicationInfo.MEMTAG_SYNC}" />
    </annotation>
  </item>
  <item name="android.content.pm.ApplicationInfo int getNativeHeapZeroInitialized()">
    <annotation name="androidx.annotation.IntDef">
      <val name="value" val="{android.content.pm.ApplicationInfo.ZEROINIT_DEFAULT, android.content.pm.ApplicationInfo.ZEROINIT_DISABLED, android.content.pm.ApplicationInfo.ZEROINIT_ENABLED}" />
    </annotation>
  </item>
  <item name="android.content.pm.ApplicationInfo int getRequestRawExternalStorageAccess()">
    <annotation name="androidx.annotation.IntDef">
      <val name="value" val="{android.content.pm.ApplicationInfo.RAW_EXTERNAL_STORAGE_ACCESS_DEFAULT, android.content.pm.ApplicationInfo.RAW_EXTERNAL_STORAGE_ACCESS_REQUESTED, android.content.pm.ApplicationInfo.RAW_EXTERNAL_STORAGE_ACCESS_NOT_REQUESTED}" />
    </annotation>
  </item>
  <item name="android.content.pm.ApplicationInfo java.lang.CharSequence getCategoryTitle(android.content.Context, int) 1">
    <annotation name="androidx.annotation.IntDef">
      <val name="value" val="{android.content.pm.ApplicationInfo.CATEGORY_UNDEFINED, android.content.pm.ApplicationInfo.CATEGORY_GAME, android.content.pm.ApplicationInfo.CATEGORY_AUDIO, android.content.pm.ApplicationInfo.CATEGORY_VIDEO, android.content.pm.ApplicationInfo.CATEGORY_IMAGE, android.content.pm.ApplicationInfo.CATEGORY_SOCIAL, android.content.pm.ApplicationInfo.CATEGORY_NEWS, android.content.pm.ApplicationInfo.CATEGORY_MAPS, android.content.pm.ApplicationInfo.CATEGORY_PRODUCTIVITY, android.content.pm.ApplicationInfo.CATEGORY_ACCESSIBILITY}" />
    </annotation>
  </item>
  <item name="android.content.pm.Attribution int getLabel()">
    <annotation name="androidx.annotation.IdRes"/>
  </item>
  <item name="android.content.pm.Checksum Checksum(int, byte[]) 0">
    <annotation name="androidx.annotation.IntDef">
      <val name="value" val="{android.content.pm.Checksum.TYPE_WHOLE_MERKLE_ROOT_4K_SHA256, android.content.pm.Checksum.TYPE_WHOLE_MD5, android.content.pm.Checksum.TYPE_WHOLE_SHA1, android.content.pm.Checksum.TYPE_WHOLE_SHA256, android.content.pm.Checksum.TYPE_WHOLE_SHA512, android.content.pm.Checksum.TYPE_PARTIAL_MERKLE_ROOT_1M_SHA256, android.content.pm.Checksum.TYPE_PARTIAL_MERKLE_ROOT_1M_SHA512}" />
    </annotation>
  </item>
  <item name="android.content.pm.Checksum int getType()">
    <annotation name="androidx.annotation.IntDef">
      <val name="value" val="{android.content.pm.Checksum.TYPE_WHOLE_MERKLE_ROOT_4K_SHA256, android.content.pm.Checksum.TYPE_WHOLE_MD5, android.content.pm.Checksum.TYPE_WHOLE_SHA1, android.content.pm.Checksum.TYPE_WHOLE_SHA256, android.content.pm.Checksum.TYPE_WHOLE_SHA512, android.content.pm.Checksum.TYPE_PARTIAL_MERKLE_ROOT_1M_SHA256, android.content.pm.Checksum.TYPE_PARTIAL_MERKLE_ROOT_1M_SHA512}" />
    </annotation>
  </item>
  <item name="android.content.pm.CrossProfileApps void startActivity(android.content.Intent, android.os.UserHandle, android.app.Activity)">
    <annotation name="androidx.annotation.RequiresPermission">
      <val name="anyOf" val="{&quot;android.permission.INTERACT_ACROSS_PROFILES&quot;, &quot;android.permission.INTERACT_ACROSS_USERS&quot;}" />
    </annotation>
  </item>
  <item name="android.content.pm.CrossProfileApps void startActivity(android.content.Intent, android.os.UserHandle, android.app.Activity, android.os.Bundle)">
    <annotation name="androidx.annotation.RequiresPermission">
      <val name="anyOf" val="{&quot;android.permission.INTERACT_ACROSS_PROFILES&quot;, &quot;android.permission.INTERACT_ACROSS_USERS&quot;}" />
    </annotation>
  </item>
  <item name="android.content.pm.InstallSourceInfo int getPackageSource()">
    <annotation name="androidx.annotation.IntDef">
      <val name="value" val="{android.content.pm.PackageInstaller.PACKAGE_SOURCE_UNSPECIFIED, android.content.pm.PackageInstaller.PACKAGE_SOURCE_STORE, android.content.pm.PackageInstaller.PACKAGE_SOURCE_LOCAL_FILE, android.content.pm.PackageInstaller.PACKAGE_SOURCE_DOWNLOADED_FILE, android.content.pm.PackageInstaller.PACKAGE_SOURCE_OTHER}" />
    </annotation>
  </item>
  <item name="android.content.pm.LauncherActivityInfo float getLoadingProgress()">
    <annotation name="androidx.annotation.FloatRange">
      <val name="from" val="0.0" />
      <val name="to" val="1.0" />
    </annotation>
  </item>
  <item name="android.content.pm.LauncherApps android.content.pm.ApplicationInfo getApplicationInfo(java.lang.String, int, android.os.UserHandle) 1">
    <annotation name="androidx.annotation.LongDef">
      <val name="value" val="{android.content.pm.PackageManager.GET_META_DATA, android.content.pm.PackageManager.GET_SHARED_LIBRARY_FILES, android.content.pm.PackageManager.MATCH_UNINSTALLED_PACKAGES, android.content.pm.PackageManager.MATCH_SYSTEM_ONLY, android.content.pm.PackageManager.MATCH_DISABLED_COMPONENTS, android.content.pm.PackageManager.MATCH_DISABLED_UNTIL_USED_COMPONENTS, android.content.pm.PackageManager.GET_DISABLED_UNTIL_USED_COMPONENTS, android.content.pm.PackageManager.GET_UNINSTALLED_PACKAGES, android.content.pm.PackageManager.MATCH_APEX}" />
      <val name="flag" val="true" />
    </annotation>
  </item>
  <item name="android.content.pm.LauncherApps.PinItemRequest int getRequestType()">
    <annotation name="androidx.annotation.IntDef">
      <val name="value" val="{android.content.pm.LauncherApps.PinItemRequest.REQUEST_TYPE_SHORTCUT, android.content.pm.LauncherApps.PinItemRequest.REQUEST_TYPE_APPWIDGET}" />
    </annotation>
  </item>
  <item name="android.content.pm.LauncherApps.ShortcutQuery android.content.pm.LauncherApps.ShortcutQuery setQueryFlags(int) 0">
    <annotation name="androidx.annotation.IntDef">
      <val name="value" val="{android.content.pm.LauncherApps.ShortcutQuery.FLAG_MATCH_DYNAMIC, android.content.pm.LauncherApps.ShortcutQuery.FLAG_MATCH_PINNED, android.content.pm.LauncherApps.ShortcutQuery.FLAG_MATCH_MANIFEST, android.content.pm.LauncherApps.ShortcutQuery.FLAG_MATCH_CACHED, android.content.pm.LauncherApps.ShortcutQuery.FLAG_MATCH_PINNED_BY_ANY_LAUNCHER, android.content.pm.LauncherApps.ShortcutQuery.FLAG_GET_KEY_FIELDS_ONLY}" />
      <val name="flag" val="true" />
    </annotation>
  </item>
  <item name="android.content.pm.PackageInstaller void installExistingPackage(java.lang.String, int, android.content.IntentSender)">
    <annotation name="androidx.annotation.RequiresPermission">
      <val name="allOf" val="{&quot;android.permission.INSTALL_PACKAGES&quot;, &quot;com.android.permission.INSTALL_EXISTING_PACKAGES&quot;}" />
    </annotation>
  </item>
  <item name="android.content.pm.PackageInstaller void installExistingPackage(java.lang.String, int, android.content.IntentSender) 1">
    <annotation name="androidx.annotation.IntDef">
      <val name="value" val="{android.content.pm.PackageManager.INSTALL_REASON_UNKNOWN, android.content.pm.PackageManager.INSTALL_REASON_POLICY, android.content.pm.PackageManager.INSTALL_REASON_DEVICE_RESTORE, android.content.pm.PackageManager.INSTALL_REASON_DEVICE_SETUP, android.content.pm.PackageManager.INSTALL_REASON_USER}" />
    </annotation>
  </item>
  <item name="android.content.pm.PackageInstaller void uninstall(android.content.pm.VersionedPackage, android.content.IntentSender)">
    <annotation name="androidx.annotation.RequiresPermission">
      <val name="anyOf" val="{&quot;android.permission.DELETE_PACKAGES&quot;, &quot;android.permission.REQUEST_DELETE_PACKAGES&quot;}" />
    </annotation>
  </item>
  <item name="android.content.pm.PackageInstaller void uninstall(android.content.pm.VersionedPackage, int, android.content.IntentSender)">
    <annotation name="androidx.annotation.RequiresPermission">
      <val name="anyOf" val="{&quot;android.permission.DELETE_PACKAGES&quot;, &quot;android.permission.REQUEST_DELETE_PACKAGES&quot;}" />
    </annotation>
  </item>
  <item name="android.content.pm.PackageInstaller void uninstall(android.content.pm.VersionedPackage, int, android.content.IntentSender) 1">
    <annotation name="androidx.annotation.IntDef">
      <val name="flag" val="true" />
    </annotation>
  </item>
  <item name="android.content.pm.PackageInstaller void uninstall(java.lang.String, android.content.IntentSender)">
    <annotation name="androidx.annotation.RequiresPermission">
      <val name="anyOf" val="{&quot;android.permission.DELETE_PACKAGES&quot;, &quot;android.permission.REQUEST_DELETE_PACKAGES&quot;}" />
    </annotation>
  </item>
  <item name="android.content.pm.PackageInstaller void uninstallExistingPackage(java.lang.String, android.content.IntentSender)">
    <annotation name="androidx.annotation.RequiresPermission">
      <val name="value" val="&quot;android.permission.DELETE_PACKAGES&quot;" />
    </annotation>
  </item>
  <item name="android.content.pm.PackageInstaller.Session void requestChecksums(java.lang.String, int, java.util.List&lt;java.security.cert.Certificate&gt;, java.util.concurrent.Executor, android.content.pm.PackageManager.OnChecksumsReadyListener) 1">
    <annotation name="androidx.annotation.IntDef">
      <val name="value" val="{android.content.pm.Checksum.TYPE_WHOLE_MERKLE_ROOT_4K_SHA256, android.content.pm.Checksum.TYPE_WHOLE_MD5, android.content.pm.Checksum.TYPE_WHOLE_SHA1, android.content.pm.Checksum.TYPE_WHOLE_SHA256, android.content.pm.Checksum.TYPE_WHOLE_SHA512, android.content.pm.Checksum.TYPE_PARTIAL_MERKLE_ROOT_1M_SHA256, android.content.pm.Checksum.TYPE_PARTIAL_MERKLE_ROOT_1M_SHA512}" />
      <val name="flag" val="true" />
    </annotation>
  </item>
  <item name="android.content.pm.PackageInstaller.SessionInfo int getInstallReason()">
    <annotation name="androidx.annotation.IntDef">
      <val name="value" val="{android.content.pm.PackageManager.INSTALL_REASON_UNKNOWN, android.content.pm.PackageManager.INSTALL_REASON_POLICY, android.content.pm.PackageManager.INSTALL_REASON_DEVICE_RESTORE, android.content.pm.PackageManager.INSTALL_REASON_DEVICE_SETUP, android.content.pm.PackageManager.INSTALL_REASON_USER}" />
    </annotation>
  </item>
  <item name="android.content.pm.PackageInstaller.SessionInfo int getPackageSource()">
    <annotation name="androidx.annotation.IntDef">
      <val name="value" val="{android.content.pm.PackageInstaller.PACKAGE_SOURCE_UNSPECIFIED, android.content.pm.PackageInstaller.PACKAGE_SOURCE_STORE, android.content.pm.PackageInstaller.PACKAGE_SOURCE_LOCAL_FILE, android.content.pm.PackageInstaller.PACKAGE_SOURCE_DOWNLOADED_FILE, android.content.pm.PackageInstaller.PACKAGE_SOURCE_OTHER}" />
    </annotation>
  </item>
  <item name="android.content.pm.PackageInstaller.SessionInfo int getRequireUserAction()">
    <annotation name="androidx.annotation.IntDef">
      <val name="value" val="{android.content.pm.PackageInstaller.SessionParams.USER_ACTION_UNSPECIFIED, android.content.pm.PackageInstaller.SessionParams.USER_ACTION_REQUIRED, android.content.pm.PackageInstaller.SessionParams.USER_ACTION_NOT_REQUIRED}" />
    </annotation>
  </item>
  <item name="android.content.pm.PackageInstaller.SessionParams void setInstallReason(int) 0">
    <annotation name="androidx.annotation.IntDef">
      <val name="value" val="{android.content.pm.PackageManager.INSTALL_REASON_UNKNOWN, android.content.pm.PackageManager.INSTALL_REASON_POLICY, android.content.pm.PackageManager.INSTALL_REASON_DEVICE_RESTORE, android.content.pm.PackageManager.INSTALL_REASON_DEVICE_SETUP, android.content.pm.PackageManager.INSTALL_REASON_USER}" />
    </annotation>
  </item>
  <item name="android.content.pm.PackageInstaller.SessionParams void setInstallScenario(int) 0">
    <annotation name="androidx.annotation.IntDef">
      <val name="value" val="{android.content.pm.PackageManager.INSTALL_SCENARIO_DEFAULT, android.content.pm.PackageManager.INSTALL_SCENARIO_FAST, android.content.pm.PackageManager.INSTALL_SCENARIO_BULK, android.content.pm.PackageManager.INSTALL_SCENARIO_BULK_SECONDARY}" />
    </annotation>
  </item>
  <item name="android.content.pm.PackageInstaller.SessionParams void setPackageSource(int) 0">
    <annotation name="androidx.annotation.IntDef">
      <val name="value" val="{android.content.pm.PackageInstaller.PACKAGE_SOURCE_UNSPECIFIED, android.content.pm.PackageInstaller.PACKAGE_SOURCE_STORE, android.content.pm.PackageInstaller.PACKAGE_SOURCE_LOCAL_FILE, android.content.pm.PackageInstaller.PACKAGE_SOURCE_DOWNLOADED_FILE, android.content.pm.PackageInstaller.PACKAGE_SOURCE_OTHER}" />
    </annotation>
  </item>
  <item name="android.content.pm.PackageInstaller.SessionParams void setRequestUpdateOwnership(boolean)">
    <annotation name="androidx.annotation.RequiresPermission">
      <val name="value" val="&quot;android.permission.ENFORCE_UPDATE_OWNERSHIP&quot;" />
    </annotation>
  </item>
  <item name="android.content.pm.PackageInstaller.SessionParams void setRequireUserAction(int) 0">
    <annotation name="androidx.annotation.IntDef">
      <val name="value" val="{android.content.pm.PackageInstaller.SessionParams.USER_ACTION_UNSPECIFIED, android.content.pm.PackageInstaller.SessionParams.USER_ACTION_REQUIRED, android.content.pm.PackageInstaller.SessionParams.USER_ACTION_NOT_REQUIRED}" />
    </annotation>
  </item>
  <item name="android.content.pm.PackageManager android.content.pm.ChangedPackages getChangedPackages(int) 0">
    <annotation name="androidx.annotation.IntRange">
      <val name="from" val="0" />
    </annotation>
  </item>
  <item name="android.content.pm.PackageManager android.content.pm.InstrumentationInfo getInstrumentationInfo(android.content.ComponentName, int) 1">
    <annotation name="androidx.annotation.IntDef">
      <val name="value" val="{android.content.pm.PackageManager.GET_META_DATA}" />
      <val name="flag" val="true" />
    </annotation>
  </item>
  <item name="android.content.pm.PackageManager android.content.pm.ModuleInfo getModuleInfo(java.lang.String, int) 1">
    <annotation name="androidx.annotation.IntDef">
      <val name="flag" val="true" />
    </annotation>
  </item>
  <item name="android.content.pm.PackageManager android.content.pm.PermissionGroupInfo getPermissionGroupInfo(java.lang.String, int) 1">
    <annotation name="androidx.annotation.IntDef">
      <val name="value" val="{android.content.pm.PackageManager.GET_META_DATA}" />
      <val name="flag" val="true" />
    </annotation>
  </item>
  <item name="android.content.pm.PackageManager android.content.pm.PermissionInfo getPermissionInfo(java.lang.String, int) 1">
    <annotation name="androidx.annotation.IntDef">
      <val name="value" val="{android.content.pm.PackageManager.GET_META_DATA}" />
      <val name="flag" val="true" />
    </annotation>
  </item>
  <item name="android.content.pm.PackageManager android.content.res.XmlResourceParser getXml(java.lang.String, int, android.content.pm.ApplicationInfo) 1">
    <annotation name="androidx.annotation.XmlRes"/>
  </item>
  <item name="android.content.pm.PackageManager android.graphics.drawable.Drawable getDrawable(java.lang.String, int, android.content.pm.ApplicationInfo) 1">
    <annotation name="androidx.annotation.DrawableRes"/>
  </item>
  <item name="android.content.pm.PackageManager boolean addWhitelistedRestrictedPermission(java.lang.String, java.lang.String, int)">
    <annotation name="androidx.annotation.RequiresPermission">
      <val name="value" val="&quot;android.permission.WHITELIST_RESTRICTED_PERMISSIONS&quot;" />
      <val name="conditional" val="true" />
    </annotation>
  </item>
  <item name="android.content.pm.PackageManager boolean addWhitelistedRestrictedPermission(java.lang.String, java.lang.String, int) 2">
    <annotation name="androidx.annotation.IntDef">
      <val name="value" val="{android.content.pm.PackageManager.FLAG_PERMISSION_WHITELIST_SYSTEM, android.content.pm.PackageManager.FLAG_PERMISSION_WHITELIST_INSTALLER, android.content.pm.PackageManager.FLAG_PERMISSION_WHITELIST_UPGRADE}" />
      <val name="flag" val="true" />
    </annotation>
  </item>
  <item name="android.content.pm.PackageManager boolean hasSigningCertificate(int, byte[], int) 2">
    <annotation name="androidx.annotation.IntDef">
      <val name="value" val="{android.content.pm.PackageManager.CERT_INPUT_RAW_X509, android.content.pm.PackageManager.CERT_INPUT_SHA256}" />
    </annotation>
  </item>
  <item name="android.content.pm.PackageManager boolean hasSigningCertificate(java.lang.String, byte[], int) 2">
    <annotation name="androidx.annotation.IntDef">
      <val name="value" val="{android.content.pm.PackageManager.CERT_INPUT_RAW_X509, android.content.pm.PackageManager.CERT_INPUT_SHA256}" />
    </annotation>
  </item>
  <item name="android.content.pm.PackageManager boolean isAutoRevokeWhitelisted(java.lang.String)">
    <annotation name="androidx.annotation.RequiresPermission">
      <val name="value" val="&quot;android.permission.WHITELIST_AUTO_REVOKE_PERMISSIONS&quot;" />
      <val name="conditional" val="true" />
    </annotation>
  </item>
  <item name="android.content.pm.PackageManager boolean isPermissionRevokedByPolicy(java.lang.String, java.lang.String)">
    <annotation name="androidx.annotation.CheckResult"/>
  </item>
  <item name="android.content.pm.PackageManager boolean removeWhitelistedRestrictedPermission(java.lang.String, java.lang.String, int)">
    <annotation name="androidx.annotation.RequiresPermission">
      <val name="value" val="&quot;android.permission.WHITELIST_RESTRICTED_PERMISSIONS&quot;" />
      <val name="conditional" val="true" />
    </annotation>
  </item>
  <item name="android.content.pm.PackageManager boolean removeWhitelistedRestrictedPermission(java.lang.String, java.lang.String, int) 2">
    <annotation name="androidx.annotation.IntDef">
      <val name="value" val="{android.content.pm.PackageManager.FLAG_PERMISSION_WHITELIST_SYSTEM, android.content.pm.PackageManager.FLAG_PERMISSION_WHITELIST_INSTALLER, android.content.pm.PackageManager.FLAG_PERMISSION_WHITELIST_UPGRADE}" />
      <val name="flag" val="true" />
    </annotation>
  </item>
  <item name="android.content.pm.PackageManager boolean setAutoRevokeWhitelisted(java.lang.String, boolean)">
    <annotation name="androidx.annotation.RequiresPermission">
      <val name="value" val="&quot;android.permission.WHITELIST_AUTO_REVOKE_PERMISSIONS&quot;" />
      <val name="conditional" val="true" />
    </annotation>
  </item>
  <item name="android.content.pm.PackageManager int checkPermission(java.lang.String, java.lang.String)">
    <annotation name="androidx.annotation.CheckResult"/>
    <annotation name="androidx.annotation.IntDef">
      <val name="value" val="{android.content.pm.PackageManager.PERMISSION_GRANTED, android.content.pm.PackageManager.PERMISSION_DENIED}" />
    </annotation>
  </item>
  <item name="android.content.pm.PackageManager int checkSignatures(int, int)">
    <annotation name="androidx.annotation.CheckResult"/>
    <annotation name="androidx.annotation.IntDef">
      <val name="value" val="{android.content.pm.PackageManager.SIGNATURE_MATCH, android.content.pm.PackageManager.SIGNATURE_NEITHER_SIGNED, android.content.pm.PackageManager.SIGNATURE_FIRST_NOT_SIGNED, android.content.pm.PackageManager.SIGNATURE_SECOND_NOT_SIGNED, android.content.pm.PackageManager.SIGNATURE_NO_MATCH, android.content.pm.PackageManager.SIGNATURE_UNKNOWN_PACKAGE}" />
    </annotation>
  </item>
  <item name="android.content.pm.PackageManager int checkSignatures(java.lang.String, java.lang.String)">
    <annotation name="androidx.annotation.CheckResult"/>
    <annotation name="androidx.annotation.IntDef">
      <val name="value" val="{android.content.pm.PackageManager.SIGNATURE_MATCH, android.content.pm.PackageManager.SIGNATURE_NEITHER_SIGNED, android.content.pm.PackageManager.SIGNATURE_FIRST_NOT_SIGNED, android.content.pm.PackageManager.SIGNATURE_SECOND_NOT_SIGNED, android.content.pm.PackageManager.SIGNATURE_NO_MATCH, android.content.pm.PackageManager.SIGNATURE_UNKNOWN_PACKAGE}" />
    </annotation>
  </item>
  <item name="android.content.pm.PackageManager int getApplicationEnabledSetting(java.lang.String)">
    <annotation name="androidx.annotation.IntDef">
      <val name="value" val="{android.content.pm.PackageManager.COMPONENT_ENABLED_STATE_DEFAULT, android.content.pm.PackageManager.COMPONENT_ENABLED_STATE_ENABLED, android.content.pm.PackageManager.COMPONENT_ENABLED_STATE_DISABLED, android.content.pm.PackageManager.COMPONENT_ENABLED_STATE_DISABLED_USER, android.content.pm.PackageManager.COMPONENT_ENABLED_STATE_DISABLED_UNTIL_USED}" />
    </annotation>
  </item>
  <item name="android.content.pm.PackageManager int getComponentEnabledSetting(android.content.ComponentName)">
    <annotation name="androidx.annotation.IntDef">
      <val name="value" val="{android.content.pm.PackageManager.COMPONENT_ENABLED_STATE_DEFAULT, android.content.pm.PackageManager.COMPONENT_ENABLED_STATE_ENABLED, android.content.pm.PackageManager.COMPONENT_ENABLED_STATE_DISABLED, android.content.pm.PackageManager.COMPONENT_ENABLED_STATE_DISABLED_USER, android.content.pm.PackageManager.COMPONENT_ENABLED_STATE_DISABLED_UNTIL_USED}" />
    </annotation>
  </item>
  <item name="android.content.pm.PackageManager int getTargetSdkVersion(java.lang.String)">
    <annotation name="androidx.annotation.IntRange">
      <val name="from" val="0" />
    </annotation>
  </item>
  <item name="android.content.pm.PackageManager java.lang.CharSequence getText(java.lang.String, int, android.content.pm.ApplicationInfo) 1">
    <annotation name="androidx.annotation.StringRes"/>
  </item>
  <item name="android.content.pm.PackageManager java.util.List&lt;android.content.pm.InstrumentationInfo&gt; queryInstrumentation(java.lang.String, int) 1">
    <annotation name="androidx.annotation.IntDef">
      <val name="value" val="{android.content.pm.PackageManager.GET_META_DATA}" />
      <val name="flag" val="true" />
    </annotation>
  </item>
  <item name="android.content.pm.PackageManager java.util.List&lt;android.content.pm.ModuleInfo&gt; getInstalledModules(int) 0">
    <annotation name="androidx.annotation.IntDef">
      <val name="value" val="{android.content.pm.PackageManager.MATCH_ALL}" />
      <val name="flag" val="true" />
    </annotation>
  </item>
  <item name="android.content.pm.PackageManager java.util.List&lt;android.content.pm.PermissionGroupInfo&gt; getAllPermissionGroups(int) 0">
    <annotation name="androidx.annotation.IntDef">
      <val name="value" val="{android.content.pm.PackageManager.GET_META_DATA}" />
      <val name="flag" val="true" />
    </annotation>
  </item>
  <item name="android.content.pm.PackageManager java.util.List&lt;android.content.pm.PermissionInfo&gt; queryPermissionsByGroup(java.lang.String, int) 1">
    <annotation name="androidx.annotation.IntDef">
      <val name="value" val="{android.content.pm.PackageManager.GET_META_DATA}" />
      <val name="flag" val="true" />
    </annotation>
  </item>
  <item name="android.content.pm.PackageManager java.util.Set&lt;java.lang.String&gt; getWhitelistedRestrictedPermissions(java.lang.String, int)">
    <annotation name="androidx.annotation.RequiresPermission">
      <val name="value" val="&quot;android.permission.WHITELIST_RESTRICTED_PERMISSIONS&quot;" />
      <val name="conditional" val="true" />
    </annotation>
  </item>
  <item name="android.content.pm.PackageManager java.util.Set&lt;java.lang.String&gt; getWhitelistedRestrictedPermissions(java.lang.String, int) 1">
    <annotation name="androidx.annotation.IntDef">
      <val name="value" val="{android.content.pm.PackageManager.FLAG_PERMISSION_WHITELIST_SYSTEM, android.content.pm.PackageManager.FLAG_PERMISSION_WHITELIST_INSTALLER, android.content.pm.PackageManager.FLAG_PERMISSION_WHITELIST_UPGRADE}" />
      <val name="flag" val="true" />
    </annotation>
  </item>
  <item name="android.content.pm.PackageManager void requestChecksums(java.lang.String, boolean, int, java.util.List&lt;java.security.cert.Certificate&gt;, android.content.pm.PackageManager.OnChecksumsReadyListener) 2">
    <annotation name="androidx.annotation.IntDef">
      <val name="value" val="{android.content.pm.Checksum.TYPE_WHOLE_MERKLE_ROOT_4K_SHA256, android.content.pm.Checksum.TYPE_WHOLE_MD5, android.content.pm.Checksum.TYPE_WHOLE_SHA1, android.content.pm.Checksum.TYPE_WHOLE_SHA256, android.content.pm.Checksum.TYPE_WHOLE_SHA512, android.content.pm.Checksum.TYPE_PARTIAL_MERKLE_ROOT_1M_SHA256, android.content.pm.Checksum.TYPE_PARTIAL_MERKLE_ROOT_1M_SHA512}" />
      <val name="flag" val="true" />
    </annotation>
  </item>
  <item name="android.content.pm.PackageManager void setApplicationCategoryHint(java.lang.String, int) 1">
    <annotation name="androidx.annotation.IntDef">
      <val name="value" val="{android.content.pm.ApplicationInfo.CATEGORY_UNDEFINED, android.content.pm.ApplicationInfo.CATEGORY_GAME, android.content.pm.ApplicationInfo.CATEGORY_AUDIO, android.content.pm.ApplicationInfo.CATEGORY_VIDEO, android.content.pm.ApplicationInfo.CATEGORY_IMAGE, android.content.pm.ApplicationInfo.CATEGORY_SOCIAL, android.content.pm.ApplicationInfo.CATEGORY_NEWS, android.content.pm.ApplicationInfo.CATEGORY_MAPS, android.content.pm.ApplicationInfo.CATEGORY_PRODUCTIVITY, android.content.pm.ApplicationInfo.CATEGORY_ACCESSIBILITY}" />
    </annotation>
  </item>
  <item name="android.content.pm.PackageManager void setApplicationEnabledSetting(java.lang.String, int, int)">
    <annotation name="androidx.annotation.RequiresPermission">
      <val name="value" val="&quot;android.permission.CHANGE_COMPONENT_ENABLED_STATE&quot;" />
      <val name="conditional" val="true" />
    </annotation>
  </item>
  <item name="android.content.pm.PackageManager void setApplicationEnabledSetting(java.lang.String, int, int) 1">
    <annotation name="androidx.annotation.IntDef">
      <val name="value" val="{android.content.pm.PackageManager.COMPONENT_ENABLED_STATE_DEFAULT, android.content.pm.PackageManager.COMPONENT_ENABLED_STATE_ENABLED, android.content.pm.PackageManager.COMPONENT_ENABLED_STATE_DISABLED, android.content.pm.PackageManager.COMPONENT_ENABLED_STATE_DISABLED_USER, android.content.pm.PackageManager.COMPONENT_ENABLED_STATE_DISABLED_UNTIL_USED}" />
    </annotation>
  </item>
  <item name="android.content.pm.PackageManager void setApplicationEnabledSetting(java.lang.String, int, int) 2">
    <annotation name="androidx.annotation.IntDef">
      <val name="value" val="{android.content.pm.PackageManager.DONT_KILL_APP, android.content.pm.PackageManager.SYNCHRONOUS}" />
      <val name="flag" val="true" />
    </annotation>
  </item>
  <item name="android.content.pm.PackageManager void setComponentEnabledSetting(android.content.ComponentName, int, int)">
    <annotation name="androidx.annotation.RequiresPermission">
      <val name="value" val="&quot;android.permission.CHANGE_COMPONENT_ENABLED_STATE&quot;" />
      <val name="conditional" val="true" />
    </annotation>
  </item>
  <item name="android.content.pm.PackageManager void setComponentEnabledSetting(android.content.ComponentName, int, int) 1">
    <annotation name="androidx.annotation.IntDef">
      <val name="value" val="{android.content.pm.PackageManager.COMPONENT_ENABLED_STATE_DEFAULT, android.content.pm.PackageManager.COMPONENT_ENABLED_STATE_ENABLED, android.content.pm.PackageManager.COMPONENT_ENABLED_STATE_DISABLED, android.content.pm.PackageManager.COMPONENT_ENABLED_STATE_DISABLED_USER, android.content.pm.PackageManager.COMPONENT_ENABLED_STATE_DISABLED_UNTIL_USED}" />
    </annotation>
  </item>
  <item name="android.content.pm.PackageManager void setComponentEnabledSetting(android.content.ComponentName, int, int) 2">
    <annotation name="androidx.annotation.IntDef">
      <val name="value" val="{android.content.pm.PackageManager.DONT_KILL_APP, android.content.pm.PackageManager.SYNCHRONOUS}" />
      <val name="flag" val="true" />
    </annotation>
  </item>
  <item name="android.content.pm.PackageManager void setComponentEnabledSettings(java.util.List&lt;android.content.pm.PackageManager.ComponentEnabledSetting&gt;)">
    <annotation name="androidx.annotation.RequiresPermission">
      <val name="value" val="&quot;android.permission.CHANGE_COMPONENT_ENABLED_STATE&quot;" />
      <val name="conditional" val="true" />
    </annotation>
  </item>
  <item name="android.content.pm.PackageManager.ApplicationInfoFlags android.content.pm.PackageManager.ApplicationInfoFlags of(long) 0">
    <annotation name="androidx.annotation.LongDef">
      <val name="value" val="{android.content.pm.PackageManager.GET_META_DATA, android.content.pm.PackageManager.GET_SHARED_LIBRARY_FILES, android.content.pm.PackageManager.MATCH_UNINSTALLED_PACKAGES, android.content.pm.PackageManager.MATCH_SYSTEM_ONLY, android.content.pm.PackageManager.MATCH_DISABLED_COMPONENTS, android.content.pm.PackageManager.MATCH_DISABLED_UNTIL_USED_COMPONENTS, android.content.pm.PackageManager.GET_DISABLED_UNTIL_USED_COMPONENTS, android.content.pm.PackageManager.GET_UNINSTALLED_PACKAGES, android.content.pm.PackageManager.MATCH_APEX}" />
      <val name="flag" val="true" />
    </annotation>
  </item>
  <item name="android.content.pm.PackageManager.ComponentEnabledSetting ComponentEnabledSetting(android.content.ComponentName, int, int) 1">
    <annotation name="androidx.annotation.IntDef">
      <val name="value" val="{android.content.pm.PackageManager.COMPONENT_ENABLED_STATE_DEFAULT, android.content.pm.PackageManager.COMPONENT_ENABLED_STATE_ENABLED, android.content.pm.PackageManager.COMPONENT_ENABLED_STATE_DISABLED, android.content.pm.PackageManager.COMPONENT_ENABLED_STATE_DISABLED_USER, android.content.pm.PackageManager.COMPONENT_ENABLED_STATE_DISABLED_UNTIL_USED}" />
    </annotation>
  </item>
  <item name="android.content.pm.PackageManager.ComponentEnabledSetting ComponentEnabledSetting(android.content.ComponentName, int, int) 2">
    <annotation name="androidx.annotation.IntDef">
      <val name="value" val="{android.content.pm.PackageManager.DONT_KILL_APP, android.content.pm.PackageManager.SYNCHRONOUS}" />
      <val name="flag" val="true" />
    </annotation>
  </item>
  <item name="android.content.pm.PackageManager.ComponentEnabledSetting int getEnabledFlags()">
    <annotation name="androidx.annotation.IntDef">
      <val name="value" val="{android.content.pm.PackageManager.DONT_KILL_APP, android.content.pm.PackageManager.SYNCHRONOUS}" />
      <val name="flag" val="true" />
    </annotation>
  </item>
  <item name="android.content.pm.PackageManager.ComponentEnabledSetting int getEnabledState()">
    <annotation name="androidx.annotation.IntDef">
      <val name="value" val="{android.content.pm.PackageManager.COMPONENT_ENABLED_STATE_DEFAULT, android.content.pm.PackageManager.COMPONENT_ENABLED_STATE_ENABLED, android.content.pm.PackageManager.COMPONENT_ENABLED_STATE_DISABLED, android.content.pm.PackageManager.COMPONENT_ENABLED_STATE_DISABLED_USER, android.content.pm.PackageManager.COMPONENT_ENABLED_STATE_DISABLED_UNTIL_USED}" />
    </annotation>
  </item>
  <item name="android.content.pm.PackageManager.ComponentInfoFlags android.content.pm.PackageManager.ComponentInfoFlags of(long) 0">
    <annotation name="androidx.annotation.LongDef">
      <val name="value" val="{android.content.pm.PackageManager.GET_META_DATA, android.content.pm.PackageManager.GET_SHARED_LIBRARY_FILES, android.content.pm.PackageManager.MATCH_ALL, android.content.pm.PackageManager.MATCH_DEFAULT_ONLY, android.content.pm.PackageManager.MATCH_DISABLED_COMPONENTS, android.content.pm.PackageManager.MATCH_DISABLED_UNTIL_USED_COMPONENTS, android.content.pm.PackageManager.MATCH_DIRECT_BOOT_AUTO, android.content.pm.PackageManager.MATCH_DIRECT_BOOT_AWARE, android.content.pm.PackageManager.MATCH_DIRECT_BOOT_UNAWARE, android.content.pm.PackageManager.MATCH_SYSTEM_ONLY, android.content.pm.PackageManager.MATCH_UNINSTALLED_PACKAGES, android.content.pm.PackageManager.GET_DISABLED_COMPONENTS, android.content.pm.PackageManager.GET_DISABLED_UNTIL_USED_COMPONENTS, android.content.pm.PackageManager.GET_UNINSTALLED_PACKAGES}" />
      <val name="flag" val="true" />
    </annotation>
  </item>
  <item name="android.content.pm.PackageManager.PackageInfoFlags android.content.pm.PackageManager.PackageInfoFlags of(long) 0">
    <annotation name="androidx.annotation.LongDef">
      <val name="value" val="{android.content.pm.PackageManager.GET_ACTIVITIES, android.content.pm.PackageManager.GET_CONFIGURATIONS, android.content.pm.PackageManager.GET_GIDS, android.content.pm.PackageManager.GET_INSTRUMENTATION, android.content.pm.PackageManager.GET_INTENT_FILTERS, android.content.pm.PackageManager.GET_META_DATA, android.content.pm.PackageManager.GET_PERMISSIONS, android.content.pm.PackageManager.GET_PROVIDERS, android.content.pm.PackageManager.GET_RECEIVERS, android.content.pm.PackageManager.GET_SERVICES, android.content.pm.PackageManager.GET_SHARED_LIBRARY_FILES, android.content.pm.PackageManager.GET_SIGNATURES, android.content.pm.PackageManager.GET_SIGNING_CERTIFICATES, android.content.pm.PackageManager.GET_URI_PERMISSION_PATTERNS, android.content.pm.PackageManager.MATCH_UNINSTALLED_PACKAGES, android.content.pm.PackageManager.MATCH_DISABLED_COMPONENTS, android.content.pm.PackageManager.MATCH_DISABLED_UNTIL_USED_COMPONENTS, android.content.pm.PackageManager.MATCH_SYSTEM_ONLY, android.content.pm.PackageManager.MATCH_APEX, android.content.pm.PackageManager.GET_DISABLED_COMPONENTS, android.content.pm.PackageManager.GET_DISABLED_UNTIL_USED_COMPONENTS, android.content.pm.PackageManager.GET_UNINSTALLED_PACKAGES, android.content.pm.PackageManager.GET_ATTRIBUTIONS}" />
      <val name="flag" val="true" />
    </annotation>
  </item>
  <item name="android.content.pm.PackageManager.ResolveInfoFlags android.content.pm.PackageManager.ResolveInfoFlags of(long) 0">
    <annotation name="androidx.annotation.LongDef">
      <val name="value" val="{android.content.pm.PackageManager.GET_META_DATA, android.content.pm.PackageManager.GET_RESOLVED_FILTER, android.content.pm.PackageManager.GET_SHARED_LIBRARY_FILES, android.content.pm.PackageManager.MATCH_ALL, android.content.pm.PackageManager.MATCH_DISABLED_COMPONENTS, android.content.pm.PackageManager.MATCH_DISABLED_UNTIL_USED_COMPONENTS, android.content.pm.PackageManager.MATCH_DEFAULT_ONLY, android.content.pm.PackageManager.MATCH_DIRECT_BOOT_AUTO, android.content.pm.PackageManager.MATCH_DIRECT_BOOT_AWARE, android.content.pm.PackageManager.MATCH_DIRECT_BOOT_UNAWARE, android.content.pm.PackageManager.MATCH_SYSTEM_ONLY, android.content.pm.PackageManager.MATCH_UNINSTALLED_PACKAGES, android.content.pm.PackageManager.GET_DISABLED_COMPONENTS, android.content.pm.PackageManager.GET_DISABLED_UNTIL_USED_COMPONENTS, android.content.pm.PackageManager.GET_UNINSTALLED_PACKAGES}" />
      <val name="flag" val="true" />
    </annotation>
  </item>
  <item name="android.content.pm.PermissionGroupInfo descriptionRes">
    <annotation name="androidx.annotation.StringRes"/>
  </item>
  <item name="android.content.pm.PermissionGroupInfo flags">
    <annotation name="androidx.annotation.IntDef">
      <val name="value" val="{android.content.pm.PermissionGroupInfo.FLAG_PERSONAL_INFO}" />
      <val name="flag" val="true" />
    </annotation>
  </item>
  <item name="android.content.pm.PermissionInfo descriptionRes">
    <annotation name="androidx.annotation.StringRes"/>
  </item>
  <item name="android.content.pm.PermissionInfo flags">
    <annotation name="androidx.annotation.IntDef">
      <val name="value" val="{android.content.pm.PermissionInfo.FLAG_COSTS_MONEY, android.content.pm.PermissionInfo.FLAG_HARD_RESTRICTED, android.content.pm.PermissionInfo.FLAG_SOFT_RESTRICTED, android.content.pm.PermissionInfo.FLAG_IMMUTABLY_RESTRICTED, android.content.pm.PermissionInfo.FLAG_INSTALLED}" />
      <val name="flag" val="true" />
    </annotation>
  </item>
  <item name="android.content.pm.PermissionInfo int getProtection()">
    <annotation name="androidx.annotation.IntDef">
      <val name="value" val="{android.content.pm.PermissionInfo.PROTECTION_NORMAL, android.content.pm.PermissionInfo.PROTECTION_DANGEROUS, android.content.pm.PermissionInfo.PROTECTION_SIGNATURE, android.content.pm.PermissionInfo.PROTECTION_SIGNATURE_OR_SYSTEM, android.content.pm.PermissionInfo.PROTECTION_INTERNAL}" />
      <val name="flag" val="false" />
    </annotation>
  </item>
  <item name="android.content.pm.PermissionInfo int getProtectionFlags()">
    <annotation name="androidx.annotation.IntDef">
      <val name="value" val="{android.content.pm.PermissionInfo.PROTECTION_FLAG_PRIVILEGED, android.content.pm.PermissionInfo.PROTECTION_FLAG_SYSTEM, android.content.pm.PermissionInfo.PROTECTION_FLAG_DEVELOPMENT, android.content.pm.PermissionInfo.PROTECTION_FLAG_APPOP, android.content.pm.PermissionInfo.PROTECTION_FLAG_PRE23, android.content.pm.PermissionInfo.PROTECTION_FLAG_INSTALLER, android.content.pm.PermissionInfo.PROTECTION_FLAG_VERIFIER, android.content.pm.PermissionInfo.PROTECTION_FLAG_PREINSTALLED, android.content.pm.PermissionInfo.PROTECTION_FLAG_SETUP, android.content.pm.PermissionInfo.PROTECTION_FLAG_INSTANT, android.content.pm.PermissionInfo.PROTECTION_FLAG_RUNTIME_ONLY}" />
      <val name="flag" val="true" />
    </annotation>
  </item>
  <item name="android.content.pm.ServiceInfo FOREGROUND_SERVICE_TYPE_CAMERA">
    <annotation name="androidx.annotation.RequiresPermission">
      <val name="allOf" val="{&quot;android.permission.FOREGROUND_SERVICE_CAMERA&quot;}" />
      <val name="anyOf" val="{&quot;android.permission.CAMERA&quot;}" />
      <val name="conditional" val="true" />
    </annotation>
  </item>
  <item name="android.content.pm.ServiceInfo FOREGROUND_SERVICE_TYPE_CONNECTED_DEVICE">
    <annotation name="androidx.annotation.RequiresPermission">
      <val name="allOf" val="{&quot;android.permission.FOREGROUND_SERVICE_CONNECTED_DEVICE&quot;}" />
      <val name="anyOf" val="{&quot;android.permission.BLUETOOTH_ADVERTISE&quot;, &quot;android.permission.BLUETOOTH_CONNECT&quot;, &quot;android.permission.BLUETOOTH_SCAN&quot;, &quot;android.permission.CHANGE_NETWORK_STATE&quot;, &quot;android.permission.CHANGE_WIFI_STATE&quot;, &quot;android.permission.CHANGE_WIFI_MULTICAST_STATE&quot;, &quot;android.permission.NFC&quot;, &quot;android.permission.TRANSMIT_IR&quot;, &quot;android.permission.UWB_RANGING&quot;}" />
      <val name="conditional" val="true" />
    </annotation>
  </item>
  <item name="android.content.pm.ServiceInfo FOREGROUND_SERVICE_TYPE_DATA_SYNC">
    <annotation name="androidx.annotation.RequiresPermission">
      <val name="value" val="&quot;android.permission.FOREGROUND_SERVICE_DATA_SYNC&quot;" />
      <val name="conditional" val="true" />
    </annotation>
  </item>
  <item name="android.content.pm.ServiceInfo FOREGROUND_SERVICE_TYPE_FILE_MANAGEMENT">
    <annotation name="androidx.annotation.RequiresPermission">
      <val name="value" val="&quot;android.permission.FOREGROUND_SERVICE_FILE_MANAGEMENT&quot;" />
    </annotation>
  </item>
  <item name="android.content.pm.ServiceInfo FOREGROUND_SERVICE_TYPE_HEALTH">
    <annotation name="androidx.annotation.RequiresPermission">
      <val name="allOf" val="{&quot;android.permission.FOREGROUND_SERVICE_HEALTH&quot;}" />
      <val name="anyOf" val="{&quot;android.permission.ACTIVITY_RECOGNITION&quot;, &quot;android.permission.BODY_SENSORS&quot;, &quot;android.permission.HIGH_SAMPLING_RATE_SENSORS&quot;}" />
    </annotation>
  </item>
  <item name="android.content.pm.ServiceInfo FOREGROUND_SERVICE_TYPE_LOCATION">
    <annotation name="androidx.annotation.RequiresPermission">
      <val name="allOf" val="{&quot;android.permission.FOREGROUND_SERVICE_LOCATION&quot;}" />
      <val name="anyOf" val="{&quot;android.permission.ACCESS_COARSE_LOCATION&quot;, &quot;android.permission.ACCESS_FINE_LOCATION&quot;}" />
      <val name="conditional" val="true" />
    </annotation>
  </item>
  <item name="android.content.pm.ServiceInfo FOREGROUND_SERVICE_TYPE_MEDIA_PLAYBACK">
    <annotation name="androidx.annotation.RequiresPermission">
      <val name="value" val="&quot;android.permission.FOREGROUND_SERVICE_MEDIA_PLAYBACK&quot;" />
      <val name="conditional" val="true" />
    </annotation>
  </item>
  <item name="android.content.pm.ServiceInfo FOREGROUND_SERVICE_TYPE_MEDIA_PROJECTION">
    <annotation name="androidx.annotation.RequiresPermission">
      <val name="value" val="&quot;android.permission.FOREGROUND_SERVICE_MEDIA_PROJECTION&quot;" />
      <val name="conditional" val="true" />
    </annotation>
  </item>
  <item name="android.content.pm.ServiceInfo FOREGROUND_SERVICE_TYPE_MICROPHONE">
    <annotation name="androidx.annotation.RequiresPermission">
      <val name="allOf" val="{&quot;android.permission.FOREGROUND_SERVICE_MICROPHONE&quot;}" />
      <val name="anyOf" val="{&quot;android.permission.CAPTURE_AUDIO_OUTPUT&quot;, &quot;android.permission.RECORD_AUDIO&quot;}" />
      <val name="conditional" val="true" />
    </annotation>
  </item>
  <item name="android.content.pm.ServiceInfo FOREGROUND_SERVICE_TYPE_PHONE_CALL">
    <annotation name="androidx.annotation.RequiresPermission">
      <val name="allOf" val="{&quot;android.permission.FOREGROUND_SERVICE_PHONE_CALL&quot;}" />
      <val name="anyOf" val="{&quot;android.permission.MANAGE_OWN_CALLS&quot;}" />
      <val name="conditional" val="true" />
    </annotation>
  </item>
  <item name="android.content.pm.ServiceInfo FOREGROUND_SERVICE_TYPE_REMOTE_MESSAGING">
    <annotation name="androidx.annotation.RequiresPermission">
      <val name="value" val="&quot;android.permission.FOREGROUND_SERVICE_REMOTE_MESSAGING&quot;" />
    </annotation>
  </item>
  <item name="android.content.pm.ServiceInfo FOREGROUND_SERVICE_TYPE_SPECIAL_USE">
    <annotation name="androidx.annotation.RequiresPermission">
      <val name="value" val="&quot;android.permission.FOREGROUND_SERVICE_SPECIAL_USE&quot;" />
    </annotation>
  </item>
  <item name="android.content.pm.ServiceInfo FOREGROUND_SERVICE_TYPE_SYSTEM_EXEMPTED">
    <annotation name="androidx.annotation.RequiresPermission">
      <val name="value" val="&quot;android.permission.FOREGROUND_SERVICE_SYSTEM_EXEMPTED&quot;" />
    </annotation>
  </item>
  <item name="android.content.pm.ServiceInfo int getForegroundServiceType()">
    <annotation name="androidx.annotation.IntDef">
      <val name="value" val="{android.content.pm.ServiceInfo.FOREGROUND_SERVICE_TYPE_MANIFEST, android.content.pm.ServiceInfo.FOREGROUND_SERVICE_TYPE_NONE, android.content.pm.ServiceInfo.FOREGROUND_SERVICE_TYPE_DATA_SYNC, android.content.pm.ServiceInfo.FOREGROUND_SERVICE_TYPE_MEDIA_PLAYBACK, android.content.pm.ServiceInfo.FOREGROUND_SERVICE_TYPE_PHONE_CALL, android.content.pm.ServiceInfo.FOREGROUND_SERVICE_TYPE_LOCATION, android.content.pm.ServiceInfo.FOREGROUND_SERVICE_TYPE_CONNECTED_DEVICE, android.content.pm.ServiceInfo.FOREGROUND_SERVICE_TYPE_MEDIA_PROJECTION, android.content.pm.ServiceInfo.FOREGROUND_SERVICE_TYPE_CAMERA, android.content.pm.ServiceInfo.FOREGROUND_SERVICE_TYPE_MICROPHONE, android.content.pm.ServiceInfo.FOREGROUND_SERVICE_TYPE_HEALTH, android.content.pm.ServiceInfo.FOREGROUND_SERVICE_TYPE_REMOTE_MESSAGING, android.content.pm.ServiceInfo.FOREGROUND_SERVICE_TYPE_SYSTEM_EXEMPTED, android.content.pm.ServiceInfo.FOREGROUND_SERVICE_TYPE_SHORT_SERVICE, android.content.pm.ServiceInfo.FOREGROUND_SERVICE_TYPE_FILE_MANAGEMENT, android.content.pm.ServiceInfo.FOREGROUND_SERVICE_TYPE_SPECIAL_USE}" />
      <val name="flag" val="true" />
    </annotation>
  </item>
  <item name="android.content.pm.SharedLibraryInfo int getType()">
    <annotation name="androidx.annotation.IntDef">
      <val name="value" val="{android.content.pm.SharedLibraryInfo.TYPE_BUILTIN, android.content.pm.SharedLibraryInfo.TYPE_DYNAMIC, android.content.pm.SharedLibraryInfo.TYPE_STATIC, android.content.pm.SharedLibraryInfo.TYPE_SDK_PACKAGE}" />
      <val name="flag" val="true" />
    </annotation>
  </item>
  <item name="android.content.pm.SharedLibraryInfo int getVersion()">
    <annotation name="androidx.annotation.IntRange">
      <val name="from" val="-1" />
    </annotation>
  </item>
  <item name="android.content.pm.SharedLibraryInfo long getLongVersion()">
    <annotation name="androidx.annotation.IntRange">
      <val name="from" val="-1" />
    </annotation>
  </item>
  <item name="android.content.pm.ShortcutInfo boolean isExcludedFromSurfaces(int) 0">
    <annotation name="androidx.annotation.IntDef">
      <val name="value" val="{android.content.pm.ShortcutInfo.SURFACE_LAUNCHER}" />
      <val name="flag" val="true" />
    </annotation>
  </item>
  <item name="android.content.pm.ShortcutInfo int getDisabledReason()">
    <annotation name="androidx.annotation.IntDef">
      <val name="value" val="{android.content.pm.ShortcutInfo.DISABLED_REASON_NOT_DISABLED, android.content.pm.ShortcutInfo.DISABLED_REASON_BY_APP, android.content.pm.ShortcutInfo.DISABLED_REASON_APP_CHANGED, android.content.pm.ShortcutInfo.DISABLED_REASON_UNKNOWN, android.content.pm.ShortcutInfo.DISABLED_REASON_VERSION_LOWER, android.content.pm.ShortcutInfo.DISABLED_REASON_BACKUP_NOT_SUPPORTED, android.content.pm.ShortcutInfo.DISABLED_REASON_SIGNATURE_MISMATCH, android.content.pm.ShortcutInfo.DISABLED_REASON_OTHER_RESTORE_ISSUE}" />
    </annotation>
  </item>
  <item name="android.content.pm.ShortcutInfo int getExcludedFromSurfaces()">
    <annotation name="androidx.annotation.IntDef">
      <val name="value" val="{android.content.pm.ShortcutInfo.SURFACE_LAUNCHER}" />
      <val name="flag" val="true" />
    </annotation>
  </item>
  <item name="android.content.pm.ShortcutManager android.content.Intent createShortcutResultIntent(android.content.pm.ShortcutInfo)">
    <annotation name="androidx.annotation.WorkerThread"/>
  </item>
  <item name="android.content.pm.ShortcutManager boolean addDynamicShortcuts(java.util.List&lt;android.content.pm.ShortcutInfo&gt;)">
    <annotation name="androidx.annotation.WorkerThread"/>
  </item>
  <item name="android.content.pm.ShortcutManager boolean requestPinShortcut(android.content.pm.ShortcutInfo, android.content.IntentSender)">
    <annotation name="androidx.annotation.WorkerThread"/>
  </item>
  <item name="android.content.pm.ShortcutManager boolean setDynamicShortcuts(java.util.List&lt;android.content.pm.ShortcutInfo&gt;)">
    <annotation name="androidx.annotation.WorkerThread"/>
  </item>
  <item name="android.content.pm.ShortcutManager boolean updateShortcuts(java.util.List&lt;android.content.pm.ShortcutInfo&gt;)">
    <annotation name="androidx.annotation.WorkerThread"/>
  </item>
  <item name="android.content.pm.ShortcutManager java.util.List&lt;android.content.pm.ShortcutInfo&gt; getDynamicShortcuts()">
    <annotation name="androidx.annotation.WorkerThread"/>
  </item>
  <item name="android.content.pm.ShortcutManager java.util.List&lt;android.content.pm.ShortcutInfo&gt; getManifestShortcuts()">
    <annotation name="androidx.annotation.WorkerThread"/>
  </item>
  <item name="android.content.pm.ShortcutManager java.util.List&lt;android.content.pm.ShortcutInfo&gt; getPinnedShortcuts()">
    <annotation name="androidx.annotation.WorkerThread"/>
  </item>
  <item name="android.content.pm.ShortcutManager java.util.List&lt;android.content.pm.ShortcutInfo&gt; getShortcuts(int)">
    <annotation name="androidx.annotation.WorkerThread"/>
  </item>
  <item name="android.content.pm.ShortcutManager java.util.List&lt;android.content.pm.ShortcutInfo&gt; getShortcuts(int) 0">
    <annotation name="androidx.annotation.IntDef">
      <val name="value" val="{android.content.pm.ShortcutManager.FLAG_MATCH_MANIFEST, android.content.pm.ShortcutManager.FLAG_MATCH_DYNAMIC, android.content.pm.ShortcutManager.FLAG_MATCH_PINNED, android.content.pm.ShortcutManager.FLAG_MATCH_CACHED}" />
      <val name="flag" val="true" />
    </annotation>
  </item>
  <item name="android.content.pm.UserProperties int getShowInLauncher()">
    <annotation name="androidx.annotation.IntDef">
      <val name="value" val="{android.content.pm.UserProperties.SHOW_IN_LAUNCHER_WITH_PARENT, android.content.pm.UserProperties.SHOW_IN_LAUNCHER_SEPARATE, android.content.pm.UserProperties.SHOW_IN_LAUNCHER_NO}" />
    </annotation>
  </item>
</root>

