<?xml version="1.0" encoding="UTF-8"?>
<root>
  <item name="android.media.tv.interactive.TvInteractiveAppInfo int getSupportedTypes()">
    <annotation name="androidx.annotation.IntDef">
      <val name="value" val="{android.media.tv.interactive.TvInteractiveAppInfo.INTERACTIVE_APP_TYPE_HBBTV, android.media.tv.interactive.TvInteractiveAppInfo.INTERACTIVE_APP_TYPE_ATSC, android.media.tv.interactive.TvInteractiveAppInfo.INTERACTIVE_APP_TYPE_GINGA}" />
    </annotation>
  </item>
  <item name="android.media.tv.interactive.TvInteractiveAppManager.TvInteractiveAppCallback void onTvInteractiveAppServiceStateChanged(java.lang.String, int, int, int) 1">
    <annotation name="androidx.annotation.IntDef">
      <val name="value" val="{android.media.tv.interactive.TvInteractiveAppInfo.INTERACTIVE_APP_TYPE_HBBTV, android.media.tv.interactive.TvInteractiveAppInfo.INTERACTIVE_APP_TYPE_ATSC, android.media.tv.interactive.TvInteractiveAppInfo.INTERACTIVE_APP_TYPE_GINGA}" />
    </annotation>
  </item>
  <item name="android.media.tv.interactive.TvInteractiveAppManager.TvInteractiveAppCallback void onTvInteractiveAppServiceStateChanged(java.lang.String, int, int, int) 2">
    <annotation name="androidx.annotation.IntDef">
      <val name="value" val="{android.media.tv.interactive.TvInteractiveAppManager.SERVICE_STATE_UNREALIZED, android.media.tv.interactive.TvInteractiveAppManager.SERVICE_STATE_PREPARING, android.media.tv.interactive.TvInteractiveAppManager.SERVICE_STATE_READY, android.media.tv.interactive.TvInteractiveAppManager.SERVICE_STATE_ERROR}" />
      <val name="flag" val="false" />
    </annotation>
  </item>
  <item name="android.media.tv.interactive.TvInteractiveAppManager.TvInteractiveAppCallback void onTvInteractiveAppServiceStateChanged(java.lang.String, int, int, int) 3">
    <annotation name="androidx.annotation.IntDef">
      <val name="value" val="{android.media.tv.interactive.TvInteractiveAppManager.ERROR_NONE, android.media.tv.interactive.TvInteractiveAppManager.ERROR_UNKNOWN, android.media.tv.interactive.TvInteractiveAppManager.ERROR_NOT_SUPPORTED, android.media.tv.interactive.TvInteractiveAppManager.ERROR_WEAK_SIGNAL, android.media.tv.interactive.TvInteractiveAppManager.ERROR_RESOURCE_UNAVAILABLE, android.media.tv.interactive.TvInteractiveAppManager.ERROR_BLOCKED, android.media.tv.interactive.TvInteractiveAppManager.ERROR_ENCRYPTED, android.media.tv.interactive.TvInteractiveAppManager.ERROR_UNKNOWN_CHANNEL}" />
      <val name="flag" val="false" />
    </annotation>
  </item>
  <item name="android.media.tv.interactive.TvInteractiveAppService android.media.tv.interactive.TvInteractiveAppService.Session onCreateSession(java.lang.String, int) 1">
    <annotation name="androidx.annotation.IntDef">
      <val name="value" val="{android.media.tv.interactive.TvInteractiveAppInfo.INTERACTIVE_APP_TYPE_HBBTV, android.media.tv.interactive.TvInteractiveAppInfo.INTERACTIVE_APP_TYPE_ATSC, android.media.tv.interactive.TvInteractiveAppInfo.INTERACTIVE_APP_TYPE_GINGA}" />
    </annotation>
  </item>
  <item name="android.media.tv.interactive.TvInteractiveAppService void notifyStateChanged(int, int, int) 0">
    <annotation name="androidx.annotation.IntDef">
      <val name="value" val="{android.media.tv.interactive.TvInteractiveAppInfo.INTERACTIVE_APP_TYPE_HBBTV, android.media.tv.interactive.TvInteractiveAppInfo.INTERACTIVE_APP_TYPE_ATSC, android.media.tv.interactive.TvInteractiveAppInfo.INTERACTIVE_APP_TYPE_GINGA}" />
    </annotation>
  </item>
  <item name="android.media.tv.interactive.TvInteractiveAppService void notifyStateChanged(int, int, int) 1">
    <annotation name="androidx.annotation.IntDef">
      <val name="value" val="{android.media.tv.interactive.TvInteractiveAppManager.SERVICE_STATE_UNREALIZED, android.media.tv.interactive.TvInteractiveAppManager.SERVICE_STATE_PREPARING, android.media.tv.interactive.TvInteractiveAppManager.SERVICE_STATE_READY, android.media.tv.interactive.TvInteractiveAppManager.SERVICE_STATE_ERROR}" />
      <val name="flag" val="false" />
    </annotation>
  </item>
  <item name="android.media.tv.interactive.TvInteractiveAppService void notifyStateChanged(int, int, int) 2">
    <annotation name="androidx.annotation.IntDef">
      <val name="value" val="{android.media.tv.interactive.TvInteractiveAppManager.ERROR_NONE, android.media.tv.interactive.TvInteractiveAppManager.ERROR_UNKNOWN, android.media.tv.interactive.TvInteractiveAppManager.ERROR_NOT_SUPPORTED, android.media.tv.interactive.TvInteractiveAppManager.ERROR_WEAK_SIGNAL, android.media.tv.interactive.TvInteractiveAppManager.ERROR_RESOURCE_UNAVAILABLE, android.media.tv.interactive.TvInteractiveAppManager.ERROR_BLOCKED, android.media.tv.interactive.TvInteractiveAppManager.ERROR_ENCRYPTED, android.media.tv.interactive.TvInteractiveAppManager.ERROR_UNKNOWN_CHANNEL}" />
      <val name="flag" val="false" />
    </annotation>
  </item>
  <item name="android.media.tv.interactive.TvInteractiveAppService void onPrepare(int) 0">
    <annotation name="androidx.annotation.IntDef">
      <val name="value" val="{android.media.tv.interactive.TvInteractiveAppInfo.INTERACTIVE_APP_TYPE_HBBTV, android.media.tv.interactive.TvInteractiveAppInfo.INTERACTIVE_APP_TYPE_ATSC, android.media.tv.interactive.TvInteractiveAppInfo.INTERACTIVE_APP_TYPE_GINGA}" />
    </annotation>
  </item>
  <item name="android.media.tv.interactive.TvInteractiveAppService.Session void notifySessionStateChanged(int, int) 0">
    <annotation name="androidx.annotation.IntDef">
      <val name="value" val="{android.media.tv.interactive.TvInteractiveAppManager.INTERACTIVE_APP_STATE_STOPPED, android.media.tv.interactive.TvInteractiveAppManager.INTERACTIVE_APP_STATE_RUNNING, android.media.tv.interactive.TvInteractiveAppManager.INTERACTIVE_APP_STATE_ERROR}" />
      <val name="flag" val="false" />
    </annotation>
  </item>
  <item name="android.media.tv.interactive.TvInteractiveAppService.Session void notifySessionStateChanged(int, int) 1">
    <annotation name="androidx.annotation.IntDef">
      <val name="value" val="{android.media.tv.interactive.TvInteractiveAppManager.ERROR_NONE, android.media.tv.interactive.TvInteractiveAppManager.ERROR_UNKNOWN, android.media.tv.interactive.TvInteractiveAppManager.ERROR_NOT_SUPPORTED, android.media.tv.interactive.TvInteractiveAppManager.ERROR_WEAK_SIGNAL, android.media.tv.interactive.TvInteractiveAppManager.ERROR_RESOURCE_UNAVAILABLE, android.media.tv.interactive.TvInteractiveAppManager.ERROR_BLOCKED, android.media.tv.interactive.TvInteractiveAppManager.ERROR_ENCRYPTED, android.media.tv.interactive.TvInteractiveAppManager.ERROR_UNKNOWN_CHANNEL}" />
      <val name="flag" val="false" />
    </annotation>
  </item>
  <item name="android.media.tv.interactive.TvInteractiveAppService.Session void notifyTeletextAppStateChanged(int) 0">
    <annotation name="androidx.annotation.IntDef">
      <val name="value" val="{android.media.tv.interactive.TvInteractiveAppManager.TELETEXT_APP_STATE_SHOW, android.media.tv.interactive.TvInteractiveAppManager.TELETEXT_APP_STATE_HIDE, android.media.tv.interactive.TvInteractiveAppManager.TELETEXT_APP_STATE_ERROR}" />
      <val name="flag" val="false" />
    </annotation>
  </item>
  <item name="android.media.tv.interactive.TvInteractiveAppService.Session void onSignalStrength(int) 0">
    <annotation name="androidx.annotation.IntDef">
      <val name="value" val="{android.media.tv.TvInputManager.SIGNAL_STRENGTH_LOST, android.media.tv.TvInputManager.SIGNAL_STRENGTH_WEAK, android.media.tv.TvInputManager.SIGNAL_STRENGTH_STRONG}" />
    </annotation>
  </item>
  <item name="android.media.tv.interactive.TvInteractiveAppService.Session void onTrackSelected(int, java.lang.String) 0">
    <annotation name="androidx.annotation.IntDef">
      <val name="value" val="{android.media.tv.TvTrackInfo.TYPE_AUDIO, android.media.tv.TvTrackInfo.TYPE_VIDEO, android.media.tv.TvTrackInfo.TYPE_SUBTITLE}" />
    </annotation>
  </item>
  <item name="android.media.tv.interactive.TvInteractiveAppService.Session void onVideoUnavailable(int) 0">
    <annotation name="androidx.annotation.IntDef">
      <val name="value" val="{android.media.tv.TvInputManager.VIDEO_UNAVAILABLE_REASON_UNKNOWN, android.media.tv.TvInputManager.VIDEO_UNAVAILABLE_REASON_TUNING, android.media.tv.TvInputManager.VIDEO_UNAVAILABLE_REASON_WEAK_SIGNAL, android.media.tv.TvInputManager.VIDEO_UNAVAILABLE_REASON_BUFFERING, android.media.tv.TvInputManager.VIDEO_UNAVAILABLE_REASON_AUDIO_ONLY, android.media.tv.TvInputManager.VIDEO_UNAVAILABLE_REASON_INSUFFICIENT_RESOURCE, android.media.tv.TvInputManager.VIDEO_UNAVAILABLE_REASON_CAS_INSUFFICIENT_OUTPUT_PROTECTION, android.media.tv.TvInputManager.VIDEO_UNAVAILABLE_REASON_CAS_PVR_RECORDING_NOT_ALLOWED, android.media.tv.TvInputManager.VIDEO_UNAVAILABLE_REASON_CAS_PVR_RECORDING_NOT_ALLOWED, android.media.tv.TvInputManager.VIDEO_UNAVAILABLE_REASON_CAS_LICENSE_EXPIRED, android.media.tv.TvInputManager.VIDEO_UNAVAILABLE_REASON_CAS_NEED_ACTIVATION, android.media.tv.TvInputManager.VIDEO_UNAVAILABLE_REASON_CAS_NEED_PAIRING, android.media.tv.TvInputManager.VIDEO_UNAVAILABLE_REASON_CAS_NO_CARD, android.media.tv.TvInputManager.VIDEO_UNAVAILABLE_REASON_CAS_CARD_MUTE, android.media.tv.TvInputManager.VIDEO_UNAVAILABLE_REASON_CAS_CARD_INVALID, android.media.tv.TvInputManager.VIDEO_UNAVAILABLE_REASON_CAS_BLACKOUT, android.media.tv.TvInputManager.VIDEO_UNAVAILABLE_REASON_CAS_REBOOTING, android.media.tv.TvInputManager.VIDEO_UNAVAILABLE_REASON_CAS_UNKNOWN}" />
    </annotation>
  </item>
  <item name="android.media.tv.interactive.TvInteractiveAppService.Session void sendPlaybackCommandRequest(java.lang.String, android.os.Bundle) 0">
    <annotation name="androidx.annotation.StringDef">
      <val name="value" val="{android.media.tv.interactive.TvInteractiveAppService.PLAYBACK_COMMAND_TYPE_TUNE, android.media.tv.interactive.TvInteractiveAppService.PLAYBACK_COMMAND_TYPE_TUNE_NEXT, android.media.tv.interactive.TvInteractiveAppService.PLAYBACK_COMMAND_TYPE_TUNE_PREV, android.media.tv.interactive.TvInteractiveAppService.PLAYBACK_COMMAND_TYPE_STOP, android.media.tv.interactive.TvInteractiveAppService.PLAYBACK_COMMAND_TYPE_SET_STREAM_VOLUME, android.media.tv.interactive.TvInteractiveAppService.PLAYBACK_COMMAND_TYPE_SELECT_TRACK}" />
    </annotation>
  </item>
  <item name="android.media.tv.interactive.TvInteractiveAppView void prepareInteractiveApp(java.lang.String, int) 1">
    <annotation name="androidx.annotation.IntDef">
      <val name="value" val="{android.media.tv.interactive.TvInteractiveAppInfo.INTERACTIVE_APP_TYPE_HBBTV, android.media.tv.interactive.TvInteractiveAppInfo.INTERACTIVE_APP_TYPE_ATSC, android.media.tv.interactive.TvInteractiveAppInfo.INTERACTIVE_APP_TYPE_GINGA}" />
    </annotation>
  </item>
  <item name="android.media.tv.interactive.TvInteractiveAppView.TvInteractiveAppCallback void onPlaybackCommandRequest(java.lang.String, java.lang.String, android.os.Bundle) 1">
    <annotation name="androidx.annotation.StringDef">
      <val name="value" val="{android.media.tv.interactive.TvInteractiveAppService.PLAYBACK_COMMAND_TYPE_TUNE, android.media.tv.interactive.TvInteractiveAppService.PLAYBACK_COMMAND_TYPE_TUNE_NEXT, android.media.tv.interactive.TvInteractiveAppService.PLAYBACK_COMMAND_TYPE_TUNE_PREV, android.media.tv.interactive.TvInteractiveAppService.PLAYBACK_COMMAND_TYPE_STOP, android.media.tv.interactive.TvInteractiveAppService.PLAYBACK_COMMAND_TYPE_SET_STREAM_VOLUME, android.media.tv.interactive.TvInteractiveAppService.PLAYBACK_COMMAND_TYPE_SELECT_TRACK}" />
    </annotation>
  </item>
  <item name="android.media.tv.interactive.TvInteractiveAppView.TvInteractiveAppCallback void onStateChanged(java.lang.String, int, int) 1">
    <annotation name="androidx.annotation.IntDef">
      <val name="value" val="{android.media.tv.interactive.TvInteractiveAppManager.INTERACTIVE_APP_STATE_STOPPED, android.media.tv.interactive.TvInteractiveAppManager.INTERACTIVE_APP_STATE_RUNNING, android.media.tv.interactive.TvInteractiveAppManager.INTERACTIVE_APP_STATE_ERROR}" />
      <val name="flag" val="false" />
    </annotation>
  </item>
  <item name="android.media.tv.interactive.TvInteractiveAppView.TvInteractiveAppCallback void onStateChanged(java.lang.String, int, int) 2">
    <annotation name="androidx.annotation.IntDef">
      <val name="value" val="{android.media.tv.interactive.TvInteractiveAppManager.ERROR_NONE, android.media.tv.interactive.TvInteractiveAppManager.ERROR_UNKNOWN, android.media.tv.interactive.TvInteractiveAppManager.ERROR_NOT_SUPPORTED, android.media.tv.interactive.TvInteractiveAppManager.ERROR_WEAK_SIGNAL, android.media.tv.interactive.TvInteractiveAppManager.ERROR_RESOURCE_UNAVAILABLE, android.media.tv.interactive.TvInteractiveAppManager.ERROR_BLOCKED, android.media.tv.interactive.TvInteractiveAppManager.ERROR_ENCRYPTED, android.media.tv.interactive.TvInteractiveAppManager.ERROR_UNKNOWN_CHANNEL}" />
      <val name="flag" val="false" />
    </annotation>
  </item>
  <item name="android.media.tv.interactive.TvInteractiveAppView.TvInteractiveAppCallback void onTeletextAppStateChanged(java.lang.String, int) 1">
    <annotation name="androidx.annotation.IntDef">
      <val name="value" val="{android.media.tv.interactive.TvInteractiveAppManager.TELETEXT_APP_STATE_SHOW, android.media.tv.interactive.TvInteractiveAppManager.TELETEXT_APP_STATE_HIDE, android.media.tv.interactive.TvInteractiveAppManager.TELETEXT_APP_STATE_ERROR}" />
      <val name="flag" val="false" />
    </annotation>
  </item>
</root>

