<?xml version="1.0" encoding="UTF-8"?>
<root>
  <item name="android.service.wearable.WearableSensingDataRequester void requestData(android.app.wearable.WearableSensingDataRequest, java.util.function.Consumer&lt;java.lang.Integer&gt;) 1">
    <annotation name="androidx.annotation.IntDef">
      <val name="value" val="{android.service.wearable.WearableSensingDataRequester.STATUS_UNKNOWN, android.service.wearable.WearableSensingDataRequester.STATUS_SUCCESS, android.service.wearable.WearableSensingDataRequester.STATUS_OBSERVER_CANCELLED, android.service.wearable.WearableSensingDataRequester.STATUS_TOO_LARGE, android.service.wearable.WearableSensingDataRequester.STATUS_TOO_FREQUENT}" />
    </annotation>
  </item>
  <item name="android.service.wearable.WearableSensingService void onDataProvided(android.os.PersistableBundle, android.os.SharedMemory, java.util.function.Consumer&lt;java.lang.Integer&gt;)">
    <annotation name="androidx.annotation.BinderThread"/>
  </item>
  <item name="android.service.wearable.WearableSensingService void onDataRequestObserverRegistered(int, java.lang.String, android.service.wearable.WearableSensingDataRequester, java.util.function.Consumer&lt;java.lang.Integer&gt;)">
    <annotation name="androidx.annotation.BinderThread"/>
  </item>
  <item name="android.service.wearable.WearableSensingService void onDataRequestObserverUnregistered(int, java.lang.String, android.service.wearable.WearableSensingDataRequester, java.util.function.Consumer&lt;java.lang.Integer&gt;)">
    <annotation name="androidx.annotation.BinderThread"/>
  </item>
  <item name="android.service.wearable.WearableSensingService void onDataStreamProvided(android.os.ParcelFileDescriptor, java.util.function.Consumer&lt;java.lang.Integer&gt;)">
    <annotation name="androidx.annotation.BinderThread"/>
  </item>
  <item name="android.service.wearable.WearableSensingService void onQueryServiceStatus(java.util.Set&lt;java.lang.Integer&gt;, java.lang.String, java.util.function.Consumer&lt;android.service.ambientcontext.AmbientContextDetectionServiceStatus&gt;)">
    <annotation name="androidx.annotation.BinderThread"/>
  </item>
  <item name="android.service.wearable.WearableSensingService void onSecureConnectionProvided(android.os.ParcelFileDescriptor, java.util.function.Consumer&lt;java.lang.Integer&gt;)">
    <annotation name="androidx.annotation.BinderThread"/>
  </item>
  <item name="android.service.wearable.WearableSensingService void onStartDetection(android.app.ambientcontext.AmbientContextEventRequest, java.lang.String, java.util.function.Consumer&lt;android.service.ambientcontext.AmbientContextDetectionServiceStatus&gt;, java.util.function.Consumer&lt;android.service.ambientcontext.AmbientContextDetectionResult&gt;)">
    <annotation name="androidx.annotation.BinderThread"/>
  </item>
  <item name="android.service.wearable.WearableSensingService void onStartHotwordRecognition(java.util.function.Consumer&lt;android.service.voice.HotwordAudioStream&gt;, java.util.function.Consumer&lt;java.lang.Integer&gt;)">
    <annotation name="androidx.annotation.BinderThread"/>
  </item>
  <item name="android.service.wearable.WearableSensingService void onStopHotwordAudioStream()">
    <annotation name="androidx.annotation.BinderThread"/>
  </item>
  <item name="android.service.wearable.WearableSensingService void onStopHotwordRecognition(java.util.function.Consumer&lt;java.lang.Integer&gt;)">
    <annotation name="androidx.annotation.BinderThread"/>
  </item>
  <item name="android.service.wearable.WearableSensingService void onValidatedByHotwordDetectionService()">
    <annotation name="androidx.annotation.BinderThread"/>
  </item>
</root>

