<?xml version="1.0" encoding="UTF-8"?>
<root>
  <item name="android.preference.CheckBoxPreference CheckBoxPreference(android.content.Context) 0">
    <annotation name="android.support.annotation.NonNull" />
  </item>
  <item name="android.preference.CheckBoxPreference CheckBoxPreference(android.content.Context, android.util.AttributeSet) 0">
    <annotation name="android.support.annotation.NonNull" />
  </item>
  <item name="android.preference.CheckBoxPreference CheckBoxPreference(android.content.Context, android.util.AttributeSet) 1">
    <annotation name="android.support.annotation.NonNull" />
  </item>
  <item name="android.preference.CheckBoxPreference CheckBoxPreference(android.content.Context, android.util.AttributeSet, int) 0">
    <annotation name="android.support.annotation.NonNull" />
  </item>
  <item name="android.preference.CheckBoxPreference CheckBoxPreference(android.content.Context, android.util.AttributeSet, int) 1">
    <annotation name="android.support.annotation.NonNull" />
  </item>
  <item name="android.preference.CheckBoxPreference void onBindView(android.view.View) 0">
    <annotation name="android.support.annotation.NonNull" />
  </item>
  <item name="android.preference.DialogPreference DialogPreference(android.content.Context, android.util.AttributeSet) 0">
    <annotation name="android.support.annotation.NonNull" />
  </item>
  <item name="android.preference.DialogPreference DialogPreference(android.content.Context, android.util.AttributeSet) 1">
    <annotation name="android.support.annotation.NonNull" />
  </item>
  <item name="android.preference.DialogPreference DialogPreference(android.content.Context, android.util.AttributeSet, int) 0">
    <annotation name="android.support.annotation.NonNull" />
  </item>
  <item name="android.preference.DialogPreference DialogPreference(android.content.Context, android.util.AttributeSet, int) 1">
    <annotation name="android.support.annotation.NonNull" />
  </item>
  <item name="android.preference.DialogPreference void onBindDialogView(android.view.View)">
    <annotation name="android.support.annotation.CallSuper" />
  </item>
  <item name="android.preference.DialogPreference void onBindDialogView(android.view.View) 0">
    <annotation name="android.support.annotation.NonNull" />
  </item>
  <item name="android.preference.DialogPreference void setDialogIcon(int) 0">
    <annotation name="android.support.annotation.DrawableRes" />
  </item>
  <item name="android.preference.DialogPreference void setNegativeButtonText(int) 0">
    <annotation name="android.support.annotation.StringRes" />
  </item>
  <item name="android.preference.DialogPreference void setPositiveButtonText(int) 0">
    <annotation name="android.support.annotation.StringRes" />
  </item>
  <item name="android.preference.EditTextPreference EditTextPreference(android.content.Context) 0">
    <annotation name="android.support.annotation.NonNull" />
  </item>
  <item name="android.preference.EditTextPreference EditTextPreference(android.content.Context, android.util.AttributeSet) 0">
    <annotation name="android.support.annotation.NonNull" />
  </item>
  <item name="android.preference.EditTextPreference EditTextPreference(android.content.Context, android.util.AttributeSet) 1">
    <annotation name="android.support.annotation.NonNull" />
  </item>
  <item name="android.preference.EditTextPreference EditTextPreference(android.content.Context, android.util.AttributeSet, int) 0">
    <annotation name="android.support.annotation.NonNull" />
  </item>
  <item name="android.preference.EditTextPreference EditTextPreference(android.content.Context, android.util.AttributeSet, int) 1">
    <annotation name="android.support.annotation.NonNull" />
  </item>
  <item name="android.preference.EditTextPreference java.lang.Object onGetDefaultValue(android.content.res.TypedArray, int) 0">
    <annotation name="android.support.annotation.NonNull" />
  </item>
  <item name="android.preference.EditTextPreference void onAddEditTextToDialogView(android.view.View, android.widget.EditText) 0">
    <annotation name="android.support.annotation.NonNull" />
  </item>
  <item name="android.preference.EditTextPreference void onAddEditTextToDialogView(android.view.View, android.widget.EditText) 1">
    <annotation name="android.support.annotation.NonNull" />
  </item>
  <item name="android.preference.EditTextPreference void onBindDialogView(android.view.View) 0">
    <annotation name="android.support.annotation.NonNull" />
  </item>
  <item name="android.preference.ListPreference ListPreference(android.content.Context) 0">
    <annotation name="android.support.annotation.NonNull" />
  </item>
  <item name="android.preference.ListPreference ListPreference(android.content.Context, android.util.AttributeSet) 0">
    <annotation name="android.support.annotation.NonNull" />
  </item>
  <item name="android.preference.ListPreference ListPreference(android.content.Context, android.util.AttributeSet) 1">
    <annotation name="android.support.annotation.NonNull" />
  </item>
  <item name="android.preference.ListPreference java.lang.Object onGetDefaultValue(android.content.res.TypedArray, int) 0">
    <annotation name="android.support.annotation.NonNull" />
  </item>
  <item name="android.preference.ListPreference void onPrepareDialogBuilder(android.app.AlertDialog.Builder) 0">
    <annotation name="android.support.annotation.NonNull" />
  </item>
  <item name="android.preference.ListPreference void setEntries(int) 0">
    <annotation name="android.support.annotation.ArrayRes" />
  </item>
  <item name="android.preference.ListPreference void setEntryValues(int) 0">
    <annotation name="android.support.annotation.ArrayRes" />
  </item>
  <item name="android.preference.MultiSelectListPreference MultiSelectListPreference(android.content.Context) 0">
    <annotation name="android.support.annotation.NonNull" />
  </item>
  <item name="android.preference.MultiSelectListPreference MultiSelectListPreference(android.content.Context, android.util.AttributeSet) 0">
    <annotation name="android.support.annotation.NonNull" />
  </item>
  <item name="android.preference.MultiSelectListPreference MultiSelectListPreference(android.content.Context, android.util.AttributeSet) 1">
    <annotation name="android.support.annotation.NonNull" />
  </item>
  <item name="android.preference.MultiSelectListPreference java.lang.Object onGetDefaultValue(android.content.res.TypedArray, int)">
    <annotation name="android.support.annotation.NonNull" />
  </item>
  <item name="android.preference.MultiSelectListPreference java.lang.Object onGetDefaultValue(android.content.res.TypedArray, int) 0">
    <annotation name="android.support.annotation.NonNull" />
  </item>
  <item name="android.preference.MultiSelectListPreference java.util.Set&lt;java.lang.String&gt; getValues()">
    <annotation name="android.support.annotation.NonNull" />
  </item>
  <item name="android.preference.MultiSelectListPreference void onPrepareDialogBuilder(android.app.AlertDialog.Builder) 0">
    <annotation name="android.support.annotation.NonNull" />
  </item>
  <item name="android.preference.MultiSelectListPreference void setEntries(int) 0">
    <annotation name="android.support.annotation.ArrayRes" />
  </item>
  <item name="android.preference.MultiSelectListPreference void setEntryValues(int) 0">
    <annotation name="android.support.annotation.ArrayRes" />
  </item>
  <item name="android.preference.MultiSelectListPreference void setValues(java.util.Set&lt;java.lang.String&gt;) 0">
    <annotation name="android.support.annotation.NonNull" />
  </item>
  <item name="android.preference.Preference Preference(android.content.Context) 0">
    <annotation name="android.support.annotation.NonNull" />
  </item>
  <item name="android.preference.Preference Preference(android.content.Context, android.util.AttributeSet) 0">
    <annotation name="android.support.annotation.NonNull" />
  </item>
  <item name="android.preference.Preference Preference(android.content.Context, android.util.AttributeSet) 1">
    <annotation name="android.support.annotation.NonNull" />
  </item>
  <item name="android.preference.Preference Preference(android.content.Context, android.util.AttributeSet, int) 0">
    <annotation name="android.support.annotation.NonNull" />
  </item>
  <item name="android.preference.Preference Preference(android.content.Context, android.util.AttributeSet, int) 1">
    <annotation name="android.support.annotation.NonNull" />
  </item>
  <item name="android.preference.Preference android.view.View onCreateView(android.view.ViewGroup)">
    <annotation name="android.support.annotation.CallSuper" />
  </item>
  <item name="android.preference.Preference int compareTo(android.preference.Preference) 0">
    <annotation name="android.support.annotation.NonNull" />
  </item>
  <item name="android.preference.Preference int getLayoutResource()">
    <annotation name="android.support.annotation.LayoutRes" />
  </item>
  <item name="android.preference.Preference int getTitleRes()">
    <annotation name="android.support.annotation.StringRes" />
  </item>
  <item name="android.preference.Preference int getWidgetLayoutResource()">
    <annotation name="android.support.annotation.LayoutRes" />
  </item>
  <item name="android.preference.Preference void onAttachedToHierarchy(android.preference.PreferenceManager) 0">
    <annotation name="android.support.annotation.NonNull" />
  </item>
  <item name="android.preference.Preference void onBindView(android.view.View)">
    <annotation name="android.support.annotation.CallSuper" />
  </item>
  <item name="android.preference.Preference void onBindView(android.view.View) 0">
    <annotation name="android.support.annotation.NonNull" />
  </item>
  <item name="android.preference.Preference void onPrepareForRemoval()">
    <annotation name="android.support.annotation.CallSuper" />
  </item>
  <item name="android.preference.Preference void restoreHierarchyState(android.os.Bundle) 0">
    <annotation name="android.support.annotation.NonNull" />
  </item>
  <item name="android.preference.Preference void saveHierarchyState(android.os.Bundle) 0">
    <annotation name="android.support.annotation.NonNull" />
  </item>
  <item name="android.preference.Preference void setIcon(int) 0">
    <annotation name="android.support.annotation.DrawableRes" />
  </item>
  <item name="android.preference.Preference void setLayoutResource(int) 0">
    <annotation name="android.support.annotation.LayoutRes" />
  </item>
  <item name="android.preference.Preference void setSummary(int) 0">
    <annotation name="android.support.annotation.StringRes" />
  </item>
  <item name="android.preference.Preference void setTitle(int) 0">
    <annotation name="android.support.annotation.StringRes" />
  </item>
  <item name="android.preference.Preference void setWidgetLayoutResource(int) 0">
    <annotation name="android.support.annotation.LayoutRes" />
  </item>
  <item name="android.preference.Preference.BaseSavedState BaseSavedState(android.os.Parcel) 0">
    <annotation name="android.support.annotation.NonNull" />
  </item>
  <item name="android.preference.PreferenceActivity android.content.Intent onBuildStartFragmentIntent(java.lang.String, android.os.Bundle, int, int) 2">
    <annotation name="android.support.annotation.StringRes" />
  </item>
  <item name="android.preference.PreferenceActivity boolean onPreferenceStartFragment(android.preference.PreferenceFragment, android.preference.Preference) 1">
    <annotation name="android.support.annotation.NonNull" />
  </item>
  <item name="android.preference.PreferenceActivity void loadHeadersFromResource(int, java.util.List&lt;android.preference.PreferenceActivity.Header&gt;) 0">
    <annotation name="android.support.annotation.XmlRes" />
  </item>
  <item name="android.preference.PreferenceActivity void loadHeadersFromResource(int, java.util.List&lt;android.preference.PreferenceActivity.Header&gt;) 1">
    <annotation name="android.support.annotation.NonNull" />
  </item>
  <item name="android.preference.PreferenceActivity void onCreate(android.os.Bundle) 0">
    <annotation name="android.support.annotation.Nullable" />
  </item>
  <item name="android.preference.PreferenceActivity void onHeaderClick(android.preference.PreferenceActivity.Header, int) 0">
    <annotation name="android.support.annotation.NonNull" />
  </item>
  <item name="android.preference.PreferenceActivity void onRestoreInstanceState(android.os.Bundle) 0">
    <annotation name="android.support.annotation.NonNull" />
  </item>
  <item name="android.preference.PreferenceActivity void onSaveInstanceState(android.os.Bundle) 0">
    <annotation name="android.support.annotation.NonNull" />
  </item>
  <item name="android.preference.PreferenceActivity void setListFooter(android.view.View) 0">
    <annotation name="android.support.annotation.NonNull" />
  </item>
  <item name="android.preference.PreferenceActivity void startPreferencePanel(java.lang.String, android.os.Bundle, int, java.lang.CharSequence, android.app.Fragment, int) 2">
    <annotation name="android.support.annotation.StringRes" />
  </item>
  <item name="android.preference.PreferenceActivity void startWithFragment(java.lang.String, android.os.Bundle, android.app.Fragment, int, int, int) 4">
    <annotation name="android.support.annotation.StringRes" />
  </item>
  <item name="android.preference.PreferenceActivity void startWithFragment(java.lang.String, android.os.Bundle, android.app.Fragment, int, int, int) 5">
    <annotation name="android.support.annotation.StringRes" />
  </item>
  <item name="android.preference.PreferenceActivity void switchToHeader(android.preference.PreferenceActivity.Header) 0">
    <annotation name="android.support.annotation.NonNull" />
  </item>
  <item name="android.preference.PreferenceActivity.Header breadCrumbShortTitleRes">
    <annotation name="android.support.annotation.StringRes" />
  </item>
  <item name="android.preference.PreferenceActivity.Header breadCrumbTitleRes">
    <annotation name="android.support.annotation.StringRes" />
  </item>
  <item name="android.preference.PreferenceActivity.Header java.lang.CharSequence getBreadCrumbShortTitle(android.content.res.Resources) 0">
    <annotation name="android.support.annotation.NonNull" />
  </item>
  <item name="android.preference.PreferenceActivity.Header java.lang.CharSequence getBreadCrumbTitle(android.content.res.Resources) 0">
    <annotation name="android.support.annotation.NonNull" />
  </item>
  <item name="android.preference.PreferenceActivity.Header java.lang.CharSequence getSummary(android.content.res.Resources) 0">
    <annotation name="android.support.annotation.NonNull" />
  </item>
  <item name="android.preference.PreferenceActivity.Header java.lang.CharSequence getTitle(android.content.res.Resources) 0">
    <annotation name="android.support.annotation.NonNull" />
  </item>
  <item name="android.preference.PreferenceActivity.Header summaryRes">
    <annotation name="android.support.annotation.StringRes" />
  </item>
  <item name="android.preference.PreferenceActivity.Header titleRes">
    <annotation name="android.support.annotation.StringRes" />
  </item>
  <item name="android.preference.PreferenceActivity.Header void readFromParcel(android.os.Parcel) 0">
    <annotation name="android.support.annotation.NonNull" />
  </item>
  <item name="android.preference.PreferenceActivity.Header void writeToParcel(android.os.Parcel, int) 0">
    <annotation name="android.support.annotation.NonNull" />
  </item>
  <item name="android.preference.PreferenceCategory PreferenceCategory(android.content.Context) 0">
    <annotation name="android.support.annotation.NonNull" />
  </item>
  <item name="android.preference.PreferenceCategory PreferenceCategory(android.content.Context, android.util.AttributeSet) 0">
    <annotation name="android.support.annotation.NonNull" />
  </item>
  <item name="android.preference.PreferenceCategory PreferenceCategory(android.content.Context, android.util.AttributeSet) 1">
    <annotation name="android.support.annotation.NonNull" />
  </item>
  <item name="android.preference.PreferenceCategory PreferenceCategory(android.content.Context, android.util.AttributeSet, int) 0">
    <annotation name="android.support.annotation.NonNull" />
  </item>
  <item name="android.preference.PreferenceCategory PreferenceCategory(android.content.Context, android.util.AttributeSet, int) 1">
    <annotation name="android.support.annotation.NonNull" />
  </item>
  <item name="android.preference.PreferenceFragment android.view.View onCreateView(android.view.LayoutInflater, android.view.ViewGroup, android.os.Bundle) 0">
    <annotation name="android.support.annotation.NonNull" />
  </item>
  <item name="android.preference.PreferenceFragment android.view.View onCreateView(android.view.LayoutInflater, android.view.ViewGroup, android.os.Bundle) 1">
    <annotation name="android.support.annotation.Nullable" />
  </item>
  <item name="android.preference.PreferenceFragment android.view.View onCreateView(android.view.LayoutInflater, android.view.ViewGroup, android.os.Bundle) 2">
    <annotation name="android.support.annotation.Nullable" />
  </item>
  <item name="android.preference.PreferenceFragment boolean onPreferenceTreeClick(android.preference.PreferenceScreen, android.preference.Preference) 1">
    <annotation name="android.support.annotation.NonNull" />
  </item>
  <item name="android.preference.PreferenceFragment void addPreferencesFromResource(int) 0">
    <annotation name="android.support.annotation.XmlRes" />
  </item>
  <item name="android.preference.PreferenceFragment void onActivityCreated(android.os.Bundle) 0">
    <annotation name="android.support.annotation.Nullable" />
  </item>
  <item name="android.preference.PreferenceFragment void onCreate(android.os.Bundle) 0">
    <annotation name="android.support.annotation.Nullable" />
  </item>
  <item name="android.preference.PreferenceFragment void onSaveInstanceState(android.os.Bundle) 0">
    <annotation name="android.support.annotation.NonNull" />
  </item>
  <item name="android.preference.PreferenceGroup PreferenceGroup(android.content.Context, android.util.AttributeSet) 0">
    <annotation name="android.support.annotation.NonNull" />
  </item>
  <item name="android.preference.PreferenceGroup PreferenceGroup(android.content.Context, android.util.AttributeSet) 1">
    <annotation name="android.support.annotation.NonNull" />
  </item>
  <item name="android.preference.PreferenceGroup PreferenceGroup(android.content.Context, android.util.AttributeSet, int) 0">
    <annotation name="android.support.annotation.NonNull" />
  </item>
  <item name="android.preference.PreferenceGroup PreferenceGroup(android.content.Context, android.util.AttributeSet, int) 1">
    <annotation name="android.support.annotation.NonNull" />
  </item>
  <item name="android.preference.PreferenceGroup boolean addPreference(android.preference.Preference) 0">
    <annotation name="android.support.annotation.NonNull" />
  </item>
  <item name="android.preference.PreferenceGroup boolean onPrepareAddPreference(android.preference.Preference) 0">
    <annotation name="android.support.annotation.NonNull" />
  </item>
  <item name="android.preference.PreferenceGroup boolean removePreference(android.preference.Preference) 0">
    <annotation name="android.support.annotation.NonNull" />
  </item>
  <item name="android.preference.PreferenceGroup void addItemFromInflater(android.preference.Preference) 0">
    <annotation name="android.support.annotation.NonNull" />
  </item>
  <item name="android.preference.PreferenceGroup void dispatchRestoreInstanceState(android.os.Bundle) 0">
    <annotation name="android.support.annotation.NonNull" />
  </item>
  <item name="android.preference.PreferenceGroup void dispatchSaveInstanceState(android.os.Bundle) 0">
    <annotation name="android.support.annotation.NonNull" />
  </item>
  <item name="android.preference.PreferenceManager android.content.SharedPreferences getDefaultSharedPreferences(android.content.Context) 0">
    <annotation name="android.support.annotation.NonNull" />
  </item>
  <item name="android.preference.PreferenceManager android.preference.PreferenceScreen createPreferenceScreen(android.content.Context) 0">
    <annotation name="android.support.annotation.NonNull" />
  </item>
  <item name="android.preference.PreferenceManager void setDefaultValues(android.content.Context, int, boolean) 0">
    <annotation name="android.support.annotation.NonNull" />
  </item>
  <item name="android.preference.PreferenceManager void setDefaultValues(android.content.Context, int, boolean) 1">
    <annotation name="android.support.annotation.XmlRes" />
  </item>
  <item name="android.preference.PreferenceManager void setDefaultValues(android.content.Context, java.lang.String, int, int, boolean) 0">
    <annotation name="android.support.annotation.NonNull" />
  </item>
  <item name="android.preference.PreferenceScreen android.widget.ListAdapter onCreateRootAdapter()">
    <annotation name="android.support.annotation.NonNull" />
  </item>
  <item name="android.preference.PreferenceScreen void bind(android.widget.ListView) 0">
    <annotation name="android.support.annotation.NonNull" />
  </item>
  <item name="android.preference.RingtonePreference RingtonePreference(android.content.Context) 0">
    <annotation name="android.support.annotation.NonNull" />
  </item>
  <item name="android.preference.RingtonePreference RingtonePreference(android.content.Context, android.util.AttributeSet) 0">
    <annotation name="android.support.annotation.NonNull" />
  </item>
  <item name="android.preference.RingtonePreference RingtonePreference(android.content.Context, android.util.AttributeSet) 1">
    <annotation name="android.support.annotation.NonNull" />
  </item>
  <item name="android.preference.RingtonePreference RingtonePreference(android.content.Context, android.util.AttributeSet, int) 0">
    <annotation name="android.support.annotation.NonNull" />
  </item>
  <item name="android.preference.RingtonePreference RingtonePreference(android.content.Context, android.util.AttributeSet, int) 1">
    <annotation name="android.support.annotation.NonNull" />
  </item>
  <item name="android.preference.RingtonePreference java.lang.Object onGetDefaultValue(android.content.res.TypedArray, int) 0">
    <annotation name="android.support.annotation.NonNull" />
  </item>
  <item name="android.preference.RingtonePreference void onAttachedToHierarchy(android.preference.PreferenceManager) 0">
    <annotation name="android.support.annotation.NonNull" />
  </item>
  <item name="android.preference.RingtonePreference void onPrepareRingtonePickerIntent(android.content.Intent) 0">
    <annotation name="android.support.annotation.NonNull" />
  </item>
  <item name="android.preference.SwitchPreference SwitchPreference(android.content.Context) 0">
    <annotation name="android.support.annotation.NonNull" />
  </item>
  <item name="android.preference.SwitchPreference SwitchPreference(android.content.Context, android.util.AttributeSet) 0">
    <annotation name="android.support.annotation.NonNull" />
  </item>
  <item name="android.preference.SwitchPreference SwitchPreference(android.content.Context, android.util.AttributeSet) 1">
    <annotation name="android.support.annotation.NonNull" />
  </item>
  <item name="android.preference.SwitchPreference SwitchPreference(android.content.Context, android.util.AttributeSet, int) 0">
    <annotation name="android.support.annotation.NonNull" />
  </item>
  <item name="android.preference.SwitchPreference SwitchPreference(android.content.Context, android.util.AttributeSet, int) 1">
    <annotation name="android.support.annotation.NonNull" />
  </item>
  <item name="android.preference.SwitchPreference void onBindView(android.view.View) 0">
    <annotation name="android.support.annotation.NonNull" />
  </item>
  <item name="android.preference.SwitchPreference void setSwitchTextOff(int) 0">
    <annotation name="android.support.annotation.StringRes" />
  </item>
  <item name="android.preference.SwitchPreference void setSwitchTextOn(int) 0">
    <annotation name="android.support.annotation.StringRes" />
  </item>
  <item name="android.preference.TwoStatePreference TwoStatePreference(android.content.Context) 0">
    <annotation name="android.support.annotation.NonNull" />
  </item>
  <item name="android.preference.TwoStatePreference TwoStatePreference(android.content.Context, android.util.AttributeSet) 0">
    <annotation name="android.support.annotation.NonNull" />
  </item>
  <item name="android.preference.TwoStatePreference TwoStatePreference(android.content.Context, android.util.AttributeSet) 1">
    <annotation name="android.support.annotation.NonNull" />
  </item>
  <item name="android.preference.TwoStatePreference TwoStatePreference(android.content.Context, android.util.AttributeSet, int) 0">
    <annotation name="android.support.annotation.NonNull" />
  </item>
  <item name="android.preference.TwoStatePreference TwoStatePreference(android.content.Context, android.util.AttributeSet, int) 1">
    <annotation name="android.support.annotation.NonNull" />
  </item>
  <item name="android.preference.TwoStatePreference java.lang.Object onGetDefaultValue(android.content.res.TypedArray, int) 0">
    <annotation name="android.support.annotation.NonNull" />
  </item>
  <item name="android.preference.TwoStatePreference void setSummaryOff(int) 0">
    <annotation name="android.support.annotation.StringRes" />
  </item>
  <item name="android.preference.TwoStatePreference void setSummaryOn(int) 0">
    <annotation name="android.support.annotation.StringRes" />
  </item>
</root>

