<?xml version="1.0" encoding="UTF-8"?>
<root>
  <item name="android.health.connect.HealthConnectDataState int getDataMigrationState()">
    <annotation name="androidx.annotation.IntDef">
      <val name="value" val="{android.health.connect.HealthConnectDataState.MIGRATION_STATE_IDLE, android.health.connect.HealthConnectDataState.MIGRATION_STATE_APP_UPGRADE_REQUIRED, android.health.connect.HealthConnectDataState.MIGRATION_STATE_MODULE_UPGRADE_REQUIRED, android.health.connect.HealthConnectDataState.MIGRATION_STATE_IN_PROGRESS, android.health.connect.HealthConnectDataState.MIGRATION_STATE_ALLOWED, android.health.connect.HealthConnectDataState.MIGRATION_STATE_COMPLETE}" />
    </annotation>
  </item>
  <item name="android.health.connect.HealthConnectDataState int getDataRestoreError()">
    <annotation name="androidx.annotation.IntDef">
      <val name="value" val="{android.health.connect.HealthConnectDataState.RESTORE_ERROR_NONE, android.health.connect.HealthConnectDataState.RESTORE_ERROR_UNKNOWN, android.health.connect.HealthConnectDataState.RESTORE_ERROR_FETCHING_DATA, android.health.connect.HealthConnectDataState.RESTORE_ERROR_VERSION_DIFF}" />
    </annotation>
  </item>
  <item name="android.health.connect.HealthConnectDataState int getDataRestoreState()">
    <annotation name="androidx.annotation.IntDef">
      <val name="value" val="{android.health.connect.HealthConnectDataState.RESTORE_STATE_IDLE, android.health.connect.HealthConnectDataState.RESTORE_STATE_PENDING, android.health.connect.HealthConnectDataState.RESTORE_STATE_IN_PROGRESS}" />
    </annotation>
  </item>
  <item name="android.health.connect.HealthConnectManager int getRecordRetentionPeriodInDays()">
    <annotation name="androidx.annotation.RequiresPermission">
      <val name="value" val="&quot;android.permission.MANAGE_HEALTH_DATA&quot;" />
    </annotation>
    <annotation name="androidx.annotation.IntRange">
      <val name="from" val="0" />
      <val name="to" val="7300" />
    </annotation>
  </item>
  <item name="android.health.connect.HealthConnectManager void deleteRecords(android.health.connect.DeleteUsingFiltersRequest, java.util.concurrent.Executor, android.os.OutcomeReceiver&lt;java.lang.Void,android.health.connect.HealthConnectException&gt;)">
    <annotation name="androidx.annotation.RequiresPermission">
      <val name="value" val="&quot;android.permission.MANAGE_HEALTH_PERMISSIONS&quot;" />
    </annotation>
  </item>
  <item name="android.health.connect.HealthConnectManager void fetchDataOriginsPriorityOrder(int, java.util.concurrent.Executor, android.os.OutcomeReceiver&lt;android.health.connect.FetchDataOriginsPriorityOrderResponse,android.health.connect.HealthConnectException&gt;)">
    <annotation name="androidx.annotation.RequiresPermission">
      <val name="value" val="&quot;android.permission.MANAGE_HEALTH_DATA&quot;" />
    </annotation>
  </item>
  <item name="android.health.connect.HealthConnectManager void fetchDataOriginsPriorityOrder(int, java.util.concurrent.Executor, android.os.OutcomeReceiver&lt;android.health.connect.FetchDataOriginsPriorityOrderResponse,android.health.connect.HealthConnectException&gt;) 0">
    <annotation name="androidx.annotation.IntDef">
      <val name="value" val="{android.health.connect.HealthDataCategory.UNKNOWN, android.health.connect.HealthDataCategory.ACTIVITY, android.health.connect.HealthDataCategory.BODY_MEASUREMENTS, android.health.connect.HealthDataCategory.CYCLE_TRACKING, android.health.connect.HealthDataCategory.NUTRITION, android.health.connect.HealthDataCategory.SLEEP, android.health.connect.HealthDataCategory.VITALS, android.health.connect.HealthDataCategory.WELLNESS}" />
    </annotation>
  </item>
  <item name="android.health.connect.HealthConnectManager void finishMigration(java.util.concurrent.Executor, android.os.OutcomeReceiver&lt;java.lang.Void,android.health.connect.migration.MigrationException&gt;)">
    <annotation name="androidx.annotation.RequiresPermission">
      <val name="value" val="&quot;android.permission.MIGRATE_HEALTH_CONNECT_DATA&quot;" />
    </annotation>
  </item>
  <item name="android.health.connect.HealthConnectManager void getContributorApplicationsInfo(java.util.concurrent.Executor, android.os.OutcomeReceiver&lt;android.health.connect.ApplicationInfoResponse,android.health.connect.HealthConnectException&gt;)">
    <annotation name="androidx.annotation.RequiresPermission">
      <val name="value" val="&quot;android.permission.MANAGE_HEALTH_DATA&quot;" />
    </annotation>
  </item>
  <item name="android.health.connect.HealthConnectManager void getHealthConnectDataState(java.util.concurrent.Executor, android.os.OutcomeReceiver&lt;android.health.connect.HealthConnectDataState,android.health.connect.HealthConnectException&gt;)">
    <annotation name="androidx.annotation.RequiresPermission">
      <val name="anyOf" val="{&quot;android.permission.MANAGE_HEALTH_DATA&quot;, &quot;android.permission.MIGRATE_HEALTH_CONNECT_DATA&quot;}" />
    </annotation>
  </item>
  <item name="android.health.connect.HealthConnectManager void insertMinDataMigrationSdkExtensionVersion(int, java.util.concurrent.Executor, android.os.OutcomeReceiver&lt;java.lang.Void,android.health.connect.migration.MigrationException&gt;)">
    <annotation name="androidx.annotation.RequiresPermission">
      <val name="value" val="&quot;android.permission.MIGRATE_HEALTH_CONNECT_DATA&quot;" />
    </annotation>
  </item>
  <item name="android.health.connect.HealthConnectManager void queryAccessLogs(java.util.concurrent.Executor, android.os.OutcomeReceiver&lt;java.util.List&lt;android.health.connect.accesslog.AccessLog&gt;,android.health.connect.HealthConnectException&gt;)">
    <annotation name="androidx.annotation.RequiresPermission">
      <val name="value" val="&quot;android.permission.MANAGE_HEALTH_DATA&quot;" />
    </annotation>
  </item>
  <item name="android.health.connect.HealthConnectManager void queryActivityDates(java.util.List&lt;java.lang.Class&lt;? extends android.health.connect.datatypes.Record&gt;&gt;, java.util.concurrent.Executor, android.os.OutcomeReceiver&lt;java.util.List&lt;java.time.LocalDate&gt;,android.health.connect.HealthConnectException&gt;)">
    <annotation name="androidx.annotation.RequiresPermission">
      <val name="value" val="&quot;android.permission.MANAGE_HEALTH_DATA&quot;" />
    </annotation>
  </item>
  <item name="android.health.connect.HealthConnectManager void queryAllRecordTypesInfo(java.util.concurrent.Executor, android.os.OutcomeReceiver&lt;java.util.Map&lt;java.lang.Class&lt;? extends android.health.connect.datatypes.Record&gt;,android.health.connect.RecordTypeInfoResponse&gt;,android.health.connect.HealthConnectException&gt;)">
    <annotation name="androidx.annotation.RequiresPermission">
      <val name="value" val="&quot;android.permission.MANAGE_HEALTH_DATA&quot;" />
    </annotation>
  </item>
  <item name="android.health.connect.HealthConnectManager void setRecordRetentionPeriodInDays(int, java.util.concurrent.Executor, android.os.OutcomeReceiver&lt;java.lang.Void,android.health.connect.HealthConnectException&gt;)">
    <annotation name="androidx.annotation.RequiresPermission">
      <val name="value" val="&quot;android.permission.MANAGE_HEALTH_DATA&quot;" />
    </annotation>
  </item>
  <item name="android.health.connect.HealthConnectManager void setRecordRetentionPeriodInDays(int, java.util.concurrent.Executor, android.os.OutcomeReceiver&lt;java.lang.Void,android.health.connect.HealthConnectException&gt;) 0">
    <annotation name="androidx.annotation.IntRange">
      <val name="from" val="0" />
      <val name="to" val="7300" />
    </annotation>
  </item>
  <item name="android.health.connect.HealthConnectManager void stageAllHealthConnectRemoteData(java.util.Map&lt;java.lang.String,android.os.ParcelFileDescriptor&gt;, java.util.concurrent.Executor, android.os.OutcomeReceiver&lt;java.lang.Void,android.health.connect.restore.StageRemoteDataException&gt;)">
    <annotation name="androidx.annotation.RequiresPermission">
      <val name="value" val="&quot;android.permission.STAGE_HEALTH_CONNECT_REMOTE_DATA&quot;" />
    </annotation>
  </item>
  <item name="android.health.connect.HealthConnectManager void startMigration(java.util.concurrent.Executor, android.os.OutcomeReceiver&lt;java.lang.Void,android.health.connect.migration.MigrationException&gt;)">
    <annotation name="androidx.annotation.RequiresPermission">
      <val name="value" val="&quot;android.permission.MIGRATE_HEALTH_CONNECT_DATA&quot;" />
    </annotation>
  </item>
  <item name="android.health.connect.HealthConnectManager void updateDataDownloadState(int)">
    <annotation name="androidx.annotation.RequiresPermission">
      <val name="value" val="&quot;android.permission.STAGE_HEALTH_CONNECT_REMOTE_DATA&quot;" />
    </annotation>
  </item>
  <item name="android.health.connect.HealthConnectManager void updateDataDownloadState(int) 0">
    <annotation name="androidx.annotation.IntDef">
      <val name="value" val="{android.health.connect.HealthConnectManager.DATA_DOWNLOAD_STATE_UNKNOWN, android.health.connect.HealthConnectManager.DATA_DOWNLOAD_STARTED, android.health.connect.HealthConnectManager.DATA_DOWNLOAD_RETRY, android.health.connect.HealthConnectManager.DATA_DOWNLOAD_FAILED, android.health.connect.HealthConnectManager.DATA_DOWNLOAD_COMPLETE}" />
    </annotation>
  </item>
  <item name="android.health.connect.HealthConnectManager void updateDataOriginPriorityOrder(android.health.connect.UpdateDataOriginPriorityOrderRequest, java.util.concurrent.Executor, android.os.OutcomeReceiver&lt;java.lang.Void,android.health.connect.HealthConnectException&gt;)">
    <annotation name="androidx.annotation.RequiresPermission">
      <val name="value" val="&quot;android.permission.MANAGE_HEALTH_DATA&quot;" />
    </annotation>
  </item>
  <item name="android.health.connect.HealthConnectManager void writeMigrationData(java.util.List&lt;android.health.connect.migration.MigrationEntity&gt;, java.util.concurrent.Executor, android.os.OutcomeReceiver&lt;java.lang.Void,android.health.connect.migration.MigrationException&gt;)">
    <annotation name="androidx.annotation.RequiresPermission">
      <val name="value" val="&quot;android.permission.MIGRATE_HEALTH_CONNECT_DATA&quot;" />
    </annotation>
  </item>
  <item name="android.health.connect.ReadMedicalResourcesRequest int getMedicalResourceType()">
    <annotation name="androidx.annotation.IntDef">
      <val name="value" val="{android.health.connect.datatypes.MedicalResource.MEDICAL_RESOURCE_TYPE_UNKNOWN, android.health.connect.datatypes.MedicalResource.MEDICAL_RESOURCE_TYPE_IMMUNIZATION}" />
    </annotation>
  </item>
  <item name="android.health.connect.ReadMedicalResourcesRequest int getPageSize()">
    <annotation name="androidx.annotation.IntRange">
      <val name="from" val="1" />
      <val name="to" val="5000" />
    </annotation>
  </item>
  <item name="android.health.connect.ReadMedicalResourcesRequest.Builder Builder(int) 0">
    <annotation name="androidx.annotation.IntDef">
      <val name="value" val="{android.health.connect.datatypes.MedicalResource.MEDICAL_RESOURCE_TYPE_UNKNOWN, android.health.connect.datatypes.MedicalResource.MEDICAL_RESOURCE_TYPE_IMMUNIZATION}" />
    </annotation>
  </item>
  <item name="android.health.connect.ReadMedicalResourcesRequest.Builder android.health.connect.ReadMedicalResourcesRequest.Builder setMedicalResourceType(int) 0">
    <annotation name="androidx.annotation.IntDef">
      <val name="value" val="{android.health.connect.datatypes.MedicalResource.MEDICAL_RESOURCE_TYPE_UNKNOWN, android.health.connect.datatypes.MedicalResource.MEDICAL_RESOURCE_TYPE_IMMUNIZATION}" />
    </annotation>
  </item>
  <item name="android.health.connect.ReadMedicalResourcesRequest.Builder android.health.connect.ReadMedicalResourcesRequest.Builder setPageSize(int) 0">
    <annotation name="androidx.annotation.IntRange">
      <val name="from" val="1" />
      <val name="to" val="5000" />
    </annotation>
  </item>
  <item name="android.health.connect.ReadRecordsRequestUsingFilters int getPageSize()">
    <annotation name="androidx.annotation.IntRange">
      <val name="from" val="1" />
      <val name="to" val="5000" />
    </annotation>
  </item>
  <item name="android.health.connect.ReadRecordsRequestUsingFilters.Builder android.health.connect.ReadRecordsRequestUsingFilters.Builder&lt;T&gt; setPageSize(int) 0">
    <annotation name="androidx.annotation.IntRange">
      <val name="from" val="1" />
      <val name="to" val="5000" />
    </annotation>
  </item>
  <item name="android.health.connect.RecordTypeInfoResponse int getDataCategory()">
    <annotation name="androidx.annotation.IntDef">
      <val name="value" val="{android.health.connect.HealthDataCategory.UNKNOWN, android.health.connect.HealthDataCategory.ACTIVITY, android.health.connect.HealthDataCategory.BODY_MEASUREMENTS, android.health.connect.HealthDataCategory.CYCLE_TRACKING, android.health.connect.HealthDataCategory.NUTRITION, android.health.connect.HealthDataCategory.SLEEP, android.health.connect.HealthDataCategory.VITALS, android.health.connect.HealthDataCategory.WELLNESS}" />
    </annotation>
  </item>
  <item name="android.health.connect.RecordTypeInfoResponse int getPermissionCategory()">
    <annotation name="androidx.annotation.IntDef">
      <val name="value" val="{android.health.connect.HealthPermissionCategory.UNKNOWN, android.health.connect.HealthPermissionCategory.ACTIVE_CALORIES_BURNED, android.health.connect.HealthPermissionCategory.DISTANCE, android.health.connect.HealthPermissionCategory.ELEVATION_GAINED, android.health.connect.HealthPermissionCategory.EXERCISE, android.health.connect.HealthPermissionCategory.FLOORS_CLIMBED, android.health.connect.HealthPermissionCategory.STEPS, android.health.connect.HealthPermissionCategory.TOTAL_CALORIES_BURNED, android.health.connect.HealthPermissionCategory.VO2_MAX, android.health.connect.HealthPermissionCategory.WHEELCHAIR_PUSHES, android.health.connect.HealthPermissionCategory.POWER, android.health.connect.HealthPermissionCategory.SPEED, android.health.connect.HealthPermissionCategory.BASAL_METABOLIC_RATE, android.health.connect.HealthPermissionCategory.BODY_FAT, android.health.connect.HealthPermissionCategory.BODY_WATER_MASS, android.health.connect.HealthPermissionCategory.BONE_MASS, android.health.connect.HealthPermissionCategory.HEIGHT, android.health.connect.HealthPermissionCategory.LEAN_BODY_MASS, android.health.connect.HealthPermissionCategory.WEIGHT, android.health.connect.HealthPermissionCategory.CERVICAL_MUCUS, android.health.connect.HealthPermissionCategory.MENSTRUATION, android.health.connect.HealthPermissionCategory.OVULATION_TEST, android.health.connect.HealthPermissionCategory.SEXUAL_ACTIVITY, android.health.connect.HealthPermissionCategory.INTERMENSTRUAL_BLEEDING, android.health.connect.HealthPermissionCategory.HYDRATION, android.health.connect.HealthPermissionCategory.NUTRITION, android.health.connect.HealthPermissionCategory.SLEEP, android.health.connect.HealthPermissionCategory.BASAL_BODY_TEMPERATURE, android.health.connect.HealthPermissionCategory.BLOOD_GLUCOSE, android.health.connect.HealthPermissionCategory.BLOOD_PRESSURE, android.health.connect.HealthPermissionCategory.BODY_TEMPERATURE, android.health.connect.HealthPermissionCategory.HEART_RATE, android.health.connect.HealthPermissionCategory.HEART_RATE_VARIABILITY, android.health.connect.HealthPermissionCategory.OXYGEN_SATURATION, android.health.connect.HealthPermissionCategory.RESPIRATORY_RATE, android.health.connect.HealthPermissionCategory.RESTING_HEART_RATE, android.health.connect.HealthPermissionCategory.SKIN_TEMPERATURE, android.health.connect.HealthPermissionCategory.PLANNED_EXERCISE, android.health.connect.HealthPermissionCategory.MINDFULNESS}" />
    </annotation>
  </item>
  <item name="android.health.connect.UpdateDataOriginPriorityOrderRequest UpdateDataOriginPriorityOrderRequest(java.util.List&lt;android.health.connect.datatypes.DataOrigin&gt;, int) 1">
    <annotation name="androidx.annotation.IntDef">
      <val name="value" val="{android.health.connect.HealthDataCategory.UNKNOWN, android.health.connect.HealthDataCategory.ACTIVITY, android.health.connect.HealthDataCategory.BODY_MEASUREMENTS, android.health.connect.HealthDataCategory.CYCLE_TRACKING, android.health.connect.HealthDataCategory.NUTRITION, android.health.connect.HealthDataCategory.SLEEP, android.health.connect.HealthDataCategory.VITALS, android.health.connect.HealthDataCategory.WELLNESS}" />
    </annotation>
  </item>
  <item name="android.health.connect.UpdateDataOriginPriorityOrderRequest int getDataCategory()">
    <annotation name="androidx.annotation.IntDef">
      <val name="value" val="{android.health.connect.HealthDataCategory.UNKNOWN, android.health.connect.HealthDataCategory.ACTIVITY, android.health.connect.HealthDataCategory.BODY_MEASUREMENTS, android.health.connect.HealthDataCategory.CYCLE_TRACKING, android.health.connect.HealthDataCategory.NUTRITION, android.health.connect.HealthDataCategory.SLEEP, android.health.connect.HealthDataCategory.VITALS, android.health.connect.HealthDataCategory.WELLNESS}" />
    </annotation>
  </item>
</root>

