<?xml version="1.0" encoding="UTF-8"?>
<root>
  <item name="android.net.wifi.aware.Characteristics int getSupportedCipherSuites()">
    <annotation name="androidx.annotation.IntDef">
      <val name="flag" val="true" />
      <val name="value" val="{android.net.wifi.aware.Characteristics.WIFI_AWARE_CIPHER_SUITE_NCS_SK_128, android.net.wifi.aware.Characteristics.WIFI_AWARE_CIPHER_SUITE_NCS_SK_256}" />
    </annotation>
  </item>
  <item name="android.net.wifi.aware.DiscoverySessionCallback void onServiceLost(android.net.wifi.aware.PeerHandle, int) 1">
    <annotation name="androidx.annotation.IntDef">
      <val name="value" val="{android.net.wifi.aware.WifiAwareManager.WIFI_AWARE_DISCOVERY_LOST_REASON_UNKNOWN, android.net.wifi.aware.WifiAwareManager.WIFI_AWARE_DISCOVERY_LOST_REASON_PEER_NOT_VISIBLE}" />
    </annotation>
  </item>
  <item name="android.net.wifi.aware.PublishConfig.Builder android.net.wifi.aware.PublishConfig.Builder setPublishType(int) 0">
    <annotation name="androidx.annotation.IntDef">
      <val name="value" val="{android.net.wifi.aware.PublishConfig.PUBLISH_TYPE_UNSOLICITED, android.net.wifi.aware.PublishConfig.PUBLISH_TYPE_SOLICITED}" />
    </annotation>
  </item>
  <item name="android.net.wifi.aware.SubscribeConfig.Builder android.net.wifi.aware.SubscribeConfig.Builder setSubscribeType(int) 0">
    <annotation name="androidx.annotation.IntDef">
      <val name="value" val="{android.net.wifi.aware.SubscribeConfig.SUBSCRIBE_TYPE_PASSIVE, android.net.wifi.aware.SubscribeConfig.SUBSCRIBE_TYPE_ACTIVE}" />
    </annotation>
  </item>
  <item name="android.net.wifi.aware.WifiAwareNetworkSpecifier.Builder android.net.wifi.aware.WifiAwareNetworkSpecifier.Builder setPort(int) 0">
    <annotation name="androidx.annotation.IntRange">
      <val name="from" val="0" />
      <val name="to" val="65535" />
    </annotation>
  </item>
  <item name="android.net.wifi.aware.WifiAwareNetworkSpecifier.Builder android.net.wifi.aware.WifiAwareNetworkSpecifier.Builder setTransportProtocol(int) 0">
    <annotation name="androidx.annotation.IntRange">
      <val name="from" val="0" />
      <val name="to" val="255" />
    </annotation>
  </item>
  <item name="android.net.wifi.aware.WifiAwareSession android.net.NetworkSpecifier createNetworkSpecifierOpen(int, byte[]) 0">
    <annotation name="androidx.annotation.IntDef">
      <val name="value" val="{android.net.wifi.aware.WifiAwareManager.WIFI_AWARE_DATA_PATH_ROLE_INITIATOR, android.net.wifi.aware.WifiAwareManager.WIFI_AWARE_DATA_PATH_ROLE_RESPONDER}" />
    </annotation>
  </item>
  <item name="android.net.wifi.aware.WifiAwareSession android.net.NetworkSpecifier createNetworkSpecifierPassphrase(int, byte[], java.lang.String) 0">
    <annotation name="androidx.annotation.IntDef">
      <val name="value" val="{android.net.wifi.aware.WifiAwareManager.WIFI_AWARE_DATA_PATH_ROLE_INITIATOR, android.net.wifi.aware.WifiAwareManager.WIFI_AWARE_DATA_PATH_ROLE_RESPONDER}" />
    </annotation>
  </item>
</root>

