<?xml version="1.0" encoding="UTF-8"?>
<root>
  <item name="android.service.persistentdata.PersistentDataBlockManager boolean getOemUnlockEnabled()">
    <annotation name="androidx.annotation.RequiresPermission">
      <val name="anyOf" val="{&quot;android.permission.READ_OEM_UNLOCK_STATE&quot;, &quot;android.permission.OEM_UNLOCK_STATE&quot;}" />
    </annotation>
  </item>
  <item name="android.service.persistentdata.PersistentDataBlockManager int getDataBlockSize()">
    <annotation name="androidx.annotation.RequiresPermission">
      <val name="value" val="&quot;android.permission.ACCESS_PDB_STATE&quot;" />
    </annotation>
  </item>
  <item name="android.service.persistentdata.PersistentDataBlockManager int getFlashLockState()">
    <annotation name="androidx.annotation.RequiresPermission">
      <val name="anyOf" val="{&quot;android.permission.READ_OEM_UNLOCK_STATE&quot;, &quot;android.permission.OEM_UNLOCK_STATE&quot;}" />
    </annotation>
    <annotation name="androidx.annotation.IntDef">
      <val name="value" val="{android.service.persistentdata.PersistentDataBlockManager.FLASH_LOCK_UNKNOWN, android.service.persistentdata.PersistentDataBlockManager.FLASH_LOCK_LOCKED, android.service.persistentdata.PersistentDataBlockManager.FLASH_LOCK_UNLOCKED}" />
    </annotation>
  </item>
  <item name="android.service.persistentdata.PersistentDataBlockManager java.lang.String getPersistentDataPackageName()">
    <annotation name="androidx.annotation.RequiresPermission">
      <val name="value" val="&quot;android.permission.ACCESS_PDB_STATE&quot;" />
    </annotation>
  </item>
  <item name="android.service.persistentdata.PersistentDataBlockManager void setOemUnlockEnabled(boolean)">
    <annotation name="androidx.annotation.RequiresPermission">
      <val name="value" val="&quot;android.permission.OEM_UNLOCK_STATE&quot;" />
    </annotation>
  </item>
  <item name="android.service.persistentdata.PersistentDataBlockManager void wipe()">
    <annotation name="androidx.annotation.RequiresPermission">
      <val name="value" val="&quot;android.permission.OEM_UNLOCK_STATE&quot;" />
    </annotation>
  </item>
</root>

