<?xml version="1.0" encoding="UTF-8"?>
<root>
  <item name="android.health.connect.accesslog.AccessLog int getOperationType()">
    <annotation name="androidx.annotation.IntDef">
      <val name="value" val="{android.health.connect.accesslog.AccessLog.OperationType.OPERATION_TYPE_UPSERT, android.health.connect.accesslog.AccessLog.OperationType.OPERATION_TYPE_DELETE, android.health.connect.accesslog.AccessLog.OperationType.OPERATION_TYPE_READ}" />
    </annotation>
  </item>
  <item name="android.health.connect.accesslog.AccessLog java.util.Set&lt;java.lang.Integer&gt; getMedicalResourceTypes()">
    <annotation name="androidx.annotation.IntDef">
      <val name="value" val="{android.health.connect.datatypes.MedicalResource.MEDICAL_RESOURCE_TYPE_UNKNOWN, android.health.connect.datatypes.MedicalResource.MEDICAL_RESOURCE_TYPE_ALLERGY_INTOLERANCE, android.health.connect.datatypes.MedicalResource.MEDICAL_RESOURCE_TYPE_IMMUNIZATION, android.health.connect.datatypes.MedicalResource.MEDICAL_RESOURCE_TYPE_LABORATORY_RESULTS, android.health.connect.datatypes.MedicalResource.MEDICAL_RESOURCE_TYPE_MEDICATIONS, android.health.connect.datatypes.MedicalResource.MEDICAL_RESOURCE_TYPE_PREGNANCY, android.health.connect.datatypes.MedicalResource.MEDICAL_RESOURCE_TYPE_PROBLEMS, android.health.connect.datatypes.MedicalResource.MEDICAL_RESOURCE_TYPE_PROCEDURES, android.health.connect.datatypes.MedicalResource.MEDICAL_RESOURCE_TYPE_SOCIAL_HISTORY, android.health.connect.datatypes.MedicalResource.MEDICAL_RESOURCE_TYPE_VITAL_SIGNS}" />
    </annotation>
  </item>
</root>

