<?xml version="1.0" encoding="UTF-8"?>
<root>
  <item name="android.database.ContentObserver void dispatchChange(boolean, android.net.Uri, int) 2">
    <annotation name="androidx.annotation.IntDef">
      <val name="flag" val="true" />
      <val name="value" val="{android.content.ContentResolver.NOTIFY_SYNC_TO_NETWORK, android.content.ContentResolver.NOTIFY_SKIP_NOTIFY_FOR_DESCENDANTS, android.content.ContentResolver.NOTIFY_INSERT, android.content.ContentResolver.NOTIFY_UPDATE, android.content.ContentResolver.NOTIFY_DELETE}" />
    </annotation>
  </item>
  <item name="android.database.ContentObserver void dispatchChange(boolean, java.util.Collection<android.net.Uri>, int) 2">
    <annotation name="androidx.annotation.IntDef">
      <val name="flag" val="true" />
      <val name="value" val="{android.content.ContentResolver.NOTIFY_SYNC_TO_NETWORK, android.content.ContentResolver.NOTIFY_SKIP_NOTIFY_FOR_DESCENDANTS, android.content.ContentResolver.NOTIFY_INSERT, android.content.ContentResolver.NOTIFY_UPDATE, android.content.ContentResolver.NOTIFY_DELETE}" />
    </annotation>
  </item>
  <item name="android.database.ContentObserver void onChange(boolean, android.net.Uri, int) 2">
    <annotation name="androidx.annotation.IntDef">
      <val name="flag" val="true" />
      <val name="value" val="{android.content.ContentResolver.NOTIFY_SYNC_TO_NETWORK, android.content.ContentResolver.NOTIFY_SKIP_NOTIFY_FOR_DESCENDANTS, android.content.ContentResolver.NOTIFY_INSERT, android.content.ContentResolver.NOTIFY_UPDATE, android.content.ContentResolver.NOTIFY_DELETE}" />
    </annotation>
  </item>
  <item name="android.database.ContentObserver void onChange(boolean, java.util.Collection<android.net.Uri>, int) 2">
    <annotation name="androidx.annotation.IntDef">
      <val name="flag" val="true" />
      <val name="value" val="{android.content.ContentResolver.NOTIFY_SYNC_TO_NETWORK, android.content.ContentResolver.NOTIFY_SKIP_NOTIFY_FOR_DESCENDANTS, android.content.ContentResolver.NOTIFY_INSERT, android.content.ContentResolver.NOTIFY_UPDATE, android.content.ContentResolver.NOTIFY_DELETE}" />
    </annotation>
  </item>
  <item name="android.database.Cursor boolean isNull(int) 0">
    <annotation name="androidx.annotation.IntRange">
      <val name="from" val="0" />
    </annotation>
  </item>
  <item name="android.database.Cursor boolean moveToPosition(int) 0">
    <annotation name="androidx.annotation.IntRange">
      <val name="from" val="-1" />
    </annotation>
  </item>
  <item name="android.database.Cursor byte[] getBlob(int) 0">
    <annotation name="androidx.annotation.IntRange">
      <val name="from" val="0" />
    </annotation>
  </item>
  <item name="android.database.Cursor double getDouble(int) 0">
    <annotation name="androidx.annotation.IntRange">
      <val name="from" val="0" />
    </annotation>
  </item>
  <item name="android.database.Cursor float getFloat(int) 0">
    <annotation name="androidx.annotation.IntRange">
      <val name="from" val="0" />
    </annotation>
  </item>
  <item name="android.database.Cursor int getColumnCount()">
    <annotation name="androidx.annotation.IntRange">
      <val name="from" val="0" />
    </annotation>
  </item>
  <item name="android.database.Cursor int getColumnIndex(java.lang.String)">
    <annotation name="androidx.annotation.IntRange">
      <val name="from" val="-1" />
    </annotation>
  </item>
  <item name="android.database.Cursor int getColumnIndexOrThrow(java.lang.String)">
    <annotation name="androidx.annotation.IntRange">
      <val name="from" val="0" />
    </annotation>
  </item>
  <item name="android.database.Cursor int getCount()">
    <annotation name="androidx.annotation.IntRange">
      <val name="from" val="0" />
    </annotation>
  </item>
  <item name="android.database.Cursor int getInt(int) 0">
    <annotation name="androidx.annotation.IntRange">
      <val name="from" val="0" />
    </annotation>
  </item>
  <item name="android.database.Cursor int getPosition()">
    <annotation name="androidx.annotation.IntRange">
      <val name="from" val="-1" />
    </annotation>
  </item>
  <item name="android.database.Cursor int getType(int)">
    <annotation name="androidx.annotation.IntDef">
      <val name="value" val="{android.database.Cursor.FIELD_TYPE_NULL, android.database.Cursor.FIELD_TYPE_INTEGER, android.database.Cursor.FIELD_TYPE_FLOAT, android.database.Cursor.FIELD_TYPE_STRING, android.database.Cursor.FIELD_TYPE_BLOB}" />
    </annotation>
  </item>
  <item name="android.database.Cursor int getType(int) 0">
    <annotation name="androidx.annotation.IntRange">
      <val name="from" val="0" />
    </annotation>
  </item>
  <item name="android.database.Cursor java.lang.String getColumnName(int) 0">
    <annotation name="androidx.annotation.IntRange">
      <val name="from" val="0" />
    </annotation>
  </item>
  <item name="android.database.Cursor java.lang.String getString(int) 0">
    <annotation name="androidx.annotation.IntRange">
      <val name="from" val="0" />
    </annotation>
  </item>
  <item name="android.database.Cursor long getLong(int) 0">
    <annotation name="androidx.annotation.IntRange">
      <val name="from" val="0" />
    </annotation>
  </item>
  <item name="android.database.Cursor short getShort(int) 0">
    <annotation name="androidx.annotation.IntRange">
      <val name="from" val="0" />
    </annotation>
  </item>
  <item name="android.database.Cursor void copyStringToBuffer(int, android.database.CharArrayBuffer) 0">
    <annotation name="androidx.annotation.IntRange">
      <val name="from" val="0" />
    </annotation>
  </item>
  <item name="android.database.CursorWindow boolean isBlob(int, int) 0">
    <annotation name="androidx.annotation.IntRange">
      <val name="from" val="0" />
    </annotation>
  </item>
  <item name="android.database.CursorWindow boolean isBlob(int, int) 1">
    <annotation name="androidx.annotation.IntRange">
      <val name="from" val="0" />
    </annotation>
  </item>
  <item name="android.database.CursorWindow boolean isFloat(int, int) 0">
    <annotation name="androidx.annotation.IntRange">
      <val name="from" val="0" />
    </annotation>
  </item>
  <item name="android.database.CursorWindow boolean isFloat(int, int) 1">
    <annotation name="androidx.annotation.IntRange">
      <val name="from" val="0" />
    </annotation>
  </item>
  <item name="android.database.CursorWindow boolean isLong(int, int) 0">
    <annotation name="androidx.annotation.IntRange">
      <val name="from" val="0" />
    </annotation>
  </item>
  <item name="android.database.CursorWindow boolean isLong(int, int) 1">
    <annotation name="androidx.annotation.IntRange">
      <val name="from" val="0" />
    </annotation>
  </item>
  <item name="android.database.CursorWindow boolean isNull(int, int) 0">
    <annotation name="androidx.annotation.IntRange">
      <val name="from" val="0" />
    </annotation>
  </item>
  <item name="android.database.CursorWindow boolean isNull(int, int) 1">
    <annotation name="androidx.annotation.IntRange">
      <val name="from" val="0" />
    </annotation>
  </item>
  <item name="android.database.CursorWindow boolean isString(int, int) 0">
    <annotation name="androidx.annotation.IntRange">
      <val name="from" val="0" />
    </annotation>
  </item>
  <item name="android.database.CursorWindow boolean isString(int, int) 1">
    <annotation name="androidx.annotation.IntRange">
      <val name="from" val="0" />
    </annotation>
  </item>
  <item name="android.database.CursorWindow boolean putBlob(byte[], int, int) 1">
    <annotation name="androidx.annotation.IntRange">
      <val name="from" val="0" />
    </annotation>
  </item>
  <item name="android.database.CursorWindow boolean putBlob(byte[], int, int) 2">
    <annotation name="androidx.annotation.IntRange">
      <val name="from" val="0" />
    </annotation>
  </item>
  <item name="android.database.CursorWindow boolean putDouble(double, int, int) 1">
    <annotation name="androidx.annotation.IntRange">
      <val name="from" val="0" />
    </annotation>
  </item>
  <item name="android.database.CursorWindow boolean putDouble(double, int, int) 2">
    <annotation name="androidx.annotation.IntRange">
      <val name="from" val="0" />
    </annotation>
  </item>
  <item name="android.database.CursorWindow boolean putLong(long, int, int) 1">
    <annotation name="androidx.annotation.IntRange">
      <val name="from" val="0" />
    </annotation>
  </item>
  <item name="android.database.CursorWindow boolean putLong(long, int, int) 2">
    <annotation name="androidx.annotation.IntRange">
      <val name="from" val="0" />
    </annotation>
  </item>
  <item name="android.database.CursorWindow boolean putNull(int, int) 0">
    <annotation name="androidx.annotation.IntRange">
      <val name="from" val="0" />
    </annotation>
  </item>
  <item name="android.database.CursorWindow boolean putNull(int, int) 1">
    <annotation name="androidx.annotation.IntRange">
      <val name="from" val="0" />
    </annotation>
  </item>
  <item name="android.database.CursorWindow boolean putString(java.lang.String, int, int) 1">
    <annotation name="androidx.annotation.IntRange">
      <val name="from" val="0" />
    </annotation>
  </item>
  <item name="android.database.CursorWindow boolean putString(java.lang.String, int, int) 2">
    <annotation name="androidx.annotation.IntRange">
      <val name="from" val="0" />
    </annotation>
  </item>
  <item name="android.database.CursorWindow boolean setNumColumns(int) 0">
    <annotation name="androidx.annotation.IntRange">
      <val name="from" val="0" />
    </annotation>
  </item>
  <item name="android.database.CursorWindow byte[] getBlob(int, int) 0">
    <annotation name="androidx.annotation.IntRange">
      <val name="from" val="0" />
    </annotation>
  </item>
  <item name="android.database.CursorWindow byte[] getBlob(int, int) 1">
    <annotation name="androidx.annotation.IntRange">
      <val name="from" val="0" />
    </annotation>
  </item>
  <item name="android.database.CursorWindow double getDouble(int, int) 0">
    <annotation name="androidx.annotation.IntRange">
      <val name="from" val="0" />
    </annotation>
  </item>
  <item name="android.database.CursorWindow double getDouble(int, int) 1">
    <annotation name="androidx.annotation.IntRange">
      <val name="from" val="0" />
    </annotation>
  </item>
  <item name="android.database.CursorWindow float getFloat(int, int) 0">
    <annotation name="androidx.annotation.IntRange">
      <val name="from" val="0" />
    </annotation>
  </item>
  <item name="android.database.CursorWindow float getFloat(int, int) 1">
    <annotation name="androidx.annotation.IntRange">
      <val name="from" val="0" />
    </annotation>
  </item>
  <item name="android.database.CursorWindow int getInt(int, int) 0">
    <annotation name="androidx.annotation.IntRange">
      <val name="from" val="0" />
    </annotation>
  </item>
  <item name="android.database.CursorWindow int getInt(int, int) 1">
    <annotation name="androidx.annotation.IntRange">
      <val name="from" val="0" />
    </annotation>
  </item>
  <item name="android.database.CursorWindow int getNumRows()">
    <annotation name="androidx.annotation.IntRange">
      <val name="from" val="0" />
    </annotation>
  </item>
  <item name="android.database.CursorWindow int getStartPosition()">
    <annotation name="androidx.annotation.IntRange">
      <val name="from" val="0" />
    </annotation>
  </item>
  <item name="android.database.CursorWindow int getType(int, int)">
    <annotation name="androidx.annotation.IntDef">
      <val name="value" val="{android.database.Cursor.FIELD_TYPE_NULL, android.database.Cursor.FIELD_TYPE_INTEGER, android.database.Cursor.FIELD_TYPE_FLOAT, android.database.Cursor.FIELD_TYPE_STRING, android.database.Cursor.FIELD_TYPE_BLOB}" />
    </annotation>
  </item>
  <item name="android.database.CursorWindow int getType(int, int) 0">
    <annotation name="androidx.annotation.IntRange">
      <val name="from" val="0" />
    </annotation>
  </item>
  <item name="android.database.CursorWindow int getType(int, int) 1">
    <annotation name="androidx.annotation.IntRange">
      <val name="from" val="0" />
    </annotation>
  </item>
  <item name="android.database.CursorWindow java.lang.String getString(int, int) 0">
    <annotation name="androidx.annotation.IntRange">
      <val name="from" val="0" />
    </annotation>
  </item>
  <item name="android.database.CursorWindow java.lang.String getString(int, int) 1">
    <annotation name="androidx.annotation.IntRange">
      <val name="from" val="0" />
    </annotation>
  </item>
  <item name="android.database.CursorWindow long getLong(int, int) 0">
    <annotation name="androidx.annotation.IntRange">
      <val name="from" val="0" />
    </annotation>
  </item>
  <item name="android.database.CursorWindow long getLong(int, int) 1">
    <annotation name="androidx.annotation.IntRange">
      <val name="from" val="0" />
    </annotation>
  </item>
  <item name="android.database.CursorWindow short getShort(int, int) 0">
    <annotation name="androidx.annotation.IntRange">
      <val name="from" val="0" />
    </annotation>
  </item>
  <item name="android.database.CursorWindow short getShort(int, int) 1">
    <annotation name="androidx.annotation.IntRange">
      <val name="from" val="0" />
    </annotation>
  </item>
  <item name="android.database.CursorWindow void copyStringToBuffer(int, int, android.database.CharArrayBuffer) 0">
    <annotation name="androidx.annotation.IntRange">
      <val name="from" val="0" />
    </annotation>
  </item>
  <item name="android.database.CursorWindow void copyStringToBuffer(int, int, android.database.CharArrayBuffer) 1">
    <annotation name="androidx.annotation.IntRange">
      <val name="from" val="0" />
    </annotation>
  </item>
  <item name="android.database.CursorWindow void setStartPosition(int) 0">
    <annotation name="androidx.annotation.IntRange">
      <val name="from" val="0" />
    </annotation>
  </item>
</root>

