<?xml version="1.0" encoding="UTF-8"?>
<root>
  <item name="android.app.contextualsearch.ContextualSearchManager void startContextualSearch(int)">
    <annotation name="androidx.annotation.RequiresPermission">
      <val name="value" val="&quot;android.permission.ACCESS_CONTEXTUAL_SEARCH&quot;" />
    </annotation>
  </item>
  <item name="android.app.contextualsearch.ContextualSearchManager void startContextualSearch(int) 0">
    <annotation name="androidx.annotation.IntDef">
      <val name="value" val="{android.app.contextualsearch.ContextualSearchManager.ENTRYPOINT_LONG_PRESS_NAV_HANDLE, android.app.contextualsearch.ContextualSearchManager.ENTRYPOINT_LONG_PRESS_HOME, android.app.contextualsearch.ContextualSearchManager.ENTRYPOINT_LONG_PRESS_OVERVIEW, android.app.contextualsearch.ContextualSearchManager.ENTRYPOINT_OVERVIEW_ACTION, android.app.contextualsearch.ContextualSearchManager.ENTRYPOINT_OVERVIEW_MENU, android.app.contextualsearch.ContextualSearchManager.ENTRYPOINT_SYSTEM_ACTION, android.app.contextualsearch.ContextualSearchManager.ENTRYPOINT_LONG_PRESS_META}" />
    </annotation>
  </item>
</root>

