<?xml version="1.0" encoding="UTF-8"?>
<root>
  <item name="android.os.AsyncTask Result doInBackground(Params...)">
    <annotation name="androidx.annotation.WorkerThread"/>
  </item>
  <item name="android.os.AsyncTask android.os.AsyncTask&lt;Params,Progress,Result&gt; execute(Params...)">
    <annotation name="androidx.annotation.MainThread"/>
  </item>
  <item name="android.os.AsyncTask android.os.AsyncTask&lt;Params,Progress,Result&gt; executeOnExecutor(java.util.concurrent.Executor, Params...)">
    <annotation name="androidx.annotation.MainThread"/>
  </item>
  <item name="android.os.AsyncTask void execute(java.lang.Runnable)">
    <annotation name="androidx.annotation.MainThread"/>
  </item>
  <item name="android.os.AsyncTask void onCancelled()">
    <annotation name="androidx.annotation.MainThread"/>
  </item>
  <item name="android.os.AsyncTask void onCancelled(Result)">
    <annotation name="androidx.annotation.MainThread"/>
  </item>
  <item name="android.os.AsyncTask void onPostExecute(Result)">
    <annotation name="androidx.annotation.MainThread"/>
  </item>
  <item name="android.os.AsyncTask void onPreExecute()">
    <annotation name="androidx.annotation.MainThread"/>
  </item>
  <item name="android.os.AsyncTask void onProgressUpdate(Progress...)">
    <annotation name="androidx.annotation.MainThread"/>
  </item>
  <item name="android.os.AsyncTask void publishProgress(Progress...)">
    <annotation name="androidx.annotation.WorkerThread"/>
  </item>
  <item name="android.os.BatteryManager BATTERY_PROPERTY_CHARGING_POLICY">
    <annotation name="androidx.annotation.RequiresPermission">
      <val name="value" val="&quot;android.permission.BATTERY_STATS&quot;" />
    </annotation>
  </item>
  <item name="android.os.BatteryManager BATTERY_PROPERTY_FIRST_USAGE_DATE">
    <annotation name="androidx.annotation.RequiresPermission">
      <val name="value" val="&quot;android.permission.BATTERY_STATS&quot;" />
    </annotation>
  </item>
  <item name="android.os.BatteryManager BATTERY_PROPERTY_MANUFACTURING_DATE">
    <annotation name="androidx.annotation.RequiresPermission">
      <val name="value" val="&quot;android.permission.BATTERY_STATS&quot;" />
    </annotation>
  </item>
  <item name="android.os.BatteryManager BATTERY_PROPERTY_STATE_OF_HEALTH">
    <annotation name="androidx.annotation.RequiresPermission">
      <val name="value" val="&quot;android.permission.BATTERY_STATS&quot;" />
    </annotation>
  </item>
  <item name="android.os.BatteryManager boolean setChargingStateUpdateDelayMillis(int)">
    <annotation name="androidx.annotation.RequiresPermission">
      <val name="value" val="&quot;android.permission.POWER_SAVER&quot;" />
    </annotation>
  </item>
  <item name="android.os.BatterySaverPolicyConfig int getSoundTriggerMode()">
    <annotation name="androidx.annotation.IntDef">
      <val name="value" val="{android.os.PowerManager.SOUND_TRIGGER_MODE_ALL_ENABLED, android.os.PowerManager.SOUND_TRIGGER_MODE_CRITICAL_ONLY, android.os.PowerManager.SOUND_TRIGGER_MODE_ALL_DISABLED}" />
    </annotation>
  </item>
  <item name="android.os.BatterySaverPolicyConfig.Builder android.os.BatterySaverPolicyConfig.Builder setLocationMode(int) 0">
    <annotation name="androidx.annotation.IntDef">
      <val name="value" val="{android.os.PowerManager.LOCATION_MODE_NO_CHANGE, android.os.PowerManager.LOCATION_MODE_GPS_DISABLED_WHEN_SCREEN_OFF, android.os.PowerManager.LOCATION_MODE_ALL_DISABLED_WHEN_SCREEN_OFF, android.os.PowerManager.LOCATION_MODE_FOREGROUND_ONLY, android.os.PowerManager.LOCATION_MODE_THROTTLE_REQUESTS_WHEN_SCREEN_OFF}" />
    </annotation>
  </item>
  <item name="android.os.BatterySaverPolicyConfig.Builder android.os.BatterySaverPolicyConfig.Builder setSoundTriggerMode(int) 0">
    <annotation name="androidx.annotation.IntDef">
      <val name="value" val="{android.os.PowerManager.SOUND_TRIGGER_MODE_ALL_ENABLED, android.os.PowerManager.SOUND_TRIGGER_MODE_CRITICAL_ONLY, android.os.PowerManager.SOUND_TRIGGER_MODE_ALL_DISABLED}" />
    </annotation>
  </item>
  <item name="android.os.BatteryStatsManager android.os.connectivity.CellularBatteryStats getCellularBatteryStats()">
    <annotation name="androidx.annotation.RequiresPermission">
      <val name="anyOf" val="{&quot;android.permission.BATTERY_STATS&quot;, &quot;android.permission.UPDATE_DEVICE_STATS&quot;}" />
    </annotation>
  </item>
  <item name="android.os.BatteryStatsManager android.os.connectivity.WifiBatteryStats getWifiBatteryStats()">
    <annotation name="androidx.annotation.RequiresPermission">
      <val name="anyOf" val="{&quot;android.permission.BATTERY_STATS&quot;, &quot;android.permission.UPDATE_DEVICE_STATS&quot;}" />
    </annotation>
  </item>
  <item name="android.os.BatteryStatsManager void reportBleScanReset()">
    <annotation name="androidx.annotation.RequiresPermission">
      <val name="value" val="&quot;android.permission.UPDATE_DEVICE_STATS&quot;" />
    </annotation>
  </item>
  <item name="android.os.BatteryStatsManager void reportBleScanResults(android.os.WorkSource, int)">
    <annotation name="androidx.annotation.RequiresPermission">
      <val name="value" val="&quot;android.permission.UPDATE_DEVICE_STATS&quot;" />
    </annotation>
  </item>
  <item name="android.os.BatteryStatsManager void reportBleScanStarted(android.os.WorkSource, boolean)">
    <annotation name="androidx.annotation.RequiresPermission">
      <val name="value" val="&quot;android.permission.UPDATE_DEVICE_STATS&quot;" />
    </annotation>
  </item>
  <item name="android.os.BatteryStatsManager void reportBleScanStopped(android.os.WorkSource, boolean)">
    <annotation name="androidx.annotation.RequiresPermission">
      <val name="value" val="&quot;android.permission.UPDATE_DEVICE_STATS&quot;" />
    </annotation>
  </item>
  <item name="android.os.BatteryStatsManager void reportBluetoothOff(int, int, java.lang.String)">
    <annotation name="androidx.annotation.RequiresPermission">
      <val name="value" val="&quot;android.permission.BLUETOOTH_CONNECT&quot;" />
    </annotation>
  </item>
  <item name="android.os.BatteryStatsManager void reportBluetoothOn(int, int, java.lang.String)">
    <annotation name="androidx.annotation.RequiresPermission">
      <val name="value" val="&quot;android.permission.BLUETOOTH_CONNECT&quot;" />
    </annotation>
  </item>
  <item name="android.os.BatteryStatsManager void reportFullWifiLockAcquiredFromSource(android.os.WorkSource)">
    <annotation name="androidx.annotation.RequiresPermission">
      <val name="value" val="&quot;android.permission.UPDATE_DEVICE_STATS&quot;" />
    </annotation>
  </item>
  <item name="android.os.BatteryStatsManager void reportFullWifiLockReleasedFromSource(android.os.WorkSource)">
    <annotation name="androidx.annotation.RequiresPermission">
      <val name="value" val="&quot;android.permission.UPDATE_DEVICE_STATS&quot;" />
    </annotation>
  </item>
  <item name="android.os.BatteryStatsManager void reportMobileRadioPowerState(boolean, int)">
    <annotation name="androidx.annotation.RequiresPermission">
      <val name="value" val="&quot;android.permission.UPDATE_DEVICE_STATS&quot;" />
    </annotation>
  </item>
  <item name="android.os.BatteryStatsManager void reportNetworkInterfaceForTransports(java.lang.String, int[])">
    <annotation name="androidx.annotation.RequiresPermission">
      <val name="anyOf" val="{&quot;android.permission.MAINLINE_NETWORK_STACK&quot;, &quot;android.permission.NETWORK_STACK&quot;}" />
    </annotation>
  </item>
  <item name="android.os.BatteryStatsManager void reportWifiBatchedScanStartedFromSource(android.os.WorkSource, int)">
    <annotation name="androidx.annotation.RequiresPermission">
      <val name="value" val="&quot;android.permission.UPDATE_DEVICE_STATS&quot;" />
    </annotation>
  </item>
  <item name="android.os.BatteryStatsManager void reportWifiBatchedScanStartedFromSource(android.os.WorkSource, int) 1">
    <annotation name="androidx.annotation.IntRange">
      <val name="from" val="0" />
    </annotation>
  </item>
  <item name="android.os.BatteryStatsManager void reportWifiBatchedScanStoppedFromSource(android.os.WorkSource)">
    <annotation name="androidx.annotation.RequiresPermission">
      <val name="value" val="&quot;android.permission.UPDATE_DEVICE_STATS&quot;" />
    </annotation>
  </item>
  <item name="android.os.BatteryStatsManager void reportWifiMulticastDisabled(android.os.WorkSource)">
    <annotation name="androidx.annotation.RequiresPermission">
      <val name="value" val="&quot;android.permission.UPDATE_DEVICE_STATS&quot;" />
    </annotation>
  </item>
  <item name="android.os.BatteryStatsManager void reportWifiMulticastEnabled(android.os.WorkSource)">
    <annotation name="androidx.annotation.RequiresPermission">
      <val name="value" val="&quot;android.permission.UPDATE_DEVICE_STATS&quot;" />
    </annotation>
  </item>
  <item name="android.os.BatteryStatsManager void reportWifiOff()">
    <annotation name="androidx.annotation.RequiresPermission">
      <val name="value" val="&quot;android.permission.UPDATE_DEVICE_STATS&quot;" />
    </annotation>
  </item>
  <item name="android.os.BatteryStatsManager void reportWifiOn()">
    <annotation name="androidx.annotation.RequiresPermission">
      <val name="value" val="&quot;android.permission.UPDATE_DEVICE_STATS&quot;" />
    </annotation>
  </item>
  <item name="android.os.BatteryStatsManager void reportWifiRadioPowerState(boolean, int)">
    <annotation name="androidx.annotation.RequiresPermission">
      <val name="value" val="&quot;android.permission.UPDATE_DEVICE_STATS&quot;" />
    </annotation>
  </item>
  <item name="android.os.BatteryStatsManager void reportWifiRssiChanged(int)">
    <annotation name="androidx.annotation.RequiresPermission">
      <val name="value" val="&quot;android.permission.UPDATE_DEVICE_STATS&quot;" />
    </annotation>
  </item>
  <item name="android.os.BatteryStatsManager void reportWifiRssiChanged(int) 0">
    <annotation name="androidx.annotation.IntRange">
      <val name="from" val="-127" />
      <val name="to" val="0" />
    </annotation>
  </item>
  <item name="android.os.BatteryStatsManager void reportWifiScanStartedFromSource(android.os.WorkSource)">
    <annotation name="androidx.annotation.RequiresPermission">
      <val name="value" val="&quot;android.permission.UPDATE_DEVICE_STATS&quot;" />
    </annotation>
  </item>
  <item name="android.os.BatteryStatsManager void reportWifiScanStoppedFromSource(android.os.WorkSource)">
    <annotation name="androidx.annotation.RequiresPermission">
      <val name="value" val="&quot;android.permission.UPDATE_DEVICE_STATS&quot;" />
    </annotation>
  </item>
  <item name="android.os.BatteryStatsManager void reportWifiState(int, java.lang.String)">
    <annotation name="androidx.annotation.RequiresPermission">
      <val name="value" val="&quot;android.permission.UPDATE_DEVICE_STATS&quot;" />
    </annotation>
  </item>
  <item name="android.os.BatteryStatsManager void reportWifiState(int, java.lang.String) 0">
    <annotation name="androidx.annotation.IntDef">
      <val name="value" val="{android.os.BatteryStatsManager.WIFI_STATE_OFF, android.os.BatteryStatsManager.WIFI_STATE_OFF_SCANNING, android.os.BatteryStatsManager.WIFI_STATE_ON_NO_NETWORKS, android.os.BatteryStatsManager.WIFI_STATE_ON_DISCONNECTED, android.os.BatteryStatsManager.WIFI_STATE_ON_CONNECTED_STA, android.os.BatteryStatsManager.WIFI_STATE_ON_CONNECTED_P2P, android.os.BatteryStatsManager.WIFI_STATE_ON_CONNECTED_STA_P2P, android.os.BatteryStatsManager.WIFI_STATE_SOFT_AP}" />
    </annotation>
  </item>
  <item name="android.os.BatteryStatsManager void reportWifiSupplicantStateChanged(int, boolean)">
    <annotation name="androidx.annotation.RequiresPermission">
      <val name="value" val="&quot;android.permission.UPDATE_DEVICE_STATS&quot;" />
    </annotation>
  </item>
  <item name="android.os.BatteryStatsManager void reportWifiSupplicantStateChanged(int, boolean) 0">
    <annotation name="androidx.annotation.IntDef">
      <val name="value" val="{android.os.BatteryStatsManager.WIFI_SUPPL_STATE_INVALID, android.os.BatteryStatsManager.WIFI_SUPPL_STATE_DISCONNECTED, android.os.BatteryStatsManager.WIFI_SUPPL_STATE_INTERFACE_DISABLED, android.os.BatteryStatsManager.WIFI_SUPPL_STATE_INACTIVE, android.os.BatteryStatsManager.WIFI_SUPPL_STATE_SCANNING, android.os.BatteryStatsManager.WIFI_SUPPL_STATE_AUTHENTICATING, android.os.BatteryStatsManager.WIFI_SUPPL_STATE_ASSOCIATING, android.os.BatteryStatsManager.WIFI_SUPPL_STATE_ASSOCIATED, android.os.BatteryStatsManager.WIFI_SUPPL_STATE_FOUR_WAY_HANDSHAKE, android.os.BatteryStatsManager.WIFI_SUPPL_STATE_GROUP_HANDSHAKE, android.os.BatteryStatsManager.WIFI_SUPPL_STATE_COMPLETED, android.os.BatteryStatsManager.WIFI_SUPPL_STATE_DORMANT, android.os.BatteryStatsManager.WIFI_SUPPL_STATE_UNINITIALIZED}" />
    </annotation>
  </item>
  <item name="android.os.BugreportManager void cancelBugreport()">
    <annotation name="androidx.annotation.WorkerThread"/>
  </item>
  <item name="android.os.BugreportManager void requestBugreport(android.os.BugreportParams, java.lang.CharSequence, java.lang.CharSequence)">
    <annotation name="androidx.annotation.RequiresPermission">
      <val name="value" val="&quot;android.permission.DUMP&quot;" />
    </annotation>
  </item>
  <item name="android.os.BugreportManager void startBugreport(android.os.ParcelFileDescriptor, android.os.ParcelFileDescriptor, android.os.BugreportParams, java.util.concurrent.Executor, android.os.BugreportManager.BugreportCallback)">
    <annotation name="androidx.annotation.RequiresPermission">
      <val name="value" val="&quot;android.permission.DUMP&quot;" />
    </annotation>
    <annotation name="androidx.annotation.WorkerThread"/>
  </item>
  <item name="android.os.BugreportManager void startConnectivityBugreport(android.os.ParcelFileDescriptor, java.util.concurrent.Executor, android.os.BugreportManager.BugreportCallback)">
    <annotation name="androidx.annotation.WorkerThread"/>
  </item>
  <item name="android.os.BugreportManager.BugreportCallback void onError(int) 0">
    <annotation name="androidx.annotation.IntDef">
      <val name="value" val="{android.os.BugreportManager.BugreportCallback.BUGREPORT_ERROR_INVALID_INPUT, android.os.BugreportManager.BugreportCallback.BUGREPORT_ERROR_RUNTIME, android.os.BugreportManager.BugreportCallback.BUGREPORT_ERROR_USER_DENIED_CONSENT, android.os.BugreportManager.BugreportCallback.BUGREPORT_ERROR_USER_CONSENT_TIMED_OUT, android.os.BugreportManager.BugreportCallback.BUGREPORT_ERROR_ANOTHER_REPORT_IN_PROGRESS}" />
    </annotation>
  </item>
  <item name="android.os.BugreportManager.BugreportCallback void onProgress(float) 0">
    <annotation name="androidx.annotation.FloatRange">
      <val name="from" val="0.0" />
      <val name="to" val="100.0" />
    </annotation>
  </item>
  <item name="android.os.BugreportParams BugreportParams(int) 0">
    <annotation name="androidx.annotation.IntDef">
      <val name="value" val="{android.os.BugreportParams.BUGREPORT_MODE_FULL, android.os.BugreportParams.BUGREPORT_MODE_INTERACTIVE, android.os.BugreportParams.BUGREPORT_MODE_REMOTE, android.os.BugreportParams.BUGREPORT_MODE_WEAR, android.os.BugreportParams.BUGREPORT_MODE_TELEPHONY, android.os.BugreportParams.BUGREPORT_MODE_WIFI}" />
    </annotation>
  </item>
  <item name="android.os.Build java.lang.String getSerial()">
    <annotation name="androidx.annotation.RequiresPermission">
      <val name="value" val="&quot;android.permission.READ_PRIVILEGED_PHONE_STATE&quot;" />
    </annotation>
  </item>
  <item name="android.os.DeviceIdleManager void endIdle(java.lang.String)">
    <annotation name="androidx.annotation.RequiresPermission">
      <val name="value" val="&quot;android.permission.DEVICE_POWER&quot;" />
    </annotation>
  </item>
  <item name="android.os.DropBoxManager android.os.DropBoxManager.Entry getNextEntry(java.lang.String, long)">
    <annotation name="androidx.annotation.RequiresPermission">
      <val name="allOf" val="{&quot;android.permission.READ_LOGS&quot;, &quot;android.permission.PACKAGE_USAGE_STATS&quot;}" />
    </annotation>
  </item>
  <item name="android.os.DropBoxManager void addData(java.lang.String, byte[], int) 2">
    <annotation name="androidx.annotation.IntDef">
      <val name="value" val="{android.os.DropBoxManager.IS_EMPTY, android.os.DropBoxManager.IS_TEXT, android.os.DropBoxManager.IS_GZIPPED}" />
      <val name="flag" val="true" />
    </annotation>
  </item>
  <item name="android.os.DropBoxManager void addFile(java.lang.String, java.io.File, int) 2">
    <annotation name="androidx.annotation.IntDef">
      <val name="value" val="{android.os.DropBoxManager.IS_EMPTY, android.os.DropBoxManager.IS_TEXT, android.os.DropBoxManager.IS_GZIPPED}" />
      <val name="flag" val="true" />
    </annotation>
  </item>
  <item name="android.os.DropBoxManager.Entry Entry(java.lang.String, long, android.os.ParcelFileDescriptor, int) 3">
    <annotation name="androidx.annotation.IntDef">
      <val name="value" val="{android.os.DropBoxManager.IS_EMPTY, android.os.DropBoxManager.IS_TEXT, android.os.DropBoxManager.IS_GZIPPED}" />
      <val name="flag" val="true" />
    </annotation>
  </item>
  <item name="android.os.DropBoxManager.Entry Entry(java.lang.String, long, byte[], int) 3">
    <annotation name="androidx.annotation.IntDef">
      <val name="value" val="{android.os.DropBoxManager.IS_EMPTY, android.os.DropBoxManager.IS_TEXT, android.os.DropBoxManager.IS_GZIPPED}" />
      <val name="flag" val="true" />
    </annotation>
  </item>
  <item name="android.os.DropBoxManager.Entry Entry(java.lang.String, long, java.io.File, int) 3">
    <annotation name="androidx.annotation.IntDef">
      <val name="value" val="{android.os.DropBoxManager.IS_EMPTY, android.os.DropBoxManager.IS_TEXT, android.os.DropBoxManager.IS_GZIPPED}" />
      <val name="flag" val="true" />
    </annotation>
  </item>
  <item name="android.os.DropBoxManager.Entry int getFlags()">
    <annotation name="androidx.annotation.IntDef">
      <val name="value" val="{android.os.DropBoxManager.IS_EMPTY, android.os.DropBoxManager.IS_TEXT, android.os.DropBoxManager.IS_GZIPPED}" />
      <val name="flag" val="true" />
    </annotation>
  </item>
  <item name="android.os.FileObserver ALL_EVENTS">
    <annotation name="androidx.annotation.IntDef">
      <val name="value" val="{android.os.FileObserver.ACCESS, android.os.FileObserver.MODIFY, android.os.FileObserver.ATTRIB, android.os.FileObserver.CLOSE_WRITE, android.os.FileObserver.CLOSE_NOWRITE, android.os.FileObserver.OPEN, android.os.FileObserver.MOVED_FROM, android.os.FileObserver.MOVED_TO, android.os.FileObserver.CREATE, android.os.FileObserver.DELETE, android.os.FileObserver.DELETE_SELF, android.os.FileObserver.MOVE_SELF}" />
      <val name="flag" val="true" />
    </annotation>
  </item>
  <item name="android.os.FileObserver FileObserver(java.io.File, int) 1">
    <annotation name="androidx.annotation.IntDef">
      <val name="value" val="{android.os.FileObserver.ACCESS, android.os.FileObserver.MODIFY, android.os.FileObserver.ATTRIB, android.os.FileObserver.CLOSE_WRITE, android.os.FileObserver.CLOSE_NOWRITE, android.os.FileObserver.OPEN, android.os.FileObserver.MOVED_FROM, android.os.FileObserver.MOVED_TO, android.os.FileObserver.CREATE, android.os.FileObserver.DELETE, android.os.FileObserver.DELETE_SELF, android.os.FileObserver.MOVE_SELF}" />
      <val name="flag" val="true" />
    </annotation>
  </item>
  <item name="android.os.FileObserver FileObserver(java.lang.String, int) 1">
    <annotation name="androidx.annotation.IntDef">
      <val name="value" val="{android.os.FileObserver.ACCESS, android.os.FileObserver.MODIFY, android.os.FileObserver.ATTRIB, android.os.FileObserver.CLOSE_WRITE, android.os.FileObserver.CLOSE_NOWRITE, android.os.FileObserver.OPEN, android.os.FileObserver.MOVED_FROM, android.os.FileObserver.MOVED_TO, android.os.FileObserver.CREATE, android.os.FileObserver.DELETE, android.os.FileObserver.DELETE_SELF, android.os.FileObserver.MOVE_SELF}" />
      <val name="flag" val="true" />
    </annotation>
  </item>
  <item name="android.os.FileObserver FileObserver(java.util.List&lt;java.io.File&gt;, int) 1">
    <annotation name="androidx.annotation.IntDef">
      <val name="value" val="{android.os.FileObserver.ACCESS, android.os.FileObserver.MODIFY, android.os.FileObserver.ATTRIB, android.os.FileObserver.CLOSE_WRITE, android.os.FileObserver.CLOSE_NOWRITE, android.os.FileObserver.OPEN, android.os.FileObserver.MOVED_FROM, android.os.FileObserver.MOVED_TO, android.os.FileObserver.CREATE, android.os.FileObserver.DELETE, android.os.FileObserver.DELETE_SELF, android.os.FileObserver.MOVE_SELF}" />
      <val name="flag" val="true" />
    </annotation>
  </item>
  <item name="android.os.HardwarePropertiesManager float[] getDeviceTemperatures(int, int) 0">
    <annotation name="androidx.annotation.IntDef">
      <val name="value" val="{android.os.HardwarePropertiesManager.DEVICE_TEMPERATURE_CPU, android.os.HardwarePropertiesManager.DEVICE_TEMPERATURE_GPU, android.os.HardwarePropertiesManager.DEVICE_TEMPERATURE_BATTERY, android.os.HardwarePropertiesManager.DEVICE_TEMPERATURE_SKIN}" />
    </annotation>
  </item>
  <item name="android.os.HardwarePropertiesManager float[] getDeviceTemperatures(int, int) 1">
    <annotation name="androidx.annotation.IntDef">
      <val name="value" val="{android.os.HardwarePropertiesManager.TEMPERATURE_CURRENT, android.os.HardwarePropertiesManager.TEMPERATURE_THROTTLING, android.os.HardwarePropertiesManager.TEMPERATURE_SHUTDOWN, android.os.HardwarePropertiesManager.TEMPERATURE_THROTTLING_BELOW_VR_MIN}" />
    </annotation>
  </item>
  <item name="android.os.HidlMemory HidlMemory(java.lang.String, long, android.os.NativeHandle) 1">
    <annotation name="androidx.annotation.IntRange">
      <val name="from" val="0" />
    </annotation>
  </item>
  <item name="android.os.IncidentManager android.os.IncidentManager.IncidentReport getIncidentReport(android.net.Uri)">
    <annotation name="androidx.annotation.RequiresPermission">
      <val name="allOf" val="{&quot;android.permission.DUMP&quot;, &quot;android.permission.PACKAGE_USAGE_STATS&quot;}" />
    </annotation>
  </item>
  <item name="android.os.IncidentManager java.util.List&lt;android.net.Uri&gt; getIncidentReportList(java.lang.String)">
    <annotation name="androidx.annotation.RequiresPermission">
      <val name="allOf" val="{&quot;android.permission.DUMP&quot;, &quot;android.permission.PACKAGE_USAGE_STATS&quot;}" />
    </annotation>
  </item>
  <item name="android.os.IncidentManager java.util.List&lt;android.os.IncidentManager.PendingReport&gt; getPendingReports()">
    <annotation name="androidx.annotation.RequiresPermission">
      <val name="value" val="&quot;android.permission.APPROVE_INCIDENT_REPORTS&quot;" />
    </annotation>
  </item>
  <item name="android.os.IncidentManager void approveReport(android.net.Uri)">
    <annotation name="androidx.annotation.RequiresPermission">
      <val name="value" val="&quot;android.permission.APPROVE_INCIDENT_REPORTS&quot;" />
    </annotation>
  </item>
  <item name="android.os.IncidentManager void cancelAuthorization(android.os.IncidentManager.AuthListener)">
    <annotation name="androidx.annotation.RequiresPermission">
      <val name="value" val="&quot;android.permission.REQUEST_INCIDENT_REPORT_APPROVAL&quot;" />
    </annotation>
  </item>
  <item name="android.os.IncidentManager void deleteIncidentReports(android.net.Uri)">
    <annotation name="androidx.annotation.RequiresPermission">
      <val name="allOf" val="{&quot;android.permission.DUMP&quot;, &quot;android.permission.PACKAGE_USAGE_STATS&quot;}" />
    </annotation>
  </item>
  <item name="android.os.IncidentManager void denyReport(android.net.Uri)">
    <annotation name="androidx.annotation.RequiresPermission">
      <val name="value" val="&quot;android.permission.APPROVE_INCIDENT_REPORTS&quot;" />
    </annotation>
  </item>
  <item name="android.os.IncidentManager void reportIncident(android.os.IncidentReportArgs)">
    <annotation name="androidx.annotation.RequiresPermission">
      <val name="allOf" val="{&quot;android.permission.DUMP&quot;, &quot;android.permission.PACKAGE_USAGE_STATS&quot;}" />
    </annotation>
  </item>
  <item name="android.os.IncidentManager void requestAuthorization(int, java.lang.String, int, android.os.IncidentManager.AuthListener)">
    <annotation name="androidx.annotation.RequiresPermission">
      <val name="value" val="&quot;android.permission.REQUEST_INCIDENT_REPORT_APPROVAL&quot;" />
    </annotation>
  </item>
  <item name="android.os.IpcDataCache IpcDataCache(int, java.lang.String, java.lang.String, java.lang.String, android.os.IpcDataCache.QueryHandler&lt;Query,Result&gt;) 1">
    <annotation name="androidx.annotation.StringDef">
      <val name="value" val="{android.os.IpcDataCache.MODULE_BLUETOOTH}" />
    </annotation>
  </item>
  <item name="android.os.IpcDataCache void invalidateCache(java.lang.String, java.lang.String) 0">
    <annotation name="androidx.annotation.StringDef">
      <val name="value" val="{android.os.IpcDataCache.MODULE_BLUETOOTH}" />
    </annotation>
  </item>
  <item name="android.os.LocaleList android.os.LocaleList getAdjustedDefault()">
    <annotation name="androidx.annotation.Size">
      <val name="min" val="1" />
    </annotation>
  </item>
  <item name="android.os.LocaleList android.os.LocaleList getDefault()">
    <annotation name="androidx.annotation.Size">
      <val name="min" val="1" />
    </annotation>
  </item>
  <item name="android.os.LocaleList int indexOf(java.util.Locale)">
    <annotation name="androidx.annotation.IntRange">
      <val name="from" val="-1" />
    </annotation>
  </item>
  <item name="android.os.LocaleList int size()">
    <annotation name="androidx.annotation.IntRange">
      <val name="from" val="0" />
    </annotation>
  </item>
  <item name="android.os.LocaleList void setDefault(android.os.LocaleList) 0">
    <annotation name="androidx.annotation.Size">
      <val name="min" val="1" />
    </annotation>
  </item>
  <item name="android.os.MessageQueue void addOnFileDescriptorEventListener(java.io.FileDescriptor, int, android.os.MessageQueue.OnFileDescriptorEventListener) 1">
    <annotation name="androidx.annotation.IntDef">
      <val name="value" val="{android.os.MessageQueue.OnFileDescriptorEventListener.EVENT_INPUT, android.os.MessageQueue.OnFileDescriptorEventListener.EVENT_OUTPUT, android.os.MessageQueue.OnFileDescriptorEventListener.EVENT_ERROR}" />
      <val name="flag" val="true" />
    </annotation>
  </item>
  <item name="android.os.MessageQueue.OnFileDescriptorEventListener int onFileDescriptorEvents(java.io.FileDescriptor, int)">
    <annotation name="androidx.annotation.IntDef">
      <val name="value" val="{android.os.MessageQueue.OnFileDescriptorEventListener.EVENT_INPUT, android.os.MessageQueue.OnFileDescriptorEventListener.EVENT_OUTPUT, android.os.MessageQueue.OnFileDescriptorEventListener.EVENT_ERROR}" />
      <val name="flag" val="true" />
    </annotation>
  </item>
  <item name="android.os.MessageQueue.OnFileDescriptorEventListener int onFileDescriptorEvents(java.io.FileDescriptor, int) 1">
    <annotation name="androidx.annotation.IntDef">
      <val name="value" val="{android.os.MessageQueue.OnFileDescriptorEventListener.EVENT_INPUT, android.os.MessageQueue.OnFileDescriptorEventListener.EVENT_OUTPUT, android.os.MessageQueue.OnFileDescriptorEventListener.EVENT_ERROR}" />
      <val name="flag" val="true" />
    </annotation>
  </item>
  <item name="android.os.NewUserResponse int getOperationResult()">
    <annotation name="androidx.annotation.IntDef">
      <val name="value" val="{android.os.UserManager.USER_OPERATION_SUCCESS, android.os.UserManager.USER_OPERATION_ERROR_UNKNOWN, android.os.UserManager.USER_OPERATION_ERROR_MANAGED_PROFILE, android.os.UserManager.USER_OPERATION_ERROR_MAX_RUNNING_USERS, android.os.UserManager.USER_OPERATION_ERROR_CURRENT_USER, android.os.UserManager.USER_OPERATION_ERROR_LOW_STORAGE, android.os.UserManager.USER_OPERATION_ERROR_MAX_USERS, android.os.UserManager.USER_OPERATION_ERROR_USER_ACCOUNT_ALREADY_EXISTS}" />
    </annotation>
  </item>
  <item name="android.os.Parcelable int describeContents()">
    <annotation name="androidx.annotation.IntDef">
      <val name="value" val="{android.os.Parcelable.CONTENTS_FILE_DESCRIPTOR}" />
      <val name="flag" val="true" />
    </annotation>
  </item>
  <item name="android.os.Parcelable int getStability()">
    <annotation name="androidx.annotation.IntDef">
      <val name="value" val="{android.os.Parcelable.PARCELABLE_STABILITY_LOCAL, android.os.Parcelable.PARCELABLE_STABILITY_VINTF}" />
      <val name="flag" val="true" />
    </annotation>
  </item>
  <item name="android.os.Parcelable void writeToParcel(android.os.Parcel, int) 1">
    <annotation name="androidx.annotation.IntDef">
      <val name="value" val="{android.os.Parcelable.PARCELABLE_WRITE_RETURN_VALUE}" />
      <val name="flag" val="true" />
    </annotation>
  </item>
  <item name="android.os.ParcelableHolder ParcelableHolder(int) 0">
    <annotation name="androidx.annotation.IntDef">
      <val name="value" val="{android.os.Parcelable.PARCELABLE_STABILITY_LOCAL, android.os.Parcelable.PARCELABLE_STABILITY_VINTF}" />
      <val name="flag" val="true" />
    </annotation>
  </item>
  <item name="android.os.ParcelableHolder int getStability()">
    <annotation name="androidx.annotation.IntDef">
      <val name="value" val="{android.os.Parcelable.PARCELABLE_STABILITY_LOCAL, android.os.Parcelable.PARCELABLE_STABILITY_VINTF}" />
      <val name="flag" val="true" />
    </annotation>
  </item>
  <item name="android.os.PowerExemptionManager long addToTemporaryAllowListForEvent(java.lang.String, int, java.lang.String, int)">
    <annotation name="androidx.annotation.RequiresPermission">
      <val name="value" val="&quot;android.permission.CHANGE_DEVICE_IDLE_TEMP_WHITELIST&quot;" />
    </annotation>
  </item>
  <item name="android.os.PowerExemptionManager long addToTemporaryAllowListForEvent(java.lang.String, int, java.lang.String, int) 1">
    <annotation name="androidx.annotation.IntDef">
      <val name="value" val="{android.os.PowerExemptionManager.REASON_UNKNOWN, android.os.PowerExemptionManager.REASON_OTHER, android.os.PowerExemptionManager.REASON_GEOFENCING, android.os.PowerExemptionManager.REASON_PUSH_MESSAGING, android.os.PowerExemptionManager.REASON_PUSH_MESSAGING_OVER_QUOTA, android.os.PowerExemptionManager.REASON_ACTIVITY_RECOGNITION, android.os.PowerExemptionManager.REASON_ACCOUNT_TRANSFER, android.os.PowerExemptionManager.REASON_BLUETOOTH_BROADCAST, android.os.PowerExemptionManager.REASON_REFRESH_SAFETY_SOURCES, android.os.PowerExemptionManager.REASON_LOCATION_PROVIDER}" />
      <val name="flag" val="true" />
    </annotation>
  </item>
  <item name="android.os.PowerExemptionManager long addToTemporaryAllowListForEvent(java.lang.String, int, java.lang.String, int) 3">
    <annotation name="androidx.annotation.IntDef">
      <val name="value" val="{android.os.PowerExemptionManager.EVENT_UNSPECIFIED, android.os.PowerExemptionManager.EVENT_SMS, android.os.PowerExemptionManager.EVENT_MMS}" />
    </annotation>
  </item>
  <item name="android.os.PowerExemptionManager void addToTemporaryAllowList(java.lang.String, int, java.lang.String, long)">
    <annotation name="androidx.annotation.RequiresPermission">
      <val name="value" val="&quot;android.permission.CHANGE_DEVICE_IDLE_TEMP_WHITELIST&quot;" />
    </annotation>
  </item>
  <item name="android.os.PowerExemptionManager void addToTemporaryAllowList(java.lang.String, int, java.lang.String, long) 1">
    <annotation name="androidx.annotation.IntDef">
      <val name="value" val="{android.os.PowerExemptionManager.REASON_UNKNOWN, android.os.PowerExemptionManager.REASON_OTHER, android.os.PowerExemptionManager.REASON_GEOFENCING, android.os.PowerExemptionManager.REASON_PUSH_MESSAGING, android.os.PowerExemptionManager.REASON_PUSH_MESSAGING_OVER_QUOTA, android.os.PowerExemptionManager.REASON_ACTIVITY_RECOGNITION, android.os.PowerExemptionManager.REASON_ACCOUNT_TRANSFER, android.os.PowerExemptionManager.REASON_BLUETOOTH_BROADCAST, android.os.PowerExemptionManager.REASON_REFRESH_SAFETY_SOURCES, android.os.PowerExemptionManager.REASON_LOCATION_PROVIDER}" />
      <val name="flag" val="true" />
    </annotation>
  </item>
  <item name="android.os.PowerManager boolean forceSuspend()">
    <annotation name="androidx.annotation.RequiresPermission">
      <val name="value" val="&quot;android.permission.DEVICE_POWER&quot;" />
    </annotation>
  </item>
  <item name="android.os.PowerManager boolean isAmbientDisplayAvailable()">
    <annotation name="androidx.annotation.RequiresPermission">
      <val name="value" val="&quot;android.permission.READ_DREAM_STATE&quot;" />
    </annotation>
  </item>
  <item name="android.os.PowerManager boolean isAmbientDisplaySuppressed()">
    <annotation name="androidx.annotation.RequiresPermission">
      <val name="value" val="&quot;android.permission.READ_DREAM_STATE&quot;" />
    </annotation>
  </item>
  <item name="android.os.PowerManager boolean isAmbientDisplaySuppressedForToken(java.lang.String)">
    <annotation name="androidx.annotation.RequiresPermission">
      <val name="value" val="&quot;android.permission.READ_DREAM_STATE&quot;" />
    </annotation>
  </item>
  <item name="android.os.PowerManager boolean isLowPowerStandbySupported()">
    <annotation name="androidx.annotation.RequiresPermission">
      <val name="anyOf" val="{&quot;android.permission.MANAGE_LOW_POWER_STANDBY&quot;, &quot;android.permission.DEVICE_POWER&quot;}" />
    </annotation>
  </item>
  <item name="android.os.PowerManager boolean setAdaptivePowerSaveEnabled(boolean)">
    <annotation name="androidx.annotation.RequiresPermission">
      <val name="anyOf" val="{&quot;android.permission.DEVICE_POWER&quot;, &quot;android.permission.POWER_SAVER&quot;}" />
    </annotation>
  </item>
  <item name="android.os.PowerManager boolean setAdaptivePowerSavePolicy(android.os.BatterySaverPolicyConfig)">
    <annotation name="androidx.annotation.RequiresPermission">
      <val name="anyOf" val="{&quot;android.permission.DEVICE_POWER&quot;, &quot;android.permission.POWER_SAVER&quot;}" />
    </annotation>
  </item>
  <item name="android.os.PowerManager boolean setDynamicPowerSaveHint(boolean, int)">
    <annotation name="androidx.annotation.RequiresPermission">
      <val name="value" val="&quot;android.permission.POWER_SAVER&quot;" />
    </annotation>
  </item>
  <item name="android.os.PowerManager boolean setFullPowerSavePolicy(android.os.BatterySaverPolicyConfig)">
    <annotation name="androidx.annotation.RequiresPermission">
      <val name="anyOf" val="{&quot;android.permission.DEVICE_POWER&quot;, &quot;android.permission.POWER_SAVER&quot;}" />
    </annotation>
  </item>
  <item name="android.os.PowerManager boolean setPowerSaveModeEnabled(boolean)">
    <annotation name="androidx.annotation.RequiresPermission">
      <val name="anyOf" val="{&quot;android.permission.DEVICE_POWER&quot;, &quot;android.permission.POWER_SAVER&quot;}" />
    </annotation>
  </item>
  <item name="android.os.PowerManager float getThermalHeadroom(int) 0">
    <annotation name="androidx.annotation.IntRange">
      <val name="from" val="0" />
      <val name="to" val="60" />
    </annotation>
  </item>
  <item name="android.os.PowerManager int getCurrentThermalStatus()">
    <annotation name="androidx.annotation.IntDef">
      <val name="value" val="{android.os.PowerManager.THERMAL_STATUS_NONE, android.os.PowerManager.THERMAL_STATUS_LIGHT, android.os.PowerManager.THERMAL_STATUS_MODERATE, android.os.PowerManager.THERMAL_STATUS_SEVERE, android.os.PowerManager.THERMAL_STATUS_CRITICAL, android.os.PowerManager.THERMAL_STATUS_EMERGENCY, android.os.PowerManager.THERMAL_STATUS_SHUTDOWN}" />
    </annotation>
  </item>
  <item name="android.os.PowerManager int getLocationPowerSaveMode()">
    <annotation name="androidx.annotation.IntDef">
      <val name="value" val="{android.os.PowerManager.LOCATION_MODE_NO_CHANGE, android.os.PowerManager.LOCATION_MODE_GPS_DISABLED_WHEN_SCREEN_OFF, android.os.PowerManager.LOCATION_MODE_ALL_DISABLED_WHEN_SCREEN_OFF, android.os.PowerManager.LOCATION_MODE_FOREGROUND_ONLY, android.os.PowerManager.LOCATION_MODE_THROTTLE_REQUESTS_WHEN_SCREEN_OFF}" />
    </annotation>
  </item>
  <item name="android.os.PowerManager int getPowerSaveModeTrigger()">
    <annotation name="androidx.annotation.IntDef">
      <val name="value" val="{android.os.PowerManager.POWER_SAVE_MODE_TRIGGER_PERCENTAGE, android.os.PowerManager.POWER_SAVE_MODE_TRIGGER_DYNAMIC}" />
    </annotation>
  </item>
  <item name="android.os.PowerManager void dream(long)">
    <annotation name="androidx.annotation.RequiresPermission">
      <val name="allOf" val="{&quot;android.permission.READ_DREAM_STATE&quot;, &quot;android.permission.WRITE_DREAM_STATE&quot;}" />
    </annotation>
  </item>
  <item name="android.os.PowerManager void reboot(java.lang.String)">
    <annotation name="androidx.annotation.RequiresPermission">
      <val name="value" val="&quot;android.permission.REBOOT&quot;" />
    </annotation>
  </item>
  <item name="android.os.PowerManager void setBatteryDischargePrediction(java.time.Duration, boolean)">
    <annotation name="androidx.annotation.RequiresPermission">
      <val name="anyOf" val="{&quot;android.permission.BATTERY_PREDICTION&quot;, &quot;android.permission.DEVICE_POWER&quot;}" />
    </annotation>
  </item>
  <item name="android.os.PowerManager void setLowPowerStandbyActiveDuringMaintenance(boolean)">
    <annotation name="androidx.annotation.RequiresPermission">
      <val name="anyOf" val="{&quot;android.permission.MANAGE_LOW_POWER_STANDBY&quot;, &quot;android.permission.DEVICE_POWER&quot;}" />
    </annotation>
  </item>
  <item name="android.os.PowerManager void setLowPowerStandbyEnabled(boolean)">
    <annotation name="androidx.annotation.RequiresPermission">
      <val name="anyOf" val="{&quot;android.permission.MANAGE_LOW_POWER_STANDBY&quot;, &quot;android.permission.DEVICE_POWER&quot;}" />
    </annotation>
  </item>
  <item name="android.os.PowerManager void suppressAmbientDisplay(java.lang.String, boolean)">
    <annotation name="androidx.annotation.RequiresPermission">
      <val name="value" val="&quot;android.permission.WRITE_DREAM_STATE&quot;" />
    </annotation>
  </item>
  <item name="android.os.PowerManager void userActivity(long, int, int)">
    <annotation name="androidx.annotation.RequiresPermission">
      <val name="anyOf" val="{&quot;android.permission.DEVICE_POWER&quot;, &quot;android.permission.USER_ACTIVITY&quot;}" />
    </annotation>
  </item>
  <item name="android.os.PowerManager.OnThermalStatusChangedListener void onThermalStatusChanged(int) 0">
    <annotation name="androidx.annotation.IntDef">
      <val name="value" val="{android.os.PowerManager.THERMAL_STATUS_NONE, android.os.PowerManager.THERMAL_STATUS_LIGHT, android.os.PowerManager.THERMAL_STATUS_MODERATE, android.os.PowerManager.THERMAL_STATUS_SEVERE, android.os.PowerManager.THERMAL_STATUS_CRITICAL, android.os.PowerManager.THERMAL_STATUS_EMERGENCY, android.os.PowerManager.THERMAL_STATUS_SHUTDOWN}" />
    </annotation>
  </item>
  <item name="android.os.PowerWhitelistManager long whitelistAppTemporarilyForEvent(java.lang.String, int, int, java.lang.String)">
    <annotation name="androidx.annotation.RequiresPermission">
      <val name="value" val="&quot;android.permission.CHANGE_DEVICE_IDLE_TEMP_WHITELIST&quot;" />
    </annotation>
  </item>
  <item name="android.os.PowerWhitelistManager long whitelistAppTemporarilyForEvent(java.lang.String, int, int, java.lang.String) 1">
    <annotation name="androidx.annotation.IntDef">
      <val name="value" val="{android.os.PowerWhitelistManager.EVENT_UNSPECIFIED, android.os.PowerWhitelistManager.EVENT_SMS, android.os.PowerWhitelistManager.EVENT_MMS}" />
    </annotation>
  </item>
  <item name="android.os.PowerWhitelistManager long whitelistAppTemporarilyForEvent(java.lang.String, int, int, java.lang.String) 2">
    <annotation name="androidx.annotation.IntDef">
      <val name="value" val="{android.os.PowerWhitelistManager.REASON_UNKNOWN, android.os.PowerWhitelistManager.REASON_OTHER, android.os.PowerWhitelistManager.REASON_GEOFENCING, android.os.PowerWhitelistManager.REASON_PUSH_MESSAGING, android.os.PowerWhitelistManager.REASON_PUSH_MESSAGING_OVER_QUOTA, android.os.PowerWhitelistManager.REASON_ACTIVITY_RECOGNITION, android.os.PowerWhitelistManager.REASON_LOCATION_PROVIDER}" />
      <val name="flag" val="true" />
    </annotation>
  </item>
  <item name="android.os.PowerWhitelistManager long whitelistAppTemporarilyForEvent(java.lang.String, int, java.lang.String)">
    <annotation name="androidx.annotation.RequiresPermission">
      <val name="value" val="&quot;android.permission.CHANGE_DEVICE_IDLE_TEMP_WHITELIST&quot;" />
    </annotation>
  </item>
  <item name="android.os.PowerWhitelistManager long whitelistAppTemporarilyForEvent(java.lang.String, int, java.lang.String) 1">
    <annotation name="androidx.annotation.IntDef">
      <val name="value" val="{android.os.PowerWhitelistManager.EVENT_UNSPECIFIED, android.os.PowerWhitelistManager.EVENT_SMS, android.os.PowerWhitelistManager.EVENT_MMS}" />
    </annotation>
  </item>
  <item name="android.os.PowerWhitelistManager void addToWhitelist(java.lang.String)">
    <annotation name="androidx.annotation.RequiresPermission">
      <val name="value" val="&quot;android.permission.DEVICE_POWER&quot;" />
    </annotation>
  </item>
  <item name="android.os.PowerWhitelistManager void addToWhitelist(java.util.List&lt;java.lang.String&gt;)">
    <annotation name="androidx.annotation.RequiresPermission">
      <val name="value" val="&quot;android.permission.DEVICE_POWER&quot;" />
    </annotation>
  </item>
  <item name="android.os.PowerWhitelistManager void removeFromWhitelist(java.lang.String)">
    <annotation name="androidx.annotation.RequiresPermission">
      <val name="value" val="&quot;android.permission.DEVICE_POWER&quot;" />
    </annotation>
  </item>
  <item name="android.os.PowerWhitelistManager void whitelistAppTemporarily(java.lang.String, long)">
    <annotation name="androidx.annotation.RequiresPermission">
      <val name="value" val="&quot;android.permission.CHANGE_DEVICE_IDLE_TEMP_WHITELIST&quot;" />
    </annotation>
  </item>
  <item name="android.os.PowerWhitelistManager void whitelistAppTemporarily(java.lang.String, long, int, java.lang.String)">
    <annotation name="androidx.annotation.RequiresPermission">
      <val name="value" val="&quot;android.permission.CHANGE_DEVICE_IDLE_TEMP_WHITELIST&quot;" />
    </annotation>
  </item>
  <item name="android.os.PowerWhitelistManager void whitelistAppTemporarily(java.lang.String, long, int, java.lang.String) 2">
    <annotation name="androidx.annotation.IntDef">
      <val name="value" val="{android.os.PowerWhitelistManager.REASON_UNKNOWN, android.os.PowerWhitelistManager.REASON_OTHER, android.os.PowerWhitelistManager.REASON_GEOFENCING, android.os.PowerWhitelistManager.REASON_PUSH_MESSAGING, android.os.PowerWhitelistManager.REASON_PUSH_MESSAGING_OVER_QUOTA, android.os.PowerWhitelistManager.REASON_ACTIVITY_RECOGNITION, android.os.PowerWhitelistManager.REASON_LOCATION_PROVIDER}" />
      <val name="flag" val="true" />
    </annotation>
  </item>
  <item name="android.os.RecoverySystem boolean isPreparedForUnattendedUpdate(android.content.Context)">
    <annotation name="androidx.annotation.RequiresPermission">
      <val name="anyOf" val="{&quot;android.permission.RECOVERY&quot;, &quot;android.permission.REBOOT&quot;}" />
    </annotation>
  </item>
  <item name="android.os.RecoverySystem int rebootAndApply(android.content.Context, java.lang.String, boolean)">
    <annotation name="androidx.annotation.RequiresPermission">
      <val name="anyOf" val="{&quot;android.permission.RECOVERY&quot;, &quot;android.permission.REBOOT&quot;}" />
    </annotation>
    <annotation name="androidx.annotation.IntDef">
      <val name="value" val="{android.os.RecoverySystem.RESUME_ON_REBOOT_REBOOT_ERROR_UNSPECIFIED, android.os.RecoverySystem.RESUME_ON_REBOOT_REBOOT_ERROR_INVALID_PACKAGE_NAME, android.os.RecoverySystem.RESUME_ON_REBOOT_REBOOT_ERROR_LSKF_NOT_CAPTURED, android.os.RecoverySystem.RESUME_ON_REBOOT_REBOOT_ERROR_SLOT_MISMATCH, android.os.RecoverySystem.RESUME_ON_REBOOT_REBOOT_ERROR_PROVIDER_PREPARATION_FAILURE}" />
    </annotation>
  </item>
  <item name="android.os.RecoverySystem void cancelScheduledUpdate(android.content.Context)">
    <annotation name="androidx.annotation.RequiresPermission">
      <val name="value" val="&quot;android.permission.RECOVERY&quot;" />
    </annotation>
  </item>
  <item name="android.os.RecoverySystem void clearPrepareForUnattendedUpdate(android.content.Context)">
    <annotation name="androidx.annotation.RequiresPermission">
      <val name="anyOf" val="{&quot;android.permission.RECOVERY&quot;, &quot;android.permission.REBOOT&quot;}" />
    </annotation>
  </item>
  <item name="android.os.RecoverySystem void installPackage(android.content.Context, java.io.File)">
    <annotation name="androidx.annotation.RequiresPermission">
      <val name="value" val="&quot;android.permission.RECOVERY&quot;" />
    </annotation>
  </item>
  <item name="android.os.RecoverySystem void installPackage(android.content.Context, java.io.File, boolean)">
    <annotation name="androidx.annotation.RequiresPermission">
      <val name="value" val="&quot;android.permission.RECOVERY&quot;" />
    </annotation>
  </item>
  <item name="android.os.RecoverySystem void prepareForUnattendedUpdate(android.content.Context, java.lang.String, android.content.IntentSender)">
    <annotation name="androidx.annotation.RequiresPermission">
      <val name="anyOf" val="{&quot;android.permission.RECOVERY&quot;, &quot;android.permission.REBOOT&quot;}" />
    </annotation>
  </item>
  <item name="android.os.RecoverySystem void processPackage(android.content.Context, java.io.File, android.os.RecoverySystem.ProgressListener)">
    <annotation name="androidx.annotation.RequiresPermission">
      <val name="value" val="&quot;android.permission.RECOVERY&quot;" />
    </annotation>
  </item>
  <item name="android.os.RecoverySystem void processPackage(android.content.Context, java.io.File, android.os.RecoverySystem.ProgressListener, android.os.Handler)">
    <annotation name="androidx.annotation.RequiresPermission">
      <val name="value" val="&quot;android.permission.RECOVERY&quot;" />
    </annotation>
  </item>
  <item name="android.os.RecoverySystem void rebootAndApply(android.content.Context, java.lang.String, java.lang.String)">
    <annotation name="androidx.annotation.RequiresPermission">
      <val name="value" val="&quot;android.permission.RECOVERY&quot;" />
    </annotation>
  </item>
  <item name="android.os.RecoverySystem void rebootWipeAb(android.content.Context, java.io.File, java.lang.String)">
    <annotation name="androidx.annotation.RequiresPermission">
      <val name="allOf" val="{&quot;android.permission.RECOVERY&quot;, &quot;android.permission.REBOOT&quot;}" />
    </annotation>
  </item>
  <item name="android.os.RecoverySystem void scheduleUpdateOnBoot(android.content.Context, java.io.File)">
    <annotation name="androidx.annotation.RequiresPermission">
      <val name="value" val="&quot;android.permission.RECOVERY&quot;" />
    </annotation>
  </item>
  <item name="android.os.SystemConfigManager int[] getSystemPermissionUids(java.lang.String)">
    <annotation name="androidx.annotation.RequiresPermission">
      <val name="value" val="&quot;android.permission.GET_RUNTIME_PERMISSIONS&quot;" />
    </annotation>
  </item>
  <item name="android.os.SystemConfigManager java.util.Map&lt;java.lang.String,java.util.List&lt;java.lang.String&gt;&gt; getDisabledUntilUsedPreinstalledCarrierAssociatedApps()">
    <annotation name="androidx.annotation.RequiresPermission">
      <val name="value" val="&quot;android.permission.READ_CARRIER_APP_INFO&quot;" />
    </annotation>
  </item>
  <item name="android.os.SystemConfigManager java.util.Set&lt;java.lang.String&gt; getDisabledUntilUsedPreinstalledCarrierApps()">
    <annotation name="androidx.annotation.RequiresPermission">
      <val name="value" val="&quot;android.permission.READ_CARRIER_APP_INFO&quot;" />
    </annotation>
  </item>
  <item name="android.os.SystemUpdateManager android.os.Bundle retrieveSystemUpdateInfo()">
    <annotation name="androidx.annotation.RequiresPermission">
      <val name="anyOf" val="{&quot;android.permission.READ_SYSTEM_UPDATE_INFO&quot;, &quot;android.permission.RECOVERY&quot;}" />
    </annotation>
  </item>
  <item name="android.os.SystemUpdateManager void updateSystemUpdateInfo(android.os.PersistableBundle)">
    <annotation name="androidx.annotation.RequiresPermission">
      <val name="value" val="&quot;android.permission.RECOVERY&quot;" />
    </annotation>
  </item>
  <item name="android.os.UpdateEngine android.os.UpdateEngine.AllocateSpaceResult allocateSpace(java.lang.String, java.lang.String[])">
    <annotation name="androidx.annotation.WorkerThread"/>
  </item>
  <item name="android.os.UpdateEngine int cleanupAppliedPayload()">
    <annotation name="androidx.annotation.WorkerThread"/>
    <annotation name="androidx.annotation.IntDef">
      <val name="value" val="{android.os.UpdateEngine.ErrorCodeConstants.SUCCESS, android.os.UpdateEngine.ErrorCodeConstants.ERROR, android.os.UpdateEngine.ErrorCodeConstants.FILESYSTEM_COPIER_ERROR, android.os.UpdateEngine.ErrorCodeConstants.POST_INSTALL_RUNNER_ERROR, android.os.UpdateEngine.ErrorCodeConstants.PAYLOAD_MISMATCHED_TYPE_ERROR, android.os.UpdateEngine.ErrorCodeConstants.INSTALL_DEVICE_OPEN_ERROR, android.os.UpdateEngine.ErrorCodeConstants.KERNEL_DEVICE_OPEN_ERROR, android.os.UpdateEngine.ErrorCodeConstants.DOWNLOAD_TRANSFER_ERROR, android.os.UpdateEngine.ErrorCodeConstants.PAYLOAD_HASH_MISMATCH_ERROR, android.os.UpdateEngine.ErrorCodeConstants.PAYLOAD_SIZE_MISMATCH_ERROR, android.os.UpdateEngine.ErrorCodeConstants.DOWNLOAD_PAYLOAD_VERIFICATION_ERROR, android.os.UpdateEngine.ErrorCodeConstants.PAYLOAD_TIMESTAMP_ERROR, android.os.UpdateEngine.ErrorCodeConstants.UPDATED_BUT_NOT_ACTIVE, android.os.UpdateEngine.ErrorCodeConstants.NOT_ENOUGH_SPACE, android.os.UpdateEngine.ErrorCodeConstants.DEVICE_CORRUPTED}" />
    </annotation>
  </item>
  <item name="android.os.UpdateEngine.AllocateSpaceResult int getErrorCode()">
    <annotation name="androidx.annotation.IntDef">
      <val name="value" val="{android.os.UpdateEngine.ErrorCodeConstants.SUCCESS, android.os.UpdateEngine.ErrorCodeConstants.ERROR, android.os.UpdateEngine.ErrorCodeConstants.FILESYSTEM_COPIER_ERROR, android.os.UpdateEngine.ErrorCodeConstants.POST_INSTALL_RUNNER_ERROR, android.os.UpdateEngine.ErrorCodeConstants.PAYLOAD_MISMATCHED_TYPE_ERROR, android.os.UpdateEngine.ErrorCodeConstants.INSTALL_DEVICE_OPEN_ERROR, android.os.UpdateEngine.ErrorCodeConstants.KERNEL_DEVICE_OPEN_ERROR, android.os.UpdateEngine.ErrorCodeConstants.DOWNLOAD_TRANSFER_ERROR, android.os.UpdateEngine.ErrorCodeConstants.PAYLOAD_HASH_MISMATCH_ERROR, android.os.UpdateEngine.ErrorCodeConstants.PAYLOAD_SIZE_MISMATCH_ERROR, android.os.UpdateEngine.ErrorCodeConstants.DOWNLOAD_PAYLOAD_VERIFICATION_ERROR, android.os.UpdateEngine.ErrorCodeConstants.PAYLOAD_TIMESTAMP_ERROR, android.os.UpdateEngine.ErrorCodeConstants.UPDATED_BUT_NOT_ACTIVE, android.os.UpdateEngine.ErrorCodeConstants.NOT_ENOUGH_SPACE, android.os.UpdateEngine.ErrorCodeConstants.DEVICE_CORRUPTED}" />
    </annotation>
  </item>
  <item name="android.os.UpdateEngineCallback void onPayloadApplicationComplete(int) 0">
    <annotation name="androidx.annotation.IntDef">
      <val name="value" val="{android.os.UpdateEngine.ErrorCodeConstants.SUCCESS, android.os.UpdateEngine.ErrorCodeConstants.ERROR, android.os.UpdateEngine.ErrorCodeConstants.FILESYSTEM_COPIER_ERROR, android.os.UpdateEngine.ErrorCodeConstants.POST_INSTALL_RUNNER_ERROR, android.os.UpdateEngine.ErrorCodeConstants.PAYLOAD_MISMATCHED_TYPE_ERROR, android.os.UpdateEngine.ErrorCodeConstants.INSTALL_DEVICE_OPEN_ERROR, android.os.UpdateEngine.ErrorCodeConstants.KERNEL_DEVICE_OPEN_ERROR, android.os.UpdateEngine.ErrorCodeConstants.DOWNLOAD_TRANSFER_ERROR, android.os.UpdateEngine.ErrorCodeConstants.PAYLOAD_HASH_MISMATCH_ERROR, android.os.UpdateEngine.ErrorCodeConstants.PAYLOAD_SIZE_MISMATCH_ERROR, android.os.UpdateEngine.ErrorCodeConstants.DOWNLOAD_PAYLOAD_VERIFICATION_ERROR, android.os.UpdateEngine.ErrorCodeConstants.PAYLOAD_TIMESTAMP_ERROR, android.os.UpdateEngine.ErrorCodeConstants.UPDATED_BUT_NOT_ACTIVE, android.os.UpdateEngine.ErrorCodeConstants.NOT_ENOUGH_SPACE, android.os.UpdateEngine.ErrorCodeConstants.DEVICE_CORRUPTED}" />
    </annotation>
  </item>
  <item name="android.os.UserManager ACTION_CREATE_SUPERVISED_USER">
    <annotation name="androidx.annotation.RequiresPermission">
      <val name="value" val="&quot;android.permission.MANAGE_USERS&quot;" />
    </annotation>
  </item>
  <item name="android.os.UserManager android.graphics.Bitmap getUserIcon()">
    <annotation name="androidx.annotation.RequiresPermission">
      <val name="anyOf" val="{&quot;android.permission.MANAGE_USERS&quot;, &quot;android.permission.GET_ACCOUNTS_PRIVILEGED&quot;}" />
    </annotation>
  </item>
  <item name="android.os.UserManager android.os.Bundle getApplicationRestrictions(java.lang.String)">
    <annotation name="androidx.annotation.WorkerThread"/>
  </item>
  <item name="android.os.UserManager android.os.Bundle getUserRestrictions(android.os.UserHandle)">
    <annotation name="androidx.annotation.RequiresPermission">
      <val name="anyOf" val="{&quot;android.permission.MANAGE_USERS&quot;, &quot;android.permission.INTERACT_ACROSS_USERS&quot;}" />
      <val name="conditional" val="true" />
    </annotation>
  </item>
  <item name="android.os.UserManager android.os.NewUserResponse createUser(android.os.NewUserRequest)">
    <annotation name="androidx.annotation.RequiresPermission">
      <val name="anyOf" val="{&quot;android.permission.MANAGE_USERS&quot;, &quot;android.permission.CREATE_USERS&quot;}" />
    </annotation>
  </item>
  <item name="android.os.UserManager android.os.PersistableBundle getSeedAccountOptions()">
    <annotation name="androidx.annotation.RequiresPermission">
      <val name="value" val="&quot;android.permission.MANAGE_USERS&quot;" />
    </annotation>
  </item>
  <item name="android.os.UserManager android.os.UserHandle createProfile(java.lang.String, java.lang.String, java.util.Set&lt;java.lang.String&gt;)">
    <annotation name="androidx.annotation.RequiresPermission">
      <val name="anyOf" val="{&quot;android.permission.MANAGE_USERS&quot;, &quot;android.permission.CREATE_USERS&quot;}" />
    </annotation>
  </item>
  <item name="android.os.UserManager android.os.UserHandle getProfileParent(android.os.UserHandle)">
    <annotation name="androidx.annotation.RequiresPermission">
      <val name="anyOf" val="{&quot;android.permission.MANAGE_USERS&quot;, &quot;android.permission.INTERACT_ACROSS_USERS&quot;}" />
    </annotation>
  </item>
  <item name="android.os.UserManager android.os.UserHandle getRestrictedProfileParent()">
    <annotation name="androidx.annotation.RequiresPermission">
      <val name="anyOf" val="{&quot;android.permission.MANAGE_USERS&quot;, &quot;android.permission.CREATE_USERS&quot;, &quot;android.permission.QUERY_USERS&quot;}" />
    </annotation>
  </item>
  <item name="android.os.UserManager boolean canHaveRestrictedProfile()">
    <annotation name="androidx.annotation.RequiresPermission">
      <val name="value" val="&quot;android.permission.MANAGE_USERS&quot;" />
    </annotation>
  </item>
  <item name="android.os.UserManager boolean hasRestrictedProfiles()">
    <annotation name="androidx.annotation.RequiresPermission">
      <val name="value" val="&quot;android.permission.MANAGE_USERS&quot;" />
    </annotation>
  </item>
  <item name="android.os.UserManager boolean hasUserRestriction(java.lang.String) 0">
    <annotation name="androidx.annotation.StringDef">
      <val name="value" val="{android.os.UserManager.DISALLOW_MODIFY_ACCOUNTS, android.os.UserManager.DISALLOW_CONFIG_WIFI, android.os.UserManager.DISALLOW_CONFIG_LOCALE, android.os.UserManager.DISALLOW_INSTALL_APPS, android.os.UserManager.DISALLOW_UNINSTALL_APPS, android.os.UserManager.DISALLOW_SHARE_LOCATION, android.os.UserManager.DISALLOW_AIRPLANE_MODE, android.os.UserManager.DISALLOW_CONFIG_BRIGHTNESS, android.os.UserManager.DISALLOW_AMBIENT_DISPLAY, android.os.UserManager.DISALLOW_CONFIG_SCREEN_TIMEOUT, android.os.UserManager.DISALLOW_INSTALL_UNKNOWN_SOURCES, android.os.UserManager.DISALLOW_INSTALL_UNKNOWN_SOURCES_GLOBALLY, android.os.UserManager.DISALLOW_CONFIG_BLUETOOTH, android.os.UserManager.DISALLOW_BLUETOOTH, android.os.UserManager.DISALLOW_BLUETOOTH_SHARING, android.os.UserManager.DISALLOW_USB_FILE_TRANSFER, android.os.UserManager.DISALLOW_CONFIG_CREDENTIALS, android.os.UserManager.DISALLOW_REMOVE_USER, android.os.UserManager.DISALLOW_REMOVE_MANAGED_PROFILE, android.os.UserManager.DISALLOW_DEBUGGING_FEATURES, android.os.UserManager.DISALLOW_CONFIG_VPN, android.os.UserManager.DISALLOW_CONFIG_LOCATION, android.os.UserManager.DISALLOW_CONFIG_DATE_TIME, android.os.UserManager.DISALLOW_CONFIG_TETHERING, android.os.UserManager.DISALLOW_NETWORK_RESET, android.os.UserManager.DISALLOW_FACTORY_RESET, android.os.UserManager.DISALLOW_ADD_USER, android.os.UserManager.DISALLOW_ADD_MANAGED_PROFILE, android.os.UserManager.ENSURE_VERIFY_APPS, android.os.UserManager.DISALLOW_CONFIG_CELL_BROADCASTS, android.os.UserManager.DISALLOW_CONFIG_MOBILE_NETWORKS, android.os.UserManager.DISALLOW_APPS_CONTROL, android.os.UserManager.DISALLOW_MOUNT_PHYSICAL_MEDIA, android.os.UserManager.DISALLOW_UNMUTE_MICROPHONE, android.os.UserManager.DISALLOW_ADJUST_VOLUME, android.os.UserManager.DISALLOW_OUTGOING_CALLS, android.os.UserManager.DISALLOW_SMS, android.os.UserManager.DISALLOW_FUN, android.os.UserManager.DISALLOW_CREATE_WINDOWS, android.os.UserManager.DISALLOW_SYSTEM_ERROR_DIALOGS, android.os.UserManager.DISALLOW_CROSS_PROFILE_COPY_PASTE, android.os.UserManager.DISALLOW_OUTGOING_BEAM, android.os.UserManager.DISALLOW_SET_WALLPAPER, android.os.UserManager.DISALLOW_SAFE_BOOT, android.os.UserManager.DISALLOW_RUN_IN_BACKGROUND, android.os.UserManager.DISALLOW_DATA_ROAMING, android.os.UserManager.DISALLOW_SET_USER_ICON, android.os.UserManager.DISALLOW_OEM_UNLOCK, android.os.UserManager.DISALLOW_UNIFIED_PASSWORD, android.os.UserManager.ALLOW_PARENT_PROFILE_APP_LINKING, android.os.UserManager.DISALLOW_AUTOFILL, android.os.UserManager.DISALLOW_CONTENT_CAPTURE, android.os.UserManager.DISALLOW_CONTENT_SUGGESTIONS, android.os.UserManager.DISALLOW_USER_SWITCH, android.os.UserManager.DISALLOW_SHARE_INTO_MANAGED_PROFILE, android.os.UserManager.DISALLOW_PRINTING, android.os.UserManager.DISALLOW_CONFIG_PRIVATE_DNS, android.os.UserManager.DISALLOW_MICROPHONE_TOGGLE, android.os.UserManager.DISALLOW_CAMERA_TOGGLE, android.os.UserManager.KEY_RESTRICTIONS_PENDING, android.os.UserManager.DISALLOW_CHANGE_WIFI_STATE, android.os.UserManager.DISALLOW_WIFI_TETHERING, android.os.UserManager.DISALLOW_SHARING_ADMIN_CONFIGURED_WIFI, android.os.UserManager.DISALLOW_WIFI_DIRECT, android.os.UserManager.DISALLOW_ADD_WIFI_CONFIG, android.os.UserManager.DISALLOW_CELLULAR_2G}" />
    </annotation>
  </item>
  <item name="android.os.UserManager boolean hasUserRestrictionForUser(java.lang.String, android.os.UserHandle)">
    <annotation name="androidx.annotation.RequiresPermission">
      <val name="anyOf" val="{&quot;android.permission.MANAGE_USERS&quot;, &quot;android.permission.INTERACT_ACROSS_USERS&quot;}" />
      <val name="conditional" val="true" />
    </annotation>
  </item>
  <item name="android.os.UserManager boolean hasUserRestrictionForUser(java.lang.String, android.os.UserHandle) 0">
    <annotation name="androidx.annotation.StringDef">
      <val name="value" val="{android.os.UserManager.DISALLOW_MODIFY_ACCOUNTS, android.os.UserManager.DISALLOW_CONFIG_WIFI, android.os.UserManager.DISALLOW_CONFIG_LOCALE, android.os.UserManager.DISALLOW_INSTALL_APPS, android.os.UserManager.DISALLOW_UNINSTALL_APPS, android.os.UserManager.DISALLOW_SHARE_LOCATION, android.os.UserManager.DISALLOW_AIRPLANE_MODE, android.os.UserManager.DISALLOW_CONFIG_BRIGHTNESS, android.os.UserManager.DISALLOW_AMBIENT_DISPLAY, android.os.UserManager.DISALLOW_CONFIG_SCREEN_TIMEOUT, android.os.UserManager.DISALLOW_INSTALL_UNKNOWN_SOURCES, android.os.UserManager.DISALLOW_INSTALL_UNKNOWN_SOURCES_GLOBALLY, android.os.UserManager.DISALLOW_CONFIG_BLUETOOTH, android.os.UserManager.DISALLOW_BLUETOOTH, android.os.UserManager.DISALLOW_BLUETOOTH_SHARING, android.os.UserManager.DISALLOW_USB_FILE_TRANSFER, android.os.UserManager.DISALLOW_CONFIG_CREDENTIALS, android.os.UserManager.DISALLOW_REMOVE_USER, android.os.UserManager.DISALLOW_REMOVE_MANAGED_PROFILE, android.os.UserManager.DISALLOW_DEBUGGING_FEATURES, android.os.UserManager.DISALLOW_CONFIG_VPN, android.os.UserManager.DISALLOW_CONFIG_LOCATION, android.os.UserManager.DISALLOW_CONFIG_DATE_TIME, android.os.UserManager.DISALLOW_CONFIG_TETHERING, android.os.UserManager.DISALLOW_NETWORK_RESET, android.os.UserManager.DISALLOW_FACTORY_RESET, android.os.UserManager.DISALLOW_ADD_USER, android.os.UserManager.DISALLOW_ADD_MANAGED_PROFILE, android.os.UserManager.ENSURE_VERIFY_APPS, android.os.UserManager.DISALLOW_CONFIG_CELL_BROADCASTS, android.os.UserManager.DISALLOW_CONFIG_MOBILE_NETWORKS, android.os.UserManager.DISALLOW_APPS_CONTROL, android.os.UserManager.DISALLOW_MOUNT_PHYSICAL_MEDIA, android.os.UserManager.DISALLOW_UNMUTE_MICROPHONE, android.os.UserManager.DISALLOW_ADJUST_VOLUME, android.os.UserManager.DISALLOW_OUTGOING_CALLS, android.os.UserManager.DISALLOW_SMS, android.os.UserManager.DISALLOW_FUN, android.os.UserManager.DISALLOW_CREATE_WINDOWS, android.os.UserManager.DISALLOW_SYSTEM_ERROR_DIALOGS, android.os.UserManager.DISALLOW_CROSS_PROFILE_COPY_PASTE, android.os.UserManager.DISALLOW_OUTGOING_BEAM, android.os.UserManager.DISALLOW_SET_WALLPAPER, android.os.UserManager.DISALLOW_SAFE_BOOT, android.os.UserManager.DISALLOW_RUN_IN_BACKGROUND, android.os.UserManager.DISALLOW_DATA_ROAMING, android.os.UserManager.DISALLOW_SET_USER_ICON, android.os.UserManager.DISALLOW_OEM_UNLOCK, android.os.UserManager.DISALLOW_UNIFIED_PASSWORD, android.os.UserManager.ALLOW_PARENT_PROFILE_APP_LINKING, android.os.UserManager.DISALLOW_AUTOFILL, android.os.UserManager.DISALLOW_CONTENT_CAPTURE, android.os.UserManager.DISALLOW_CONTENT_SUGGESTIONS, android.os.UserManager.DISALLOW_USER_SWITCH, android.os.UserManager.DISALLOW_SHARE_INTO_MANAGED_PROFILE, android.os.UserManager.DISALLOW_PRINTING, android.os.UserManager.DISALLOW_CONFIG_PRIVATE_DNS, android.os.UserManager.DISALLOW_MICROPHONE_TOGGLE, android.os.UserManager.DISALLOW_CAMERA_TOGGLE, android.os.UserManager.KEY_RESTRICTIONS_PENDING, android.os.UserManager.DISALLOW_CHANGE_WIFI_STATE, android.os.UserManager.DISALLOW_WIFI_TETHERING, android.os.UserManager.DISALLOW_SHARING_ADMIN_CONFIGURED_WIFI, android.os.UserManager.DISALLOW_WIFI_DIRECT, android.os.UserManager.DISALLOW_ADD_WIFI_CONFIG, android.os.UserManager.DISALLOW_CELLULAR_2G}" />
    </annotation>
  </item>
  <item name="android.os.UserManager boolean isAdminUser()">
    <annotation name="androidx.annotation.RequiresPermission">
      <val name="anyOf" val="{&quot;android.permission.MANAGE_USERS&quot;, &quot;android.permission.CREATE_USERS&quot;, &quot;android.permission.QUERY_USERS&quot;}" />
    </annotation>
  </item>
  <item name="android.os.UserManager boolean isGuestUser()">
    <annotation name="androidx.annotation.RequiresPermission">
      <val name="anyOf" val="{&quot;android.permission.MANAGE_USERS&quot;, &quot;android.permission.CREATE_USERS&quot;, &quot;android.permission.QUERY_USERS&quot;}" />
    </annotation>
  </item>
  <item name="android.os.UserManager boolean isManagedProfile(int)">
    <annotation name="androidx.annotation.RequiresPermission">
      <val name="anyOf" val="{&quot;android.permission.MANAGE_USERS&quot;, &quot;android.permission.QUERY_USERS&quot;, &quot;android.permission.INTERACT_ACROSS_USERS&quot;}" />
      <val name="conditional" val="true" />
    </annotation>
  </item>
  <item name="android.os.UserManager boolean isMediaSharedWithParent()">
    <annotation name="androidx.annotation.RequiresPermission">
      <val name="anyOf" val="{&quot;android.permission.MANAGE_USERS&quot;, &quot;android.permission.INTERACT_ACROSS_USERS&quot;}" />
      <val name="conditional" val="true" />
    </annotation>
  </item>
  <item name="android.os.UserManager boolean isPrimaryUser()">
    <annotation name="androidx.annotation.RequiresPermission">
      <val name="anyOf" val="{&quot;android.permission.MANAGE_USERS&quot;, &quot;android.permission.CREATE_USERS&quot;, &quot;android.permission.QUERY_USERS&quot;}" />
    </annotation>
  </item>
  <item name="android.os.UserManager boolean isRemoveResultSuccessful(int) 0">
    <annotation name="androidx.annotation.IntDef">
      <val name="value" val="{android.os.UserManager.REMOVE_RESULT_REMOVED, android.os.UserManager.REMOVE_RESULT_DEFERRED, android.os.UserManager.REMOVE_RESULT_ALREADY_BEING_REMOVED, android.os.UserManager.REMOVE_RESULT_ERROR_USER_RESTRICTION, android.os.UserManager.REMOVE_RESULT_ERROR_USER_NOT_FOUND, android.os.UserManager.REMOVE_RESULT_ERROR_SYSTEM_USER, android.os.UserManager.REMOVE_RESULT_ERROR_UNKNOWN}" />
    </annotation>
  </item>
  <item name="android.os.UserManager boolean isRestrictedProfile(android.os.UserHandle)">
    <annotation name="androidx.annotation.RequiresPermission">
      <val name="anyOf" val="{&quot;android.permission.MANAGE_USERS&quot;, &quot;android.permission.CREATE_USERS&quot;}" />
      <val name="conditional" val="true" />
    </annotation>
  </item>
  <item name="android.os.UserManager boolean isSameProfileGroup(android.os.UserHandle, android.os.UserHandle)">
    <annotation name="androidx.annotation.RequiresPermission">
      <val name="anyOf" val="{&quot;android.permission.MANAGE_USERS&quot;, &quot;android.permission.QUERY_USERS&quot;}" />
    </annotation>
  </item>
  <item name="android.os.UserManager boolean isUserNameSet()">
    <annotation name="androidx.annotation.RequiresPermission">
      <val name="anyOf" val="{&quot;android.permission.MANAGE_USERS&quot;, &quot;android.permission.CREATE_USERS&quot;, &quot;android.permission.QUERY_USERS&quot;, &quot;android.permission.GET_ACCOUNTS_PRIVILEGED&quot;}" />
    </annotation>
  </item>
  <item name="android.os.UserManager boolean isUserOfType(java.lang.String)">
    <annotation name="androidx.annotation.RequiresPermission">
      <val name="anyOf" val="{&quot;android.permission.MANAGE_USERS&quot;, &quot;android.permission.CREATE_USERS&quot;, &quot;android.permission.QUERY_USERS&quot;}" />
    </annotation>
  </item>
  <item name="android.os.UserManager boolean isUserRunning(android.os.UserHandle)">
    <annotation name="androidx.annotation.RequiresPermission">
      <val name="anyOf" val="{&quot;android.permission.MANAGE_USERS&quot;, &quot;android.permission.INTERACT_ACROSS_USERS&quot;}" />
      <val name="conditional" val="true" />
    </annotation>
  </item>
  <item name="android.os.UserManager boolean isUserRunningOrStopping(android.os.UserHandle)">
    <annotation name="androidx.annotation.RequiresPermission">
      <val name="anyOf" val="{&quot;android.permission.MANAGE_USERS&quot;, &quot;android.permission.INTERACT_ACROSS_USERS&quot;}" />
      <val name="conditional" val="true" />
    </annotation>
  </item>
  <item name="android.os.UserManager boolean isUserUnlocked(android.os.UserHandle)">
    <annotation name="androidx.annotation.RequiresPermission">
      <val name="anyOf" val="{&quot;android.permission.MANAGE_USERS&quot;, &quot;android.permission.INTERACT_ACROSS_USERS&quot;}" />
      <val name="conditional" val="true" />
    </annotation>
  </item>
  <item name="android.os.UserManager boolean isUserUnlockingOrUnlocked(android.os.UserHandle)">
    <annotation name="androidx.annotation.RequiresPermission">
      <val name="anyOf" val="{&quot;android.permission.MANAGE_USERS&quot;, &quot;android.permission.INTERACT_ACROSS_USERS&quot;}" />
      <val name="conditional" val="true" />
    </annotation>
  </item>
  <item name="android.os.UserManager boolean removeUser(android.os.UserHandle)">
    <annotation name="androidx.annotation.RequiresPermission">
      <val name="anyOf" val="{&quot;android.permission.MANAGE_USERS&quot;, &quot;android.permission.CREATE_USERS&quot;}" />
    </annotation>
  </item>
  <item name="android.os.UserManager boolean requestQuietModeEnabled(boolean, android.os.UserHandle)">
    <annotation name="androidx.annotation.RequiresPermission">
      <val name="anyOf" val="{&quot;android.permission.MANAGE_USERS&quot;, &quot;android.permission.MODIFY_QUIET_MODE&quot;}" />
      <val name="conditional" val="true" />
    </annotation>
  </item>
  <item name="android.os.UserManager boolean requestQuietModeEnabled(boolean, android.os.UserHandle, int) 2">
    <annotation name="androidx.annotation.IntDef">
      <val name="value" val="{android.os.UserManager.QUIET_MODE_DISABLE_ONLY_IF_CREDENTIAL_NOT_REQUIRED}" />
      <val name="flag" val="true" />
    </annotation>
  </item>
  <item name="android.os.UserManager boolean someUserHasAccount(java.lang.String, java.lang.String)">
    <annotation name="androidx.annotation.RequiresPermission">
      <val name="anyOf" val="{&quot;android.permission.MANAGE_USERS&quot;, &quot;android.permission.CREATE_USERS&quot;}" />
    </annotation>
  </item>
  <item name="android.os.UserManager int getRemainingCreatableProfileCount(java.lang.String)">
    <annotation name="androidx.annotation.RequiresPermission">
      <val name="anyOf" val="{&quot;android.permission.MANAGE_USERS&quot;, &quot;android.permission.CREATE_USERS&quot;, &quot;android.permission.QUERY_USERS&quot;}" />
    </annotation>
  </item>
  <item name="android.os.UserManager int getRemainingCreatableUserCount(java.lang.String)">
    <annotation name="androidx.annotation.RequiresPermission">
      <val name="anyOf" val="{&quot;android.permission.MANAGE_USERS&quot;, &quot;android.permission.CREATE_USERS&quot;, &quot;android.permission.QUERY_USERS&quot;}" />
    </annotation>
  </item>
  <item name="android.os.UserManager int getUserCount()">
    <annotation name="androidx.annotation.RequiresPermission">
      <val name="anyOf" val="{&quot;android.permission.MANAGE_USERS&quot;, &quot;android.permission.CREATE_USERS&quot;}" />
    </annotation>
  </item>
  <item name="android.os.UserManager int getUserRestrictionSource(java.lang.String, android.os.UserHandle)">
    <annotation name="androidx.annotation.IntDef">
      <val name="value" val="{android.os.UserManager.RESTRICTION_NOT_SET, android.os.UserManager.RESTRICTION_SOURCE_SYSTEM, android.os.UserManager.RESTRICTION_SOURCE_DEVICE_OWNER, android.os.UserManager.RESTRICTION_SOURCE_PROFILE_OWNER}" />
      <val name="flag" val="true" />
    </annotation>
    <annotation name="androidx.annotation.RequiresPermission">
      <val name="anyOf" val="{&quot;android.permission.MANAGE_USERS&quot;, &quot;android.permission.QUERY_USERS&quot;}" />
    </annotation>
  </item>
  <item name="android.os.UserManager int getUserRestrictionSource(java.lang.String, android.os.UserHandle) 0">
    <annotation name="androidx.annotation.StringDef">
      <val name="value" val="{android.os.UserManager.DISALLOW_MODIFY_ACCOUNTS, android.os.UserManager.DISALLOW_CONFIG_WIFI, android.os.UserManager.DISALLOW_CONFIG_LOCALE, android.os.UserManager.DISALLOW_INSTALL_APPS, android.os.UserManager.DISALLOW_UNINSTALL_APPS, android.os.UserManager.DISALLOW_SHARE_LOCATION, android.os.UserManager.DISALLOW_AIRPLANE_MODE, android.os.UserManager.DISALLOW_CONFIG_BRIGHTNESS, android.os.UserManager.DISALLOW_AMBIENT_DISPLAY, android.os.UserManager.DISALLOW_CONFIG_SCREEN_TIMEOUT, android.os.UserManager.DISALLOW_INSTALL_UNKNOWN_SOURCES, android.os.UserManager.DISALLOW_INSTALL_UNKNOWN_SOURCES_GLOBALLY, android.os.UserManager.DISALLOW_CONFIG_BLUETOOTH, android.os.UserManager.DISALLOW_BLUETOOTH, android.os.UserManager.DISALLOW_BLUETOOTH_SHARING, android.os.UserManager.DISALLOW_USB_FILE_TRANSFER, android.os.UserManager.DISALLOW_CONFIG_CREDENTIALS, android.os.UserManager.DISALLOW_REMOVE_USER, android.os.UserManager.DISALLOW_REMOVE_MANAGED_PROFILE, android.os.UserManager.DISALLOW_DEBUGGING_FEATURES, android.os.UserManager.DISALLOW_CONFIG_VPN, android.os.UserManager.DISALLOW_CONFIG_LOCATION, android.os.UserManager.DISALLOW_CONFIG_DATE_TIME, android.os.UserManager.DISALLOW_CONFIG_TETHERING, android.os.UserManager.DISALLOW_NETWORK_RESET, android.os.UserManager.DISALLOW_FACTORY_RESET, android.os.UserManager.DISALLOW_ADD_USER, android.os.UserManager.DISALLOW_ADD_MANAGED_PROFILE, android.os.UserManager.ENSURE_VERIFY_APPS, android.os.UserManager.DISALLOW_CONFIG_CELL_BROADCASTS, android.os.UserManager.DISALLOW_CONFIG_MOBILE_NETWORKS, android.os.UserManager.DISALLOW_APPS_CONTROL, android.os.UserManager.DISALLOW_MOUNT_PHYSICAL_MEDIA, android.os.UserManager.DISALLOW_UNMUTE_MICROPHONE, android.os.UserManager.DISALLOW_ADJUST_VOLUME, android.os.UserManager.DISALLOW_OUTGOING_CALLS, android.os.UserManager.DISALLOW_SMS, android.os.UserManager.DISALLOW_FUN, android.os.UserManager.DISALLOW_CREATE_WINDOWS, android.os.UserManager.DISALLOW_SYSTEM_ERROR_DIALOGS, android.os.UserManager.DISALLOW_CROSS_PROFILE_COPY_PASTE, android.os.UserManager.DISALLOW_OUTGOING_BEAM, android.os.UserManager.DISALLOW_SET_WALLPAPER, android.os.UserManager.DISALLOW_SAFE_BOOT, android.os.UserManager.DISALLOW_RUN_IN_BACKGROUND, android.os.UserManager.DISALLOW_DATA_ROAMING, android.os.UserManager.DISALLOW_SET_USER_ICON, android.os.UserManager.DISALLOW_OEM_UNLOCK, android.os.UserManager.DISALLOW_UNIFIED_PASSWORD, android.os.UserManager.ALLOW_PARENT_PROFILE_APP_LINKING, android.os.UserManager.DISALLOW_AUTOFILL, android.os.UserManager.DISALLOW_CONTENT_CAPTURE, android.os.UserManager.DISALLOW_CONTENT_SUGGESTIONS, android.os.UserManager.DISALLOW_USER_SWITCH, android.os.UserManager.DISALLOW_SHARE_INTO_MANAGED_PROFILE, android.os.UserManager.DISALLOW_PRINTING, android.os.UserManager.DISALLOW_CONFIG_PRIVATE_DNS, android.os.UserManager.DISALLOW_MICROPHONE_TOGGLE, android.os.UserManager.DISALLOW_CAMERA_TOGGLE, android.os.UserManager.KEY_RESTRICTIONS_PENDING, android.os.UserManager.DISALLOW_CHANGE_WIFI_STATE, android.os.UserManager.DISALLOW_WIFI_TETHERING, android.os.UserManager.DISALLOW_SHARING_ADMIN_CONFIGURED_WIFI, android.os.UserManager.DISALLOW_WIFI_DIRECT, android.os.UserManager.DISALLOW_ADD_WIFI_CONFIG, android.os.UserManager.DISALLOW_CELLULAR_2G}" />
    </annotation>
  </item>
  <item name="android.os.UserManager int getUserSwitchability()">
    <annotation name="androidx.annotation.RequiresPermission">
      <val name="allOf" val="{&quot;android.permission.READ_PHONE_STATE&quot;, &quot;android.permission.MANAGE_USERS&quot;, &quot;android.permission.INTERACT_ACROSS_USERS&quot;}" />
      <val name="conditional" val="true" />
    </annotation>
    <annotation name="androidx.annotation.IntDef">
      <val name="value" val="{android.os.UserManager.SWITCHABILITY_STATUS_OK, android.os.UserManager.SWITCHABILITY_STATUS_USER_IN_CALL, android.os.UserManager.SWITCHABILITY_STATUS_USER_SWITCH_DISALLOWED, android.os.UserManager.SWITCHABILITY_STATUS_SYSTEM_USER_LOCKED}" />
      <val name="flag" val="true" />
    </annotation>
  </item>
  <item name="android.os.UserManager int removeUserWhenPossible(android.os.UserHandle, boolean)">
    <annotation name="androidx.annotation.RequiresPermission">
      <val name="anyOf" val="{&quot;android.permission.MANAGE_USERS&quot;, &quot;android.permission.CREATE_USERS&quot;}" />
    </annotation>
    <annotation name="androidx.annotation.IntDef">
      <val name="value" val="{android.os.UserManager.REMOVE_RESULT_REMOVED, android.os.UserManager.REMOVE_RESULT_DEFERRED, android.os.UserManager.REMOVE_RESULT_ALREADY_BEING_REMOVED, android.os.UserManager.REMOVE_RESULT_ERROR_USER_RESTRICTION, android.os.UserManager.REMOVE_RESULT_ERROR_USER_NOT_FOUND, android.os.UserManager.REMOVE_RESULT_ERROR_SYSTEM_USER, android.os.UserManager.REMOVE_RESULT_ERROR_UNKNOWN}" />
    </annotation>
  </item>
  <item name="android.os.UserManager java.lang.String getSeedAccountName()">
    <annotation name="androidx.annotation.RequiresPermission">
      <val name="value" val="&quot;android.permission.MANAGE_USERS&quot;" />
    </annotation>
  </item>
  <item name="android.os.UserManager java.lang.String getSeedAccountType()">
    <annotation name="androidx.annotation.RequiresPermission">
      <val name="value" val="&quot;android.permission.MANAGE_USERS&quot;" />
    </annotation>
  </item>
  <item name="android.os.UserManager java.lang.String getUserName()">
    <annotation name="androidx.annotation.RequiresPermission">
      <val name="anyOf" val="{&quot;android.permission.MANAGE_USERS&quot;, &quot;android.permission.CREATE_USERS&quot;, &quot;android.permission.QUERY_USERS&quot;, &quot;android.permission.GET_ACCOUNTS_PRIVILEGED&quot;}" />
    </annotation>
  </item>
  <item name="android.os.UserManager java.util.List&lt;android.os.UserHandle&gt; getUserHandles(boolean)">
    <annotation name="androidx.annotation.RequiresPermission">
      <val name="anyOf" val="{&quot;android.permission.MANAGE_USERS&quot;, &quot;android.permission.CREATE_USERS&quot;}" />
    </annotation>
  </item>
  <item name="android.os.UserManager java.util.List&lt;android.os.UserManager.EnforcingUser&gt; getUserRestrictionSources(java.lang.String, android.os.UserHandle)">
    <annotation name="androidx.annotation.RequiresPermission">
      <val name="anyOf" val="{&quot;android.permission.MANAGE_USERS&quot;, &quot;android.permission.QUERY_USERS&quot;}" />
    </annotation>
  </item>
  <item name="android.os.UserManager java.util.List&lt;android.os.UserManager.EnforcingUser&gt; getUserRestrictionSources(java.lang.String, android.os.UserHandle) 0">
    <annotation name="androidx.annotation.StringDef">
      <val name="value" val="{android.os.UserManager.DISALLOW_MODIFY_ACCOUNTS, android.os.UserManager.DISALLOW_CONFIG_WIFI, android.os.UserManager.DISALLOW_CONFIG_LOCALE, android.os.UserManager.DISALLOW_INSTALL_APPS, android.os.UserManager.DISALLOW_UNINSTALL_APPS, android.os.UserManager.DISALLOW_SHARE_LOCATION, android.os.UserManager.DISALLOW_AIRPLANE_MODE, android.os.UserManager.DISALLOW_CONFIG_BRIGHTNESS, android.os.UserManager.DISALLOW_AMBIENT_DISPLAY, android.os.UserManager.DISALLOW_CONFIG_SCREEN_TIMEOUT, android.os.UserManager.DISALLOW_INSTALL_UNKNOWN_SOURCES, android.os.UserManager.DISALLOW_INSTALL_UNKNOWN_SOURCES_GLOBALLY, android.os.UserManager.DISALLOW_CONFIG_BLUETOOTH, android.os.UserManager.DISALLOW_BLUETOOTH, android.os.UserManager.DISALLOW_BLUETOOTH_SHARING, android.os.UserManager.DISALLOW_USB_FILE_TRANSFER, android.os.UserManager.DISALLOW_CONFIG_CREDENTIALS, android.os.UserManager.DISALLOW_REMOVE_USER, android.os.UserManager.DISALLOW_REMOVE_MANAGED_PROFILE, android.os.UserManager.DISALLOW_DEBUGGING_FEATURES, android.os.UserManager.DISALLOW_CONFIG_VPN, android.os.UserManager.DISALLOW_CONFIG_LOCATION, android.os.UserManager.DISALLOW_CONFIG_DATE_TIME, android.os.UserManager.DISALLOW_CONFIG_TETHERING, android.os.UserManager.DISALLOW_NETWORK_RESET, android.os.UserManager.DISALLOW_FACTORY_RESET, android.os.UserManager.DISALLOW_ADD_USER, android.os.UserManager.DISALLOW_ADD_MANAGED_PROFILE, android.os.UserManager.ENSURE_VERIFY_APPS, android.os.UserManager.DISALLOW_CONFIG_CELL_BROADCASTS, android.os.UserManager.DISALLOW_CONFIG_MOBILE_NETWORKS, android.os.UserManager.DISALLOW_APPS_CONTROL, android.os.UserManager.DISALLOW_MOUNT_PHYSICAL_MEDIA, android.os.UserManager.DISALLOW_UNMUTE_MICROPHONE, android.os.UserManager.DISALLOW_ADJUST_VOLUME, android.os.UserManager.DISALLOW_OUTGOING_CALLS, android.os.UserManager.DISALLOW_SMS, android.os.UserManager.DISALLOW_FUN, android.os.UserManager.DISALLOW_CREATE_WINDOWS, android.os.UserManager.DISALLOW_SYSTEM_ERROR_DIALOGS, android.os.UserManager.DISALLOW_CROSS_PROFILE_COPY_PASTE, android.os.UserManager.DISALLOW_OUTGOING_BEAM, android.os.UserManager.DISALLOW_SET_WALLPAPER, android.os.UserManager.DISALLOW_SAFE_BOOT, android.os.UserManager.DISALLOW_RUN_IN_BACKGROUND, android.os.UserManager.DISALLOW_DATA_ROAMING, android.os.UserManager.DISALLOW_SET_USER_ICON, android.os.UserManager.DISALLOW_OEM_UNLOCK, android.os.UserManager.DISALLOW_UNIFIED_PASSWORD, android.os.UserManager.ALLOW_PARENT_PROFILE_APP_LINKING, android.os.UserManager.DISALLOW_AUTOFILL, android.os.UserManager.DISALLOW_CONTENT_CAPTURE, android.os.UserManager.DISALLOW_CONTENT_SUGGESTIONS, android.os.UserManager.DISALLOW_USER_SWITCH, android.os.UserManager.DISALLOW_SHARE_INTO_MANAGED_PROFILE, android.os.UserManager.DISALLOW_PRINTING, android.os.UserManager.DISALLOW_CONFIG_PRIVATE_DNS, android.os.UserManager.DISALLOW_MICROPHONE_TOGGLE, android.os.UserManager.DISALLOW_CAMERA_TOGGLE, android.os.UserManager.KEY_RESTRICTIONS_PENDING, android.os.UserManager.DISALLOW_CHANGE_WIFI_STATE, android.os.UserManager.DISALLOW_WIFI_TETHERING, android.os.UserManager.DISALLOW_SHARING_ADMIN_CONFIGURED_WIFI, android.os.UserManager.DISALLOW_WIFI_DIRECT, android.os.UserManager.DISALLOW_ADD_WIFI_CONFIG, android.os.UserManager.DISALLOW_CELLULAR_2G}" />
    </annotation>
  </item>
  <item name="android.os.UserManager long[] getSerialNumbersOfUsers(boolean)">
    <annotation name="androidx.annotation.RequiresPermission">
      <val name="anyOf" val="{&quot;android.permission.MANAGE_USERS&quot;, &quot;android.permission.CREATE_USERS&quot;}" />
    </annotation>
  </item>
  <item name="android.os.UserManager void clearSeedAccountData()">
    <annotation name="androidx.annotation.RequiresPermission">
      <val name="value" val="&quot;android.permission.MANAGE_USERS&quot;" />
    </annotation>
  </item>
  <item name="android.os.UserManager void setUserIcon(android.graphics.Bitmap)">
    <annotation name="androidx.annotation.RequiresPermission">
      <val name="value" val="&quot;android.permission.MANAGE_USERS&quot;" />
    </annotation>
  </item>
  <item name="android.os.UserManager void setUserName(java.lang.String)">
    <annotation name="androidx.annotation.RequiresPermission">
      <val name="value" val="&quot;android.permission.MANAGE_USERS&quot;" />
    </annotation>
  </item>
  <item name="android.os.UserManager void setUserRestriction(java.lang.String, boolean)">
    <annotation name="androidx.annotation.RequiresPermission">
      <val name="value" val="&quot;android.permission.MANAGE_USERS&quot;" />
    </annotation>
  </item>
  <item name="android.os.UserManager.EnforcingUser int getUserRestrictionSource()">
    <annotation name="androidx.annotation.IntDef">
      <val name="value" val="{android.os.UserManager.RESTRICTION_NOT_SET, android.os.UserManager.RESTRICTION_SOURCE_SYSTEM, android.os.UserManager.RESTRICTION_SOURCE_DEVICE_OWNER, android.os.UserManager.RESTRICTION_SOURCE_PROFILE_OWNER}" />
      <val name="flag" val="true" />
    </annotation>
  </item>
  <item name="android.os.UserManager.UserOperationException int getUserOperationResult()">
    <annotation name="androidx.annotation.IntDef">
      <val name="value" val="{android.os.UserManager.USER_OPERATION_SUCCESS, android.os.UserManager.USER_OPERATION_ERROR_UNKNOWN, android.os.UserManager.USER_OPERATION_ERROR_MANAGED_PROFILE, android.os.UserManager.USER_OPERATION_ERROR_MAX_RUNNING_USERS, android.os.UserManager.USER_OPERATION_ERROR_CURRENT_USER, android.os.UserManager.USER_OPERATION_ERROR_LOW_STORAGE, android.os.UserManager.USER_OPERATION_ERROR_MAX_USERS, android.os.UserManager.USER_OPERATION_ERROR_USER_ACCOUNT_ALREADY_EXISTS}" />
    </annotation>
  </item>
  <item name="android.os.VibrationAttributes android.os.VibrationAttributes createForUsage(int) 0">
    <annotation name="androidx.annotation.IntDef">
      <val name="value" val="{android.os.VibrationAttributes.USAGE_UNKNOWN, android.os.VibrationAttributes.USAGE_ACCESSIBILITY, android.os.VibrationAttributes.USAGE_ALARM, android.os.VibrationAttributes.USAGE_COMMUNICATION_REQUEST, android.os.VibrationAttributes.USAGE_HARDWARE_FEEDBACK, android.os.VibrationAttributes.USAGE_MEDIA, android.os.VibrationAttributes.USAGE_NOTIFICATION, android.os.VibrationAttributes.USAGE_PHYSICAL_EMULATION, android.os.VibrationAttributes.USAGE_RINGTONE, android.os.VibrationAttributes.USAGE_TOUCH}" />
    </annotation>
  </item>
  <item name="android.os.VibrationAttributes boolean isFlagSet(int) 0">
    <annotation name="androidx.annotation.IntDef">
      <val name="value" val="{android.os.VibrationAttributes.FLAG_BYPASS_INTERRUPTION_POLICY}" />
      <val name="flag" val="true" />
    </annotation>
  </item>
  <item name="android.os.VibrationAttributes int getFlags()">
    <annotation name="androidx.annotation.IntDef">
      <val name="value" val="{android.os.VibrationAttributes.FLAG_BYPASS_INTERRUPTION_POLICY}" />
      <val name="flag" val="true" />
    </annotation>
  </item>
  <item name="android.os.VibrationAttributes int getUsage()">
    <annotation name="androidx.annotation.IntDef">
      <val name="value" val="{android.os.VibrationAttributes.USAGE_UNKNOWN, android.os.VibrationAttributes.USAGE_ACCESSIBILITY, android.os.VibrationAttributes.USAGE_ALARM, android.os.VibrationAttributes.USAGE_COMMUNICATION_REQUEST, android.os.VibrationAttributes.USAGE_HARDWARE_FEEDBACK, android.os.VibrationAttributes.USAGE_MEDIA, android.os.VibrationAttributes.USAGE_NOTIFICATION, android.os.VibrationAttributes.USAGE_PHYSICAL_EMULATION, android.os.VibrationAttributes.USAGE_RINGTONE, android.os.VibrationAttributes.USAGE_TOUCH}" />
    </annotation>
  </item>
  <item name="android.os.VibrationAttributes int getUsageClass()">
    <annotation name="androidx.annotation.IntDef">
      <val name="value" val="{android.os.VibrationAttributes.USAGE_CLASS_UNKNOWN, android.os.VibrationAttributes.USAGE_CLASS_ALARM, android.os.VibrationAttributes.USAGE_CLASS_FEEDBACK, android.os.VibrationAttributes.USAGE_CLASS_MEDIA}" />
    </annotation>
  </item>
  <item name="android.os.VibrationAttributes.Builder android.os.VibrationAttributes.Builder setFlags(int, int) 0">
    <annotation name="androidx.annotation.IntDef">
      <val name="value" val="{android.os.VibrationAttributes.FLAG_BYPASS_INTERRUPTION_POLICY}" />
      <val name="flag" val="true" />
    </annotation>
  </item>
  <item name="android.os.VibrationAttributes.Builder android.os.VibrationAttributes.Builder setUsage(int) 0">
    <annotation name="androidx.annotation.IntDef">
      <val name="value" val="{android.os.VibrationAttributes.USAGE_UNKNOWN, android.os.VibrationAttributes.USAGE_ACCESSIBILITY, android.os.VibrationAttributes.USAGE_ALARM, android.os.VibrationAttributes.USAGE_COMMUNICATION_REQUEST, android.os.VibrationAttributes.USAGE_HARDWARE_FEEDBACK, android.os.VibrationAttributes.USAGE_MEDIA, android.os.VibrationAttributes.USAGE_NOTIFICATION, android.os.VibrationAttributes.USAGE_PHYSICAL_EMULATION, android.os.VibrationAttributes.USAGE_RINGTONE, android.os.VibrationAttributes.USAGE_TOUCH}" />
    </annotation>
  </item>
  <item name="android.os.VibrationEffect android.os.VibrationEffect createPredefined(int) 0">
    <annotation name="androidx.annotation.IntDef">
      <val name="value" val="{android.os.VibrationEffect.EFFECT_TICK, android.os.VibrationEffect.EFFECT_CLICK, android.os.VibrationEffect.EFFECT_HEAVY_CLICK, android.os.VibrationEffect.EFFECT_DOUBLE_CLICK}" />
    </annotation>
  </item>
  <item name="android.os.VibrationEffect.Composition android.os.VibrationEffect.Composition addPrimitive(int) 0">
    <annotation name="androidx.annotation.IntDef">
      <val name="value" val="{android.os.VibrationEffect.Composition.PRIMITIVE_CLICK, android.os.VibrationEffect.Composition.PRIMITIVE_THUD, android.os.VibrationEffect.Composition.PRIMITIVE_SPIN, android.os.VibrationEffect.Composition.PRIMITIVE_QUICK_RISE, android.os.VibrationEffect.Composition.PRIMITIVE_SLOW_RISE, android.os.VibrationEffect.Composition.PRIMITIVE_QUICK_FALL, android.os.VibrationEffect.Composition.PRIMITIVE_TICK, android.os.VibrationEffect.Composition.PRIMITIVE_LOW_TICK}" />
    </annotation>
  </item>
  <item name="android.os.VibrationEffect.Composition android.os.VibrationEffect.Composition addPrimitive(int, float) 0">
    <annotation name="androidx.annotation.IntDef">
      <val name="value" val="{android.os.VibrationEffect.Composition.PRIMITIVE_CLICK, android.os.VibrationEffect.Composition.PRIMITIVE_THUD, android.os.VibrationEffect.Composition.PRIMITIVE_SPIN, android.os.VibrationEffect.Composition.PRIMITIVE_QUICK_RISE, android.os.VibrationEffect.Composition.PRIMITIVE_SLOW_RISE, android.os.VibrationEffect.Composition.PRIMITIVE_QUICK_FALL, android.os.VibrationEffect.Composition.PRIMITIVE_TICK, android.os.VibrationEffect.Composition.PRIMITIVE_LOW_TICK}" />
    </annotation>
  </item>
  <item name="android.os.VibrationEffect.Composition android.os.VibrationEffect.Composition addPrimitive(int, float) 1">
    <annotation name="androidx.annotation.FloatRange">
      <val name="from" val="0.0" />
      <val name="to" val="1.0" />
    </annotation>
  </item>
  <item name="android.os.VibrationEffect.Composition android.os.VibrationEffect.Composition addPrimitive(int, float, int) 0">
    <annotation name="androidx.annotation.IntDef">
      <val name="value" val="{android.os.VibrationEffect.Composition.PRIMITIVE_CLICK, android.os.VibrationEffect.Composition.PRIMITIVE_THUD, android.os.VibrationEffect.Composition.PRIMITIVE_SPIN, android.os.VibrationEffect.Composition.PRIMITIVE_QUICK_RISE, android.os.VibrationEffect.Composition.PRIMITIVE_SLOW_RISE, android.os.VibrationEffect.Composition.PRIMITIVE_QUICK_FALL, android.os.VibrationEffect.Composition.PRIMITIVE_TICK, android.os.VibrationEffect.Composition.PRIMITIVE_LOW_TICK}" />
    </annotation>
  </item>
  <item name="android.os.VibrationEffect.Composition android.os.VibrationEffect.Composition addPrimitive(int, float, int) 1">
    <annotation name="androidx.annotation.FloatRange">
      <val name="from" val="0.0" />
      <val name="to" val="1.0" />
    </annotation>
  </item>
  <item name="android.os.VibrationEffect.Composition android.os.VibrationEffect.Composition addPrimitive(int, float, int) 2">
    <annotation name="androidx.annotation.IntRange">
      <val name="from" val="0" />
    </annotation>
  </item>
  <item name="android.os.Vibrator boolean areAllPrimitivesSupported(int...) 0">
    <annotation name="androidx.annotation.IntDef">
      <val name="value" val="{android.os.VibrationEffect.Composition.PRIMITIVE_CLICK, android.os.VibrationEffect.Composition.PRIMITIVE_THUD, android.os.VibrationEffect.Composition.PRIMITIVE_SPIN, android.os.VibrationEffect.Composition.PRIMITIVE_QUICK_RISE, android.os.VibrationEffect.Composition.PRIMITIVE_SLOW_RISE, android.os.VibrationEffect.Composition.PRIMITIVE_QUICK_FALL, android.os.VibrationEffect.Composition.PRIMITIVE_TICK, android.os.VibrationEffect.Composition.PRIMITIVE_LOW_TICK}" />
    </annotation>
  </item>
  <item name="android.os.Vibrator boolean isVibrating()">
    <annotation name="androidx.annotation.RequiresPermission">
      <val name="value" val="&quot;android.permission.ACCESS_VIBRATOR_STATE&quot;" />
    </annotation>
  </item>
  <item name="android.os.Vibrator boolean[] arePrimitivesSupported(int...) 0">
    <annotation name="androidx.annotation.IntDef">
      <val name="value" val="{android.os.VibrationEffect.Composition.PRIMITIVE_CLICK, android.os.VibrationEffect.Composition.PRIMITIVE_THUD, android.os.VibrationEffect.Composition.PRIMITIVE_SPIN, android.os.VibrationEffect.Composition.PRIMITIVE_QUICK_RISE, android.os.VibrationEffect.Composition.PRIMITIVE_SLOW_RISE, android.os.VibrationEffect.Composition.PRIMITIVE_QUICK_FALL, android.os.VibrationEffect.Composition.PRIMITIVE_TICK, android.os.VibrationEffect.Composition.PRIMITIVE_LOW_TICK}" />
    </annotation>
  </item>
  <item name="android.os.Vibrator int areAllEffectsSupported(int...)">
    <annotation name="androidx.annotation.IntDef">
      <val name="value" val="{android.os.Vibrator.VIBRATION_EFFECT_SUPPORT_UNKNOWN, android.os.Vibrator.VIBRATION_EFFECT_SUPPORT_YES, android.os.Vibrator.VIBRATION_EFFECT_SUPPORT_NO}" />
    </annotation>
  </item>
  <item name="android.os.Vibrator int areAllEffectsSupported(int...) 0">
    <annotation name="androidx.annotation.IntDef">
      <val name="value" val="{android.os.VibrationEffect.EFFECT_TICK, android.os.VibrationEffect.EFFECT_CLICK, android.os.VibrationEffect.EFFECT_HEAVY_CLICK, android.os.VibrationEffect.EFFECT_DOUBLE_CLICK}" />
    </annotation>
  </item>
  <item name="android.os.Vibrator int[] areEffectsSupported(int...)">
    <annotation name="androidx.annotation.IntDef">
      <val name="value" val="{android.os.Vibrator.VIBRATION_EFFECT_SUPPORT_UNKNOWN, android.os.Vibrator.VIBRATION_EFFECT_SUPPORT_YES, android.os.Vibrator.VIBRATION_EFFECT_SUPPORT_NO}" />
    </annotation>
  </item>
  <item name="android.os.Vibrator int[] areEffectsSupported(int...) 0">
    <annotation name="androidx.annotation.IntDef">
      <val name="value" val="{android.os.VibrationEffect.EFFECT_TICK, android.os.VibrationEffect.EFFECT_CLICK, android.os.VibrationEffect.EFFECT_HEAVY_CLICK, android.os.VibrationEffect.EFFECT_DOUBLE_CLICK}" />
    </annotation>
  </item>
  <item name="android.os.Vibrator int[] getPrimitiveDurations(int...) 0">
    <annotation name="androidx.annotation.IntDef">
      <val name="value" val="{android.os.VibrationEffect.Composition.PRIMITIVE_CLICK, android.os.VibrationEffect.Composition.PRIMITIVE_THUD, android.os.VibrationEffect.Composition.PRIMITIVE_SPIN, android.os.VibrationEffect.Composition.PRIMITIVE_QUICK_RISE, android.os.VibrationEffect.Composition.PRIMITIVE_SLOW_RISE, android.os.VibrationEffect.Composition.PRIMITIVE_QUICK_FALL, android.os.VibrationEffect.Composition.PRIMITIVE_TICK, android.os.VibrationEffect.Composition.PRIMITIVE_LOW_TICK}" />
    </annotation>
  </item>
  <item name="android.os.Vibrator void addVibratorStateListener(android.os.Vibrator.OnVibratorStateChangedListener)">
    <annotation name="androidx.annotation.RequiresPermission">
      <val name="value" val="&quot;android.permission.ACCESS_VIBRATOR_STATE&quot;" />
    </annotation>
  </item>
  <item name="android.os.Vibrator void addVibratorStateListener(java.util.concurrent.Executor, android.os.Vibrator.OnVibratorStateChangedListener)">
    <annotation name="androidx.annotation.RequiresPermission">
      <val name="value" val="&quot;android.permission.ACCESS_VIBRATOR_STATE&quot;" />
    </annotation>
  </item>
  <item name="android.os.Vibrator void cancel()">
    <annotation name="androidx.annotation.RequiresPermission">
      <val name="value" val="&quot;android.permission.VIBRATE&quot;" />
    </annotation>
  </item>
  <item name="android.os.Vibrator void removeVibratorStateListener(android.os.Vibrator.OnVibratorStateChangedListener)">
    <annotation name="androidx.annotation.RequiresPermission">
      <val name="value" val="&quot;android.permission.ACCESS_VIBRATOR_STATE&quot;" />
    </annotation>
  </item>
  <item name="android.os.Vibrator void vibrate(android.os.VibrationEffect)">
    <annotation name="androidx.annotation.RequiresPermission">
      <val name="value" val="&quot;android.permission.VIBRATE&quot;" />
    </annotation>
  </item>
  <item name="android.os.Vibrator void vibrate(android.os.VibrationEffect, android.media.AudioAttributes)">
    <annotation name="androidx.annotation.RequiresPermission">
      <val name="value" val="&quot;android.permission.VIBRATE&quot;" />
    </annotation>
  </item>
  <item name="android.os.Vibrator void vibrate(android.os.VibrationEffect, android.os.VibrationAttributes)">
    <annotation name="androidx.annotation.RequiresPermission">
      <val name="value" val="&quot;android.permission.VIBRATE&quot;" />
    </annotation>
  </item>
  <item name="android.os.Vibrator void vibrate(long)">
    <annotation name="androidx.annotation.RequiresPermission">
      <val name="value" val="&quot;android.permission.VIBRATE&quot;" />
    </annotation>
  </item>
  <item name="android.os.Vibrator void vibrate(long, android.media.AudioAttributes)">
    <annotation name="androidx.annotation.RequiresPermission">
      <val name="value" val="&quot;android.permission.VIBRATE&quot;" />
    </annotation>
  </item>
  <item name="android.os.Vibrator void vibrate(long[], int)">
    <annotation name="androidx.annotation.RequiresPermission">
      <val name="value" val="&quot;android.permission.VIBRATE&quot;" />
    </annotation>
  </item>
  <item name="android.os.Vibrator void vibrate(long[], int, android.media.AudioAttributes)">
    <annotation name="androidx.annotation.RequiresPermission">
      <val name="value" val="&quot;android.permission.VIBRATE&quot;" />
    </annotation>
  </item>
  <item name="android.os.VibratorManager void cancel()">
    <annotation name="androidx.annotation.RequiresPermission">
      <val name="value" val="&quot;android.permission.VIBRATE&quot;" />
    </annotation>
  </item>
  <item name="android.os.VibratorManager void vibrate(android.os.CombinedVibration)">
    <annotation name="androidx.annotation.RequiresPermission">
      <val name="value" val="&quot;android.permission.VIBRATE&quot;" />
    </annotation>
  </item>
  <item name="android.os.VibratorManager void vibrate(android.os.CombinedVibration, android.os.VibrationAttributes)">
    <annotation name="androidx.annotation.RequiresPermission">
      <val name="value" val="&quot;android.permission.VIBRATE&quot;" />
    </annotation>
  </item>
</root>

