<?xml version="1.0" encoding="UTF-8"?>
<root>
  <item name="android.healthconnect.datatypes.BasalBodyTemperatureRecord int getMeasurementLocation()">
    <annotation name="androidx.annotation.IntDef">
      <val name="value" val="{android.healthconnect.datatypes.BodyTemperatureMeasurementLocation.MEASUREMENT_LOCATION_UNKNOWN, android.healthconnect.datatypes.BodyTemperatureMeasurementLocation.MEASUREMENT_LOCATION_ARMPIT, android.healthconnect.datatypes.BodyTemperatureMeasurementLocation.MEASUREMENT_LOCATION_FINGER, android.healthconnect.datatypes.BodyTemperatureMeasurementLocation.MEASUREMENT_LOCATION_FOREHEAD, android.healthconnect.datatypes.BodyTemperatureMeasurementLocation.MEASUREMENT_LOCATION_MOUTH, android.healthconnect.datatypes.BodyTemperatureMeasurementLocation.MEASUREMENT_LOCATION_RECTUM, android.healthconnect.datatypes.BodyTemperatureMeasurementLocation.MEASUREMENT_LOCATION_TEMPORAL_ARTERY, android.healthconnect.datatypes.BodyTemperatureMeasurementLocation.MEASUREMENT_LOCATION_TOE, android.healthconnect.datatypes.BodyTemperatureMeasurementLocation.MEASUREMENT_LOCATION_EAR, android.healthconnect.datatypes.BodyTemperatureMeasurementLocation.MEASUREMENT_LOCATION_WRIST, android.healthconnect.datatypes.BodyTemperatureMeasurementLocation.MEASUREMENT_LOCATION_VAGINA}" />
    </annotation>
  </item>
  <item name="android.healthconnect.datatypes.BasalBodyTemperatureRecord.Builder Builder(android.healthconnect.datatypes.Metadata, java.time.Instant, int, android.healthconnect.datatypes.units.Temperature) 2">
    <annotation name="androidx.annotation.IntDef">
      <val name="value" val="{android.healthconnect.datatypes.BodyTemperatureMeasurementLocation.MEASUREMENT_LOCATION_UNKNOWN, android.healthconnect.datatypes.BodyTemperatureMeasurementLocation.MEASUREMENT_LOCATION_ARMPIT, android.healthconnect.datatypes.BodyTemperatureMeasurementLocation.MEASUREMENT_LOCATION_FINGER, android.healthconnect.datatypes.BodyTemperatureMeasurementLocation.MEASUREMENT_LOCATION_FOREHEAD, android.healthconnect.datatypes.BodyTemperatureMeasurementLocation.MEASUREMENT_LOCATION_MOUTH, android.healthconnect.datatypes.BodyTemperatureMeasurementLocation.MEASUREMENT_LOCATION_RECTUM, android.healthconnect.datatypes.BodyTemperatureMeasurementLocation.MEASUREMENT_LOCATION_TEMPORAL_ARTERY, android.healthconnect.datatypes.BodyTemperatureMeasurementLocation.MEASUREMENT_LOCATION_TOE, android.healthconnect.datatypes.BodyTemperatureMeasurementLocation.MEASUREMENT_LOCATION_EAR, android.healthconnect.datatypes.BodyTemperatureMeasurementLocation.MEASUREMENT_LOCATION_WRIST, android.healthconnect.datatypes.BodyTemperatureMeasurementLocation.MEASUREMENT_LOCATION_VAGINA}" />
    </annotation>
  </item>
  <item name="android.healthconnect.datatypes.BloodGlucoseRecord int getMealType()">
    <annotation name="androidx.annotation.IntDef">
      <val name="value" val="{android.healthconnect.datatypes.MealType.MEAL_TYPE_UNKNOWN, android.healthconnect.datatypes.MealType.MEAL_TYPE_BREAKFAST, android.healthconnect.datatypes.MealType.MEAL_TYPE_LUNCH, android.healthconnect.datatypes.MealType.MEAL_TYPE_DINNER, android.healthconnect.datatypes.MealType.MEAL_TYPE_SNACK}" />
    </annotation>
  </item>
  <item name="android.healthconnect.datatypes.BloodGlucoseRecord int getRelationToMeal()">
    <annotation name="androidx.annotation.IntDef">
      <val name="value" val="{android.healthconnect.datatypes.BloodGlucoseRecord.RelationToMealType.RELATION_TO_MEAL_UNKNOWN, android.healthconnect.datatypes.BloodGlucoseRecord.RelationToMealType.RELATION_TO_MEAL_GENERAL, android.healthconnect.datatypes.BloodGlucoseRecord.RelationToMealType.RELATION_TO_MEAL_FASTING, android.healthconnect.datatypes.BloodGlucoseRecord.RelationToMealType.RELATION_TO_MEAL_BEFORE_MEAL, android.healthconnect.datatypes.BloodGlucoseRecord.RelationToMealType.RELATION_TO_MEAL_AFTER_MEAL}" />
    </annotation>
  </item>
  <item name="android.healthconnect.datatypes.BloodGlucoseRecord int getSpecimenSource()">
    <annotation name="androidx.annotation.IntDef">
      <val name="value" val="{android.healthconnect.datatypes.BloodGlucoseRecord.SpecimenSource.SPECIMEN_SOURCE_UNKNOWN, android.healthconnect.datatypes.BloodGlucoseRecord.SpecimenSource.SPECIMEN_SOURCE_INTERSTITIAL_FLUID, android.healthconnect.datatypes.BloodGlucoseRecord.SpecimenSource.SPECIMEN_SOURCE_CAPILLARY_BLOOD, android.healthconnect.datatypes.BloodGlucoseRecord.SpecimenSource.SPECIMEN_SOURCE_PLASMA, android.healthconnect.datatypes.BloodGlucoseRecord.SpecimenSource.SPECIMEN_SOURCE_SERUM, android.healthconnect.datatypes.BloodGlucoseRecord.SpecimenSource.SPECIMEN_SOURCE_TEARS, android.healthconnect.datatypes.BloodGlucoseRecord.SpecimenSource.SPECIMEN_SOURCE_WHOLE_BLOOD}" />
    </annotation>
  </item>
  <item name="android.healthconnect.datatypes.BloodGlucoseRecord.Builder Builder(android.healthconnect.datatypes.Metadata, java.time.Instant, int, android.healthconnect.datatypes.units.BloodGlucose, int, int) 2">
    <annotation name="androidx.annotation.IntDef">
      <val name="value" val="{android.healthconnect.datatypes.BloodGlucoseRecord.SpecimenSource.SPECIMEN_SOURCE_UNKNOWN, android.healthconnect.datatypes.BloodGlucoseRecord.SpecimenSource.SPECIMEN_SOURCE_INTERSTITIAL_FLUID, android.healthconnect.datatypes.BloodGlucoseRecord.SpecimenSource.SPECIMEN_SOURCE_CAPILLARY_BLOOD, android.healthconnect.datatypes.BloodGlucoseRecord.SpecimenSource.SPECIMEN_SOURCE_PLASMA, android.healthconnect.datatypes.BloodGlucoseRecord.SpecimenSource.SPECIMEN_SOURCE_SERUM, android.healthconnect.datatypes.BloodGlucoseRecord.SpecimenSource.SPECIMEN_SOURCE_TEARS, android.healthconnect.datatypes.BloodGlucoseRecord.SpecimenSource.SPECIMEN_SOURCE_WHOLE_BLOOD}" />
    </annotation>
  </item>
  <item name="android.healthconnect.datatypes.BloodGlucoseRecord.Builder Builder(android.healthconnect.datatypes.Metadata, java.time.Instant, int, android.healthconnect.datatypes.units.BloodGlucose, int, int) 4">
    <annotation name="androidx.annotation.IntDef">
      <val name="value" val="{android.healthconnect.datatypes.BloodGlucoseRecord.RelationToMealType.RELATION_TO_MEAL_UNKNOWN, android.healthconnect.datatypes.BloodGlucoseRecord.RelationToMealType.RELATION_TO_MEAL_GENERAL, android.healthconnect.datatypes.BloodGlucoseRecord.RelationToMealType.RELATION_TO_MEAL_FASTING, android.healthconnect.datatypes.BloodGlucoseRecord.RelationToMealType.RELATION_TO_MEAL_BEFORE_MEAL, android.healthconnect.datatypes.BloodGlucoseRecord.RelationToMealType.RELATION_TO_MEAL_AFTER_MEAL}" />
    </annotation>
  </item>
  <item name="android.healthconnect.datatypes.BloodGlucoseRecord.Builder Builder(android.healthconnect.datatypes.Metadata, java.time.Instant, int, android.healthconnect.datatypes.units.BloodGlucose, int, int) 5">
    <annotation name="androidx.annotation.IntDef">
      <val name="value" val="{android.healthconnect.datatypes.MealType.MEAL_TYPE_UNKNOWN, android.healthconnect.datatypes.MealType.MEAL_TYPE_BREAKFAST, android.healthconnect.datatypes.MealType.MEAL_TYPE_LUNCH, android.healthconnect.datatypes.MealType.MEAL_TYPE_DINNER, android.healthconnect.datatypes.MealType.MEAL_TYPE_SNACK}" />
    </annotation>
  </item>
  <item name="android.healthconnect.datatypes.BloodPressureRecord int getBodyPosition()">
    <annotation name="androidx.annotation.IntDef">
      <val name="value" val="{android.healthconnect.datatypes.BloodPressureRecord.BodyPosition.BODY_POSITION_UNKNOWN, android.healthconnect.datatypes.BloodPressureRecord.BodyPosition.BODY_POSITION_STANDING_UP, android.healthconnect.datatypes.BloodPressureRecord.BodyPosition.BODY_POSITION_SITTING_DOWN, android.healthconnect.datatypes.BloodPressureRecord.BodyPosition.BODY_POSITION_LYING_DOWN, android.healthconnect.datatypes.BloodPressureRecord.BodyPosition.BODY_POSITION_RECLINING}" />
    </annotation>
  </item>
  <item name="android.healthconnect.datatypes.BloodPressureRecord int getMeasurementLocation()">
    <annotation name="androidx.annotation.IntDef">
      <val name="value" val="{android.healthconnect.datatypes.BloodPressureRecord.BloodPressureMeasurementLocation.BLOOD_PRESSURE_MEASUREMENT_LOCATION_UNKNOWN, android.healthconnect.datatypes.BloodPressureRecord.BloodPressureMeasurementLocation.BLOOD_PRESSURE_MEASUREMENT_LOCATION_LEFT_WRIST, android.healthconnect.datatypes.BloodPressureRecord.BloodPressureMeasurementLocation.BLOOD_PRESSURE_MEASUREMENT_LOCATION_RIGHT_WRIST, android.healthconnect.datatypes.BloodPressureRecord.BloodPressureMeasurementLocation.BLOOD_PRESSURE_MEASUREMENT_LOCATION_LEFT_UPPER_ARM, android.healthconnect.datatypes.BloodPressureRecord.BloodPressureMeasurementLocation.BLOOD_PRESSURE_MEASUREMENT_LOCATION_RIGHT_UPPER_ARM}" />
    </annotation>
  </item>
  <item name="android.healthconnect.datatypes.BloodPressureRecord.Builder Builder(android.healthconnect.datatypes.Metadata, java.time.Instant, int, android.healthconnect.datatypes.units.Pressure, android.healthconnect.datatypes.units.Pressure, int) 2">
    <annotation name="androidx.annotation.IntDef">
      <val name="value" val="{android.healthconnect.datatypes.BloodPressureRecord.BloodPressureMeasurementLocation.BLOOD_PRESSURE_MEASUREMENT_LOCATION_UNKNOWN, android.healthconnect.datatypes.BloodPressureRecord.BloodPressureMeasurementLocation.BLOOD_PRESSURE_MEASUREMENT_LOCATION_LEFT_WRIST, android.healthconnect.datatypes.BloodPressureRecord.BloodPressureMeasurementLocation.BLOOD_PRESSURE_MEASUREMENT_LOCATION_RIGHT_WRIST, android.healthconnect.datatypes.BloodPressureRecord.BloodPressureMeasurementLocation.BLOOD_PRESSURE_MEASUREMENT_LOCATION_LEFT_UPPER_ARM, android.healthconnect.datatypes.BloodPressureRecord.BloodPressureMeasurementLocation.BLOOD_PRESSURE_MEASUREMENT_LOCATION_RIGHT_UPPER_ARM}" />
    </annotation>
  </item>
  <item name="android.healthconnect.datatypes.BloodPressureRecord.Builder Builder(android.healthconnect.datatypes.Metadata, java.time.Instant, int, android.healthconnect.datatypes.units.Pressure, android.healthconnect.datatypes.units.Pressure, int) 5">
    <annotation name="androidx.annotation.IntDef">
      <val name="value" val="{android.healthconnect.datatypes.BloodPressureRecord.BodyPosition.BODY_POSITION_UNKNOWN, android.healthconnect.datatypes.BloodPressureRecord.BodyPosition.BODY_POSITION_STANDING_UP, android.healthconnect.datatypes.BloodPressureRecord.BodyPosition.BODY_POSITION_SITTING_DOWN, android.healthconnect.datatypes.BloodPressureRecord.BodyPosition.BODY_POSITION_LYING_DOWN, android.healthconnect.datatypes.BloodPressureRecord.BodyPosition.BODY_POSITION_RECLINING}" />
    </annotation>
  </item>
  <item name="android.healthconnect.datatypes.BodyTemperatureRecord int getMeasurementLocation()">
    <annotation name="androidx.annotation.IntDef">
      <val name="value" val="{android.healthconnect.datatypes.BodyTemperatureMeasurementLocation.MEASUREMENT_LOCATION_UNKNOWN, android.healthconnect.datatypes.BodyTemperatureMeasurementLocation.MEASUREMENT_LOCATION_ARMPIT, android.healthconnect.datatypes.BodyTemperatureMeasurementLocation.MEASUREMENT_LOCATION_FINGER, android.healthconnect.datatypes.BodyTemperatureMeasurementLocation.MEASUREMENT_LOCATION_FOREHEAD, android.healthconnect.datatypes.BodyTemperatureMeasurementLocation.MEASUREMENT_LOCATION_MOUTH, android.healthconnect.datatypes.BodyTemperatureMeasurementLocation.MEASUREMENT_LOCATION_RECTUM, android.healthconnect.datatypes.BodyTemperatureMeasurementLocation.MEASUREMENT_LOCATION_TEMPORAL_ARTERY, android.healthconnect.datatypes.BodyTemperatureMeasurementLocation.MEASUREMENT_LOCATION_TOE, android.healthconnect.datatypes.BodyTemperatureMeasurementLocation.MEASUREMENT_LOCATION_EAR, android.healthconnect.datatypes.BodyTemperatureMeasurementLocation.MEASUREMENT_LOCATION_WRIST, android.healthconnect.datatypes.BodyTemperatureMeasurementLocation.MEASUREMENT_LOCATION_VAGINA}" />
    </annotation>
  </item>
  <item name="android.healthconnect.datatypes.BodyTemperatureRecord.Builder Builder(android.healthconnect.datatypes.Metadata, java.time.Instant, int, android.healthconnect.datatypes.units.Temperature) 2">
    <annotation name="androidx.annotation.IntDef">
      <val name="value" val="{android.healthconnect.datatypes.BodyTemperatureMeasurementLocation.MEASUREMENT_LOCATION_UNKNOWN, android.healthconnect.datatypes.BodyTemperatureMeasurementLocation.MEASUREMENT_LOCATION_ARMPIT, android.healthconnect.datatypes.BodyTemperatureMeasurementLocation.MEASUREMENT_LOCATION_FINGER, android.healthconnect.datatypes.BodyTemperatureMeasurementLocation.MEASUREMENT_LOCATION_FOREHEAD, android.healthconnect.datatypes.BodyTemperatureMeasurementLocation.MEASUREMENT_LOCATION_MOUTH, android.healthconnect.datatypes.BodyTemperatureMeasurementLocation.MEASUREMENT_LOCATION_RECTUM, android.healthconnect.datatypes.BodyTemperatureMeasurementLocation.MEASUREMENT_LOCATION_TEMPORAL_ARTERY, android.healthconnect.datatypes.BodyTemperatureMeasurementLocation.MEASUREMENT_LOCATION_TOE, android.healthconnect.datatypes.BodyTemperatureMeasurementLocation.MEASUREMENT_LOCATION_EAR, android.healthconnect.datatypes.BodyTemperatureMeasurementLocation.MEASUREMENT_LOCATION_WRIST, android.healthconnect.datatypes.BodyTemperatureMeasurementLocation.MEASUREMENT_LOCATION_VAGINA}" />
    </annotation>
  </item>
  <item name="android.healthconnect.datatypes.CervicalMucusRecord int getAppearance()">
    <annotation name="androidx.annotation.IntDef">
      <val name="value" val="{android.healthconnect.datatypes.CervicalMucusRecord.CervicalMucusAppearance.APPEARANCE_UNKNOWN, android.healthconnect.datatypes.CervicalMucusRecord.CervicalMucusAppearance.APPEARANCE_DRY, android.healthconnect.datatypes.CervicalMucusRecord.CervicalMucusAppearance.APPEARANCE_STICKY, android.healthconnect.datatypes.CervicalMucusRecord.CervicalMucusAppearance.APPEARANCE_CREAMY, android.healthconnect.datatypes.CervicalMucusRecord.CervicalMucusAppearance.APPEARANCE_WATERY, android.healthconnect.datatypes.CervicalMucusRecord.CervicalMucusAppearance.APPEARANCE_EGG_WHITE, android.healthconnect.datatypes.CervicalMucusRecord.CervicalMucusAppearance.APPEARANCE_UNUSUAL}" />
    </annotation>
  </item>
  <item name="android.healthconnect.datatypes.CervicalMucusRecord int getSensation()">
    <annotation name="androidx.annotation.IntDef">
      <val name="value" val="{android.healthconnect.datatypes.CervicalMucusRecord.CervicalMucusSensation.SENSATION_UNKNOWN, android.healthconnect.datatypes.CervicalMucusRecord.CervicalMucusSensation.SENSATION_LIGHT, android.healthconnect.datatypes.CervicalMucusRecord.CervicalMucusSensation.SENSATION_MEDIUM, android.healthconnect.datatypes.CervicalMucusRecord.CervicalMucusSensation.SENSATION_HEAVY}" />
    </annotation>
  </item>
  <item name="android.healthconnect.datatypes.CervicalMucusRecord.Builder Builder(android.healthconnect.datatypes.Metadata, java.time.Instant, int, int) 2">
    <annotation name="androidx.annotation.IntDef">
      <val name="value" val="{android.healthconnect.datatypes.CervicalMucusRecord.CervicalMucusSensation.SENSATION_UNKNOWN, android.healthconnect.datatypes.CervicalMucusRecord.CervicalMucusSensation.SENSATION_LIGHT, android.healthconnect.datatypes.CervicalMucusRecord.CervicalMucusSensation.SENSATION_MEDIUM, android.healthconnect.datatypes.CervicalMucusRecord.CervicalMucusSensation.SENSATION_HEAVY}" />
    </annotation>
  </item>
  <item name="android.healthconnect.datatypes.CervicalMucusRecord.Builder Builder(android.healthconnect.datatypes.Metadata, java.time.Instant, int, int) 3">
    <annotation name="androidx.annotation.IntDef">
      <val name="value" val="{android.healthconnect.datatypes.CervicalMucusRecord.CervicalMucusAppearance.APPEARANCE_UNKNOWN, android.healthconnect.datatypes.CervicalMucusRecord.CervicalMucusAppearance.APPEARANCE_DRY, android.healthconnect.datatypes.CervicalMucusRecord.CervicalMucusAppearance.APPEARANCE_STICKY, android.healthconnect.datatypes.CervicalMucusRecord.CervicalMucusAppearance.APPEARANCE_CREAMY, android.healthconnect.datatypes.CervicalMucusRecord.CervicalMucusAppearance.APPEARANCE_WATERY, android.healthconnect.datatypes.CervicalMucusRecord.CervicalMucusAppearance.APPEARANCE_EGG_WHITE, android.healthconnect.datatypes.CervicalMucusRecord.CervicalMucusAppearance.APPEARANCE_UNUSUAL}" />
    </annotation>
  </item>
  <item name="android.healthconnect.datatypes.Device int getType()">
    <annotation name="androidx.annotation.IntDef">
      <val name="value" val="{android.healthconnect.datatypes.Device.DEVICE_TYPE_UNKNOWN, android.healthconnect.datatypes.Device.DEVICE_TYPE_WATCH, android.healthconnect.datatypes.Device.DEVICE_TYPE_PHONE, android.healthconnect.datatypes.Device.DEVICE_TYPE_SCALE, android.healthconnect.datatypes.Device.DEVICE_TYPE_RING, android.healthconnect.datatypes.Device.DEVICE_TYPE_HEAD_MOUNTED, android.healthconnect.datatypes.Device.DEVICE_TYPE_FITNESS_BAND, android.healthconnect.datatypes.Device.DEVICE_TYPE_CHEST_STRAP, android.healthconnect.datatypes.Device.DEVICE_TYPE_SMART_DISPLAY}" />
    </annotation>
  </item>
  <item name="android.healthconnect.datatypes.Device.Builder android.healthconnect.datatypes.Device.Builder setType(int) 0">
    <annotation name="androidx.annotation.IntDef">
      <val name="value" val="{android.healthconnect.datatypes.Device.DEVICE_TYPE_UNKNOWN, android.healthconnect.datatypes.Device.DEVICE_TYPE_WATCH, android.healthconnect.datatypes.Device.DEVICE_TYPE_PHONE, android.healthconnect.datatypes.Device.DEVICE_TYPE_SCALE, android.healthconnect.datatypes.Device.DEVICE_TYPE_RING, android.healthconnect.datatypes.Device.DEVICE_TYPE_HEAD_MOUNTED, android.healthconnect.datatypes.Device.DEVICE_TYPE_FITNESS_BAND, android.healthconnect.datatypes.Device.DEVICE_TYPE_CHEST_STRAP, android.healthconnect.datatypes.Device.DEVICE_TYPE_SMART_DISPLAY}" />
    </annotation>
  </item>
  <item name="android.healthconnect.datatypes.ExerciseRoute.Location double getLatitude()">
    <annotation name="androidx.annotation.FloatRange">
      <val name="from" val="-90.0" />
      <val name="to" val="90.0" />
    </annotation>
  </item>
  <item name="android.healthconnect.datatypes.ExerciseRoute.Location double getLongitude()">
    <annotation name="androidx.annotation.FloatRange">
      <val name="from" val="-180.0" />
      <val name="to" val="180.0" />
    </annotation>
  </item>
  <item name="android.healthconnect.datatypes.ExerciseRoute.Location.Builder Builder(java.time.Instant, double, double) 1">
    <annotation name="androidx.annotation.FloatRange">
      <val name="from" val="-90.0" />
      <val name="to" val="90.0" />
    </annotation>
  </item>
  <item name="android.healthconnect.datatypes.ExerciseRoute.Location.Builder Builder(java.time.Instant, double, double) 2">
    <annotation name="androidx.annotation.FloatRange">
      <val name="from" val="-180.0" />
      <val name="to" val="180.0" />
    </annotation>
  </item>
  <item name="android.healthconnect.datatypes.ExerciseSegment int getRepetitionsCount()">
    <annotation name="androidx.annotation.IntRange">
      <val name="from" val="0" />
    </annotation>
  </item>
  <item name="android.healthconnect.datatypes.ExerciseSegment int getSegmentType()">
    <annotation name="androidx.annotation.IntDef">
      <val name="value" val="{android.healthconnect.datatypes.ExerciseSegmentType.EXERCISE_SEGMENT_TYPE_UNKNOWN, android.healthconnect.datatypes.ExerciseSegmentType.EXERCISE_SEGMENT_TYPE_BARBELL_SHOULDER_PRESS, android.healthconnect.datatypes.ExerciseSegmentType.EXERCISE_SEGMENT_TYPE_BENCH_SIT_UP, android.healthconnect.datatypes.ExerciseSegmentType.EXERCISE_SEGMENT_TYPE_BIKING, android.healthconnect.datatypes.ExerciseSegmentType.EXERCISE_SEGMENT_TYPE_BIKING_STATIONARY, android.healthconnect.datatypes.ExerciseSegmentType.EXERCISE_SEGMENT_TYPE_DUMBBELL_CURL_LEFT_ARM, android.healthconnect.datatypes.ExerciseSegmentType.EXERCISE_SEGMENT_TYPE_DUMBBELL_CURL_RIGHT_ARM, android.healthconnect.datatypes.ExerciseSegmentType.EXERCISE_SEGMENT_TYPE_DUMBBELL_FRONT_RAISE, android.healthconnect.datatypes.ExerciseSegmentType.EXERCISE_SEGMENT_TYPE_DUMBBELL_LATERAL_RAISE, android.healthconnect.datatypes.ExerciseSegmentType.EXERCISE_SEGMENT_TYPE_DUMBBELL_TRICEPS_EXTENSION_LEFT_ARM, android.healthconnect.datatypes.ExerciseSegmentType.EXERCISE_SEGMENT_TYPE_DUMBBELL_TRICEPS_EXTENSION_RIGHT_ARM, android.healthconnect.datatypes.ExerciseSegmentType.EXERCISE_SEGMENT_TYPE_DUMBBELL_TRICEPS_EXTENSION_TWO_ARM, android.healthconnect.datatypes.ExerciseSegmentType.EXERCISE_SEGMENT_TYPE_FORWARD_TWIST, android.healthconnect.datatypes.ExerciseSegmentType.EXERCISE_SEGMENT_TYPE_ELLIPTICAL, android.healthconnect.datatypes.ExerciseSegmentType.EXERCISE_SEGMENT_TYPE_HIGH_INTENSITY_INTERVAL_TRAINING, android.healthconnect.datatypes.ExerciseSegmentType.EXERCISE_SEGMENT_TYPE_PILATES, android.healthconnect.datatypes.ExerciseSegmentType.EXERCISE_SEGMENT_TYPE_ROWING_MACHINE, android.healthconnect.datatypes.ExerciseSegmentType.EXERCISE_SEGMENT_TYPE_RUNNING, android.healthconnect.datatypes.ExerciseSegmentType.EXERCISE_SEGMENT_TYPE_RUNNING_TREADMILL, android.healthconnect.datatypes.ExerciseSegmentType.EXERCISE_SEGMENT_TYPE_STAIR_CLIMBING, android.healthconnect.datatypes.ExerciseSegmentType.EXERCISE_SEGMENT_TYPE_STAIR_CLIMBING_MACHINE, android.healthconnect.datatypes.ExerciseSegmentType.EXERCISE_SEGMENT_TYPE_STRETCHING, android.healthconnect.datatypes.ExerciseSegmentType.EXERCISE_SEGMENT_TYPE_SWIMMING_OPEN_WATER, android.healthconnect.datatypes.ExerciseSegmentType.EXERCISE_SEGMENT_TYPE_SWIMMING_POOL, android.healthconnect.datatypes.ExerciseSegmentType.EXERCISE_SEGMENT_TYPE_UPPER_TWIST, android.healthconnect.datatypes.ExerciseSegmentType.EXERCISE_SEGMENT_TYPE_WALKING, android.healthconnect.datatypes.ExerciseSegmentType.EXERCISE_SEGMENT_TYPE_WEIGHTLIFTING, android.healthconnect.datatypes.ExerciseSegmentType.EXERCISE_SEGMENT_TYPE_WHEELCHAIR, android.healthconnect.datatypes.ExerciseSegmentType.EXERCISE_SEGMENT_TYPE_OTHER_WORKOUT, android.healthconnect.datatypes.ExerciseSegmentType.EXERCISE_SEGMENT_TYPE_YOGA, android.healthconnect.datatypes.ExerciseSegmentType.EXERCISE_SEGMENT_TYPE_ARM_CURL, android.healthconnect.datatypes.ExerciseSegmentType.EXERCISE_SEGMENT_TYPE_BACK_EXTENSION, android.healthconnect.datatypes.ExerciseSegmentType.EXERCISE_SEGMENT_TYPE_BALL_SLAM, android.healthconnect.datatypes.ExerciseSegmentType.EXERCISE_SEGMENT_TYPE_BENCH_PRESS, android.healthconnect.datatypes.ExerciseSegmentType.EXERCISE_SEGMENT_TYPE_BURPEE, android.healthconnect.datatypes.ExerciseSegmentType.EXERCISE_SEGMENT_TYPE_CRUNCH, android.healthconnect.datatypes.ExerciseSegmentType.EXERCISE_SEGMENT_TYPE_DEADLIFT, android.healthconnect.datatypes.ExerciseSegmentType.EXERCISE_SEGMENT_TYPE_DOUBLE_ARM_TRICEPS_EXTENSION, android.healthconnect.datatypes.ExerciseSegmentType.EXERCISE_SEGMENT_TYPE_DUMBBELL_ROW, android.healthconnect.datatypes.ExerciseSegmentType.EXERCISE_SEGMENT_TYPE_FRONT_RAISE, android.healthconnect.datatypes.ExerciseSegmentType.EXERCISE_SEGMENT_TYPE_HIP_THRUST, android.healthconnect.datatypes.ExerciseSegmentType.EXERCISE_SEGMENT_TYPE_HULA_HOOP, android.healthconnect.datatypes.ExerciseSegmentType.EXERCISE_SEGMENT_TYPE_JUMPING_JACK, android.healthconnect.datatypes.ExerciseSegmentType.EXERCISE_SEGMENT_TYPE_JUMP_ROPE, android.healthconnect.datatypes.ExerciseSegmentType.EXERCISE_SEGMENT_TYPE_KETTLEBELL_SWING, android.healthconnect.datatypes.ExerciseSegmentType.EXERCISE_SEGMENT_TYPE_LATERAL_RAISE, android.healthconnect.datatypes.ExerciseSegmentType.EXERCISE_SEGMENT_TYPE_LAT_PULL_DOWN, android.healthconnect.datatypes.ExerciseSegmentType.EXERCISE_SEGMENT_TYPE_LEG_CURL, android.healthconnect.datatypes.ExerciseSegmentType.EXERCISE_SEGMENT_TYPE_LEG_EXTENSION, android.healthconnect.datatypes.ExerciseSegmentType.EXERCISE_SEGMENT_TYPE_LEG_PRESS, android.healthconnect.datatypes.ExerciseSegmentType.EXERCISE_SEGMENT_TYPE_LEG_RAISE, android.healthconnect.datatypes.ExerciseSegmentType.EXERCISE_SEGMENT_TYPE_LUNGE, android.healthconnect.datatypes.ExerciseSegmentType.EXERCISE_SEGMENT_TYPE_MOUNTAIN_CLIMBER, android.healthconnect.datatypes.ExerciseSegmentType.EXERCISE_SEGMENT_TYPE_PLANK, android.healthconnect.datatypes.ExerciseSegmentType.EXERCISE_SEGMENT_TYPE_PULL_UP, android.healthconnect.datatypes.ExerciseSegmentType.EXERCISE_SEGMENT_TYPE_PUNCH, android.healthconnect.datatypes.ExerciseSegmentType.EXERCISE_SEGMENT_TYPE_SHOULDER_PRESS, android.healthconnect.datatypes.ExerciseSegmentType.EXERCISE_SEGMENT_TYPE_SINGLE_ARM_TRICEPS_EXTENSION, android.healthconnect.datatypes.ExerciseSegmentType.EXERCISE_SEGMENT_TYPE_SIT_UP, android.healthconnect.datatypes.ExerciseSegmentType.EXERCISE_SEGMENT_TYPE_SQUAT, android.healthconnect.datatypes.ExerciseSegmentType.EXERCISE_SEGMENT_TYPE_SWIMMING_FREESTYLE, android.healthconnect.datatypes.ExerciseSegmentType.EXERCISE_SEGMENT_TYPE_SWIMMING_BACKSTROKE, android.healthconnect.datatypes.ExerciseSegmentType.EXERCISE_SEGMENT_TYPE_SWIMMING_BREASTSTROKE, android.healthconnect.datatypes.ExerciseSegmentType.EXERCISE_SEGMENT_TYPE_SWIMMING_BUTTERFLY, android.healthconnect.datatypes.ExerciseSegmentType.EXERCISE_SEGMENT_TYPE_SWIMMING_MIXED, android.healthconnect.datatypes.ExerciseSegmentType.EXERCISE_SEGMENT_TYPE_SWIMMING_OTHER, android.healthconnect.datatypes.ExerciseSegmentType.EXERCISE_SEGMENT_TYPE_REST, android.healthconnect.datatypes.ExerciseSegmentType.EXERCISE_SEGMENT_TYPE_PAUSE}" />
    </annotation>
  </item>
  <item name="android.healthconnect.datatypes.ExerciseSegment.Builder Builder(java.time.Instant, java.time.Instant, int) 2">
    <annotation name="androidx.annotation.IntDef">
      <val name="value" val="{android.healthconnect.datatypes.ExerciseSegmentType.EXERCISE_SEGMENT_TYPE_UNKNOWN, android.healthconnect.datatypes.ExerciseSegmentType.EXERCISE_SEGMENT_TYPE_BARBELL_SHOULDER_PRESS, android.healthconnect.datatypes.ExerciseSegmentType.EXERCISE_SEGMENT_TYPE_BENCH_SIT_UP, android.healthconnect.datatypes.ExerciseSegmentType.EXERCISE_SEGMENT_TYPE_BIKING, android.healthconnect.datatypes.ExerciseSegmentType.EXERCISE_SEGMENT_TYPE_BIKING_STATIONARY, android.healthconnect.datatypes.ExerciseSegmentType.EXERCISE_SEGMENT_TYPE_DUMBBELL_CURL_LEFT_ARM, android.healthconnect.datatypes.ExerciseSegmentType.EXERCISE_SEGMENT_TYPE_DUMBBELL_CURL_RIGHT_ARM, android.healthconnect.datatypes.ExerciseSegmentType.EXERCISE_SEGMENT_TYPE_DUMBBELL_FRONT_RAISE, android.healthconnect.datatypes.ExerciseSegmentType.EXERCISE_SEGMENT_TYPE_DUMBBELL_LATERAL_RAISE, android.healthconnect.datatypes.ExerciseSegmentType.EXERCISE_SEGMENT_TYPE_DUMBBELL_TRICEPS_EXTENSION_LEFT_ARM, android.healthconnect.datatypes.ExerciseSegmentType.EXERCISE_SEGMENT_TYPE_DUMBBELL_TRICEPS_EXTENSION_RIGHT_ARM, android.healthconnect.datatypes.ExerciseSegmentType.EXERCISE_SEGMENT_TYPE_DUMBBELL_TRICEPS_EXTENSION_TWO_ARM, android.healthconnect.datatypes.ExerciseSegmentType.EXERCISE_SEGMENT_TYPE_FORWARD_TWIST, android.healthconnect.datatypes.ExerciseSegmentType.EXERCISE_SEGMENT_TYPE_ELLIPTICAL, android.healthconnect.datatypes.ExerciseSegmentType.EXERCISE_SEGMENT_TYPE_HIGH_INTENSITY_INTERVAL_TRAINING, android.healthconnect.datatypes.ExerciseSegmentType.EXERCISE_SEGMENT_TYPE_PILATES, android.healthconnect.datatypes.ExerciseSegmentType.EXERCISE_SEGMENT_TYPE_ROWING_MACHINE, android.healthconnect.datatypes.ExerciseSegmentType.EXERCISE_SEGMENT_TYPE_RUNNING, android.healthconnect.datatypes.ExerciseSegmentType.EXERCISE_SEGMENT_TYPE_RUNNING_TREADMILL, android.healthconnect.datatypes.ExerciseSegmentType.EXERCISE_SEGMENT_TYPE_STAIR_CLIMBING, android.healthconnect.datatypes.ExerciseSegmentType.EXERCISE_SEGMENT_TYPE_STAIR_CLIMBING_MACHINE, android.healthconnect.datatypes.ExerciseSegmentType.EXERCISE_SEGMENT_TYPE_STRETCHING, android.healthconnect.datatypes.ExerciseSegmentType.EXERCISE_SEGMENT_TYPE_SWIMMING_OPEN_WATER, android.healthconnect.datatypes.ExerciseSegmentType.EXERCISE_SEGMENT_TYPE_SWIMMING_POOL, android.healthconnect.datatypes.ExerciseSegmentType.EXERCISE_SEGMENT_TYPE_UPPER_TWIST, android.healthconnect.datatypes.ExerciseSegmentType.EXERCISE_SEGMENT_TYPE_WALKING, android.healthconnect.datatypes.ExerciseSegmentType.EXERCISE_SEGMENT_TYPE_WEIGHTLIFTING, android.healthconnect.datatypes.ExerciseSegmentType.EXERCISE_SEGMENT_TYPE_WHEELCHAIR, android.healthconnect.datatypes.ExerciseSegmentType.EXERCISE_SEGMENT_TYPE_OTHER_WORKOUT, android.healthconnect.datatypes.ExerciseSegmentType.EXERCISE_SEGMENT_TYPE_YOGA, android.healthconnect.datatypes.ExerciseSegmentType.EXERCISE_SEGMENT_TYPE_ARM_CURL, android.healthconnect.datatypes.ExerciseSegmentType.EXERCISE_SEGMENT_TYPE_BACK_EXTENSION, android.healthconnect.datatypes.ExerciseSegmentType.EXERCISE_SEGMENT_TYPE_BALL_SLAM, android.healthconnect.datatypes.ExerciseSegmentType.EXERCISE_SEGMENT_TYPE_BENCH_PRESS, android.healthconnect.datatypes.ExerciseSegmentType.EXERCISE_SEGMENT_TYPE_BURPEE, android.healthconnect.datatypes.ExerciseSegmentType.EXERCISE_SEGMENT_TYPE_CRUNCH, android.healthconnect.datatypes.ExerciseSegmentType.EXERCISE_SEGMENT_TYPE_DEADLIFT, android.healthconnect.datatypes.ExerciseSegmentType.EXERCISE_SEGMENT_TYPE_DOUBLE_ARM_TRICEPS_EXTENSION, android.healthconnect.datatypes.ExerciseSegmentType.EXERCISE_SEGMENT_TYPE_DUMBBELL_ROW, android.healthconnect.datatypes.ExerciseSegmentType.EXERCISE_SEGMENT_TYPE_FRONT_RAISE, android.healthconnect.datatypes.ExerciseSegmentType.EXERCISE_SEGMENT_TYPE_HIP_THRUST, android.healthconnect.datatypes.ExerciseSegmentType.EXERCISE_SEGMENT_TYPE_HULA_HOOP, android.healthconnect.datatypes.ExerciseSegmentType.EXERCISE_SEGMENT_TYPE_JUMPING_JACK, android.healthconnect.datatypes.ExerciseSegmentType.EXERCISE_SEGMENT_TYPE_JUMP_ROPE, android.healthconnect.datatypes.ExerciseSegmentType.EXERCISE_SEGMENT_TYPE_KETTLEBELL_SWING, android.healthconnect.datatypes.ExerciseSegmentType.EXERCISE_SEGMENT_TYPE_LATERAL_RAISE, android.healthconnect.datatypes.ExerciseSegmentType.EXERCISE_SEGMENT_TYPE_LAT_PULL_DOWN, android.healthconnect.datatypes.ExerciseSegmentType.EXERCISE_SEGMENT_TYPE_LEG_CURL, android.healthconnect.datatypes.ExerciseSegmentType.EXERCISE_SEGMENT_TYPE_LEG_EXTENSION, android.healthconnect.datatypes.ExerciseSegmentType.EXERCISE_SEGMENT_TYPE_LEG_PRESS, android.healthconnect.datatypes.ExerciseSegmentType.EXERCISE_SEGMENT_TYPE_LEG_RAISE, android.healthconnect.datatypes.ExerciseSegmentType.EXERCISE_SEGMENT_TYPE_LUNGE, android.healthconnect.datatypes.ExerciseSegmentType.EXERCISE_SEGMENT_TYPE_MOUNTAIN_CLIMBER, android.healthconnect.datatypes.ExerciseSegmentType.EXERCISE_SEGMENT_TYPE_PLANK, android.healthconnect.datatypes.ExerciseSegmentType.EXERCISE_SEGMENT_TYPE_PULL_UP, android.healthconnect.datatypes.ExerciseSegmentType.EXERCISE_SEGMENT_TYPE_PUNCH, android.healthconnect.datatypes.ExerciseSegmentType.EXERCISE_SEGMENT_TYPE_SHOULDER_PRESS, android.healthconnect.datatypes.ExerciseSegmentType.EXERCISE_SEGMENT_TYPE_SINGLE_ARM_TRICEPS_EXTENSION, android.healthconnect.datatypes.ExerciseSegmentType.EXERCISE_SEGMENT_TYPE_SIT_UP, android.healthconnect.datatypes.ExerciseSegmentType.EXERCISE_SEGMENT_TYPE_SQUAT, android.healthconnect.datatypes.ExerciseSegmentType.EXERCISE_SEGMENT_TYPE_SWIMMING_FREESTYLE, android.healthconnect.datatypes.ExerciseSegmentType.EXERCISE_SEGMENT_TYPE_SWIMMING_BACKSTROKE, android.healthconnect.datatypes.ExerciseSegmentType.EXERCISE_SEGMENT_TYPE_SWIMMING_BREASTSTROKE, android.healthconnect.datatypes.ExerciseSegmentType.EXERCISE_SEGMENT_TYPE_SWIMMING_BUTTERFLY, android.healthconnect.datatypes.ExerciseSegmentType.EXERCISE_SEGMENT_TYPE_SWIMMING_MIXED, android.healthconnect.datatypes.ExerciseSegmentType.EXERCISE_SEGMENT_TYPE_SWIMMING_OTHER, android.healthconnect.datatypes.ExerciseSegmentType.EXERCISE_SEGMENT_TYPE_REST, android.healthconnect.datatypes.ExerciseSegmentType.EXERCISE_SEGMENT_TYPE_PAUSE}" />
    </annotation>
  </item>
  <item name="android.healthconnect.datatypes.ExerciseSegment.Builder android.healthconnect.datatypes.ExerciseSegment.Builder setRepetitionsCount(int) 0">
    <annotation name="androidx.annotation.IntRange">
      <val name="from" val="0" />
    </annotation>
  </item>
  <item name="android.healthconnect.datatypes.ExerciseSessionRecord int getExerciseType()">
    <annotation name="androidx.annotation.IntDef">
      <val name="value" val="{android.healthconnect.datatypes.ExerciseSessionType.EXERCISE_SESSION_TYPE_UNKNOWN, android.healthconnect.datatypes.ExerciseSessionType.EXERCISE_SESSION_TYPE_BADMINTON, android.healthconnect.datatypes.ExerciseSessionType.EXERCISE_SESSION_TYPE_BASEBALL, android.healthconnect.datatypes.ExerciseSessionType.EXERCISE_SESSION_TYPE_BASKETBALL, android.healthconnect.datatypes.ExerciseSessionType.EXERCISE_SESSION_TYPE_BIKING, android.healthconnect.datatypes.ExerciseSessionType.EXERCISE_SESSION_TYPE_BIKING_STATIONARY, android.healthconnect.datatypes.ExerciseSessionType.EXERCISE_SESSION_TYPE_BOOT_CAMP, android.healthconnect.datatypes.ExerciseSessionType.EXERCISE_SESSION_TYPE_BOXING, android.healthconnect.datatypes.ExerciseSessionType.EXERCISE_SESSION_TYPE_CALISTHENICS, android.healthconnect.datatypes.ExerciseSessionType.EXERCISE_SESSION_TYPE_CRICKET, android.healthconnect.datatypes.ExerciseSessionType.EXERCISE_SESSION_TYPE_DANCING, android.healthconnect.datatypes.ExerciseSessionType.EXERCISE_SESSION_TYPE_ELLIPTICAL, android.healthconnect.datatypes.ExerciseSessionType.EXERCISE_SESSION_TYPE_EXERCISE_CLASS, android.healthconnect.datatypes.ExerciseSessionType.EXERCISE_SESSION_TYPE_FENCING, android.healthconnect.datatypes.ExerciseSessionType.EXERCISE_SESSION_TYPE_FOOTBALL_AMERICAN, android.healthconnect.datatypes.ExerciseSessionType.EXERCISE_SESSION_TYPE_FOOTBALL_AUSTRALIAN, android.healthconnect.datatypes.ExerciseSessionType.EXERCISE_SESSION_TYPE_FRISBEE_DISC, android.healthconnect.datatypes.ExerciseSessionType.EXERCISE_SESSION_TYPE_GOLF, android.healthconnect.datatypes.ExerciseSessionType.EXERCISE_SESSION_TYPE_GUIDED_BREATHING, android.healthconnect.datatypes.ExerciseSessionType.EXERCISE_SESSION_TYPE_GYMNASTICS, android.healthconnect.datatypes.ExerciseSessionType.EXERCISE_SESSION_TYPE_HANDBALL, android.healthconnect.datatypes.ExerciseSessionType.EXERCISE_SESSION_TYPE_HIGH_INTENSITY_INTERVAL_TRAINING, android.healthconnect.datatypes.ExerciseSessionType.EXERCISE_SESSION_TYPE_HIKING, android.healthconnect.datatypes.ExerciseSessionType.EXERCISE_SESSION_TYPE_ICE_HOCKEY, android.healthconnect.datatypes.ExerciseSessionType.EXERCISE_SESSION_TYPE_ICE_SKATING, android.healthconnect.datatypes.ExerciseSessionType.EXERCISE_SESSION_TYPE_MARTIAL_ARTS, android.healthconnect.datatypes.ExerciseSessionType.EXERCISE_SESSION_TYPE_PADDLING, android.healthconnect.datatypes.ExerciseSessionType.EXERCISE_SESSION_TYPE_PARAGLIDING, android.healthconnect.datatypes.ExerciseSessionType.EXERCISE_SESSION_TYPE_PILATES, android.healthconnect.datatypes.ExerciseSessionType.EXERCISE_SESSION_TYPE_RACQUETBALL, android.healthconnect.datatypes.ExerciseSessionType.EXERCISE_SESSION_TYPE_ROCK_CLIMBING, android.healthconnect.datatypes.ExerciseSessionType.EXERCISE_SESSION_TYPE_ROLLER_HOCKEY, android.healthconnect.datatypes.ExerciseSessionType.EXERCISE_SESSION_TYPE_ROWING, android.healthconnect.datatypes.ExerciseSessionType.EXERCISE_SESSION_TYPE_ROWING_MACHINE, android.healthconnect.datatypes.ExerciseSessionType.EXERCISE_SESSION_TYPE_RUGBY, android.healthconnect.datatypes.ExerciseSessionType.EXERCISE_SESSION_TYPE_RUNNING, android.healthconnect.datatypes.ExerciseSessionType.EXERCISE_SESSION_TYPE_RUNNING_TREADMILL, android.healthconnect.datatypes.ExerciseSessionType.EXERCISE_SESSION_TYPE_SAILING, android.healthconnect.datatypes.ExerciseSessionType.EXERCISE_SESSION_TYPE_SCUBA_DIVING, android.healthconnect.datatypes.ExerciseSessionType.EXERCISE_SESSION_TYPE_SKATING, android.healthconnect.datatypes.ExerciseSessionType.EXERCISE_SESSION_TYPE_SKIING, android.healthconnect.datatypes.ExerciseSessionType.EXERCISE_SESSION_TYPE_SNOWBOARDING, android.healthconnect.datatypes.ExerciseSessionType.EXERCISE_SESSION_TYPE_SNOWSHOEING, android.healthconnect.datatypes.ExerciseSessionType.EXERCISE_SESSION_TYPE_SOCCER, android.healthconnect.datatypes.ExerciseSessionType.EXERCISE_SESSION_TYPE_SOFTBALL, android.healthconnect.datatypes.ExerciseSessionType.EXERCISE_SESSION_TYPE_SQUASH, android.healthconnect.datatypes.ExerciseSessionType.EXERCISE_SESSION_TYPE_STAIR_CLIMBING, android.healthconnect.datatypes.ExerciseSessionType.EXERCISE_SESSION_TYPE_STAIR_CLIMBING_MACHINE, android.healthconnect.datatypes.ExerciseSessionType.EXERCISE_SESSION_TYPE_STRENGTH_TRAINING, android.healthconnect.datatypes.ExerciseSessionType.EXERCISE_SESSION_TYPE_STRETCHING, android.healthconnect.datatypes.ExerciseSessionType.EXERCISE_SESSION_TYPE_SURFING, android.healthconnect.datatypes.ExerciseSessionType.EXERCISE_SESSION_TYPE_SWIMMING_OPEN_WATER, android.healthconnect.datatypes.ExerciseSessionType.EXERCISE_SESSION_TYPE_SWIMMING_POOL, android.healthconnect.datatypes.ExerciseSessionType.EXERCISE_SESSION_TYPE_TABLE_TENNIS, android.healthconnect.datatypes.ExerciseSessionType.EXERCISE_SESSION_TYPE_TENNIS, android.healthconnect.datatypes.ExerciseSessionType.EXERCISE_SESSION_TYPE_VOLLEYBALL, android.healthconnect.datatypes.ExerciseSessionType.EXERCISE_SESSION_TYPE_WALKING, android.healthconnect.datatypes.ExerciseSessionType.EXERCISE_SESSION_TYPE_WATER_POLO, android.healthconnect.datatypes.ExerciseSessionType.EXERCISE_SESSION_TYPE_WEIGHTLIFTING, android.healthconnect.datatypes.ExerciseSessionType.EXERCISE_SESSION_TYPE_WHEELCHAIR, android.healthconnect.datatypes.ExerciseSessionType.EXERCISE_SESSION_TYPE_OTHER_WORKOUT, android.healthconnect.datatypes.ExerciseSessionType.EXERCISE_SESSION_TYPE_YOGA}" />
    </annotation>
  </item>
  <item name="android.healthconnect.datatypes.ExerciseSessionRecord.Builder Builder(android.healthconnect.datatypes.Metadata, java.time.Instant, java.time.Instant, int) 3">
    <annotation name="androidx.annotation.IntDef">
      <val name="value" val="{android.healthconnect.datatypes.ExerciseSessionType.EXERCISE_SESSION_TYPE_UNKNOWN, android.healthconnect.datatypes.ExerciseSessionType.EXERCISE_SESSION_TYPE_BADMINTON, android.healthconnect.datatypes.ExerciseSessionType.EXERCISE_SESSION_TYPE_BASEBALL, android.healthconnect.datatypes.ExerciseSessionType.EXERCISE_SESSION_TYPE_BASKETBALL, android.healthconnect.datatypes.ExerciseSessionType.EXERCISE_SESSION_TYPE_BIKING, android.healthconnect.datatypes.ExerciseSessionType.EXERCISE_SESSION_TYPE_BIKING_STATIONARY, android.healthconnect.datatypes.ExerciseSessionType.EXERCISE_SESSION_TYPE_BOOT_CAMP, android.healthconnect.datatypes.ExerciseSessionType.EXERCISE_SESSION_TYPE_BOXING, android.healthconnect.datatypes.ExerciseSessionType.EXERCISE_SESSION_TYPE_CALISTHENICS, android.healthconnect.datatypes.ExerciseSessionType.EXERCISE_SESSION_TYPE_CRICKET, android.healthconnect.datatypes.ExerciseSessionType.EXERCISE_SESSION_TYPE_DANCING, android.healthconnect.datatypes.ExerciseSessionType.EXERCISE_SESSION_TYPE_ELLIPTICAL, android.healthconnect.datatypes.ExerciseSessionType.EXERCISE_SESSION_TYPE_EXERCISE_CLASS, android.healthconnect.datatypes.ExerciseSessionType.EXERCISE_SESSION_TYPE_FENCING, android.healthconnect.datatypes.ExerciseSessionType.EXERCISE_SESSION_TYPE_FOOTBALL_AMERICAN, android.healthconnect.datatypes.ExerciseSessionType.EXERCISE_SESSION_TYPE_FOOTBALL_AUSTRALIAN, android.healthconnect.datatypes.ExerciseSessionType.EXERCISE_SESSION_TYPE_FRISBEE_DISC, android.healthconnect.datatypes.ExerciseSessionType.EXERCISE_SESSION_TYPE_GOLF, android.healthconnect.datatypes.ExerciseSessionType.EXERCISE_SESSION_TYPE_GUIDED_BREATHING, android.healthconnect.datatypes.ExerciseSessionType.EXERCISE_SESSION_TYPE_GYMNASTICS, android.healthconnect.datatypes.ExerciseSessionType.EXERCISE_SESSION_TYPE_HANDBALL, android.healthconnect.datatypes.ExerciseSessionType.EXERCISE_SESSION_TYPE_HIGH_INTENSITY_INTERVAL_TRAINING, android.healthconnect.datatypes.ExerciseSessionType.EXERCISE_SESSION_TYPE_HIKING, android.healthconnect.datatypes.ExerciseSessionType.EXERCISE_SESSION_TYPE_ICE_HOCKEY, android.healthconnect.datatypes.ExerciseSessionType.EXERCISE_SESSION_TYPE_ICE_SKATING, android.healthconnect.datatypes.ExerciseSessionType.EXERCISE_SESSION_TYPE_MARTIAL_ARTS, android.healthconnect.datatypes.ExerciseSessionType.EXERCISE_SESSION_TYPE_PADDLING, android.healthconnect.datatypes.ExerciseSessionType.EXERCISE_SESSION_TYPE_PARAGLIDING, android.healthconnect.datatypes.ExerciseSessionType.EXERCISE_SESSION_TYPE_PILATES, android.healthconnect.datatypes.ExerciseSessionType.EXERCISE_SESSION_TYPE_RACQUETBALL, android.healthconnect.datatypes.ExerciseSessionType.EXERCISE_SESSION_TYPE_ROCK_CLIMBING, android.healthconnect.datatypes.ExerciseSessionType.EXERCISE_SESSION_TYPE_ROLLER_HOCKEY, android.healthconnect.datatypes.ExerciseSessionType.EXERCISE_SESSION_TYPE_ROWING, android.healthconnect.datatypes.ExerciseSessionType.EXERCISE_SESSION_TYPE_ROWING_MACHINE, android.healthconnect.datatypes.ExerciseSessionType.EXERCISE_SESSION_TYPE_RUGBY, android.healthconnect.datatypes.ExerciseSessionType.EXERCISE_SESSION_TYPE_RUNNING, android.healthconnect.datatypes.ExerciseSessionType.EXERCISE_SESSION_TYPE_RUNNING_TREADMILL, android.healthconnect.datatypes.ExerciseSessionType.EXERCISE_SESSION_TYPE_SAILING, android.healthconnect.datatypes.ExerciseSessionType.EXERCISE_SESSION_TYPE_SCUBA_DIVING, android.healthconnect.datatypes.ExerciseSessionType.EXERCISE_SESSION_TYPE_SKATING, android.healthconnect.datatypes.ExerciseSessionType.EXERCISE_SESSION_TYPE_SKIING, android.healthconnect.datatypes.ExerciseSessionType.EXERCISE_SESSION_TYPE_SNOWBOARDING, android.healthconnect.datatypes.ExerciseSessionType.EXERCISE_SESSION_TYPE_SNOWSHOEING, android.healthconnect.datatypes.ExerciseSessionType.EXERCISE_SESSION_TYPE_SOCCER, android.healthconnect.datatypes.ExerciseSessionType.EXERCISE_SESSION_TYPE_SOFTBALL, android.healthconnect.datatypes.ExerciseSessionType.EXERCISE_SESSION_TYPE_SQUASH, android.healthconnect.datatypes.ExerciseSessionType.EXERCISE_SESSION_TYPE_STAIR_CLIMBING, android.healthconnect.datatypes.ExerciseSessionType.EXERCISE_SESSION_TYPE_STAIR_CLIMBING_MACHINE, android.healthconnect.datatypes.ExerciseSessionType.EXERCISE_SESSION_TYPE_STRENGTH_TRAINING, android.healthconnect.datatypes.ExerciseSessionType.EXERCISE_SESSION_TYPE_STRETCHING, android.healthconnect.datatypes.ExerciseSessionType.EXERCISE_SESSION_TYPE_SURFING, android.healthconnect.datatypes.ExerciseSessionType.EXERCISE_SESSION_TYPE_SWIMMING_OPEN_WATER, android.healthconnect.datatypes.ExerciseSessionType.EXERCISE_SESSION_TYPE_SWIMMING_POOL, android.healthconnect.datatypes.ExerciseSessionType.EXERCISE_SESSION_TYPE_TABLE_TENNIS, android.healthconnect.datatypes.ExerciseSessionType.EXERCISE_SESSION_TYPE_TENNIS, android.healthconnect.datatypes.ExerciseSessionType.EXERCISE_SESSION_TYPE_VOLLEYBALL, android.healthconnect.datatypes.ExerciseSessionType.EXERCISE_SESSION_TYPE_WALKING, android.healthconnect.datatypes.ExerciseSessionType.EXERCISE_SESSION_TYPE_WATER_POLO, android.healthconnect.datatypes.ExerciseSessionType.EXERCISE_SESSION_TYPE_WEIGHTLIFTING, android.healthconnect.datatypes.ExerciseSessionType.EXERCISE_SESSION_TYPE_WHEELCHAIR, android.healthconnect.datatypes.ExerciseSessionType.EXERCISE_SESSION_TYPE_OTHER_WORKOUT, android.healthconnect.datatypes.ExerciseSessionType.EXERCISE_SESSION_TYPE_YOGA}" />
    </annotation>
  </item>
  <item name="android.healthconnect.datatypes.FloorsClimbedRecord int getFloors()">
    <annotation name="androidx.annotation.IntRange">
      <val name="from" val="0" />
      <val name="to" val="1000000" />
    </annotation>
  </item>
  <item name="android.healthconnect.datatypes.MenstruationFlowRecord.Builder Builder(android.healthconnect.datatypes.Metadata, java.time.Instant, int) 2">
    <annotation name="androidx.annotation.IntDef">
      <val name="value" val="{android.healthconnect.datatypes.MenstruationFlowRecord.MenstruationFlowType.FLOW_UNKNOWN, android.healthconnect.datatypes.MenstruationFlowRecord.MenstruationFlowType.FLOW_LIGHT, android.healthconnect.datatypes.MenstruationFlowRecord.MenstruationFlowType.FLOW_MEDIUM, android.healthconnect.datatypes.MenstruationFlowRecord.MenstruationFlowType.FLOW_HEAVY}" />
    </annotation>
  </item>
  <item name="android.healthconnect.datatypes.NutritionRecord int getMealType()">
    <annotation name="androidx.annotation.IntDef">
      <val name="value" val="{android.healthconnect.datatypes.MealType.MEAL_TYPE_UNKNOWN, android.healthconnect.datatypes.MealType.MEAL_TYPE_BREAKFAST, android.healthconnect.datatypes.MealType.MEAL_TYPE_LUNCH, android.healthconnect.datatypes.MealType.MEAL_TYPE_DINNER, android.healthconnect.datatypes.MealType.MEAL_TYPE_SNACK}" />
    </annotation>
  </item>
  <item name="android.healthconnect.datatypes.NutritionRecord.Builder android.healthconnect.datatypes.NutritionRecord.Builder setMealType(int) 0">
    <annotation name="androidx.annotation.IntDef">
      <val name="value" val="{android.healthconnect.datatypes.MealType.MEAL_TYPE_UNKNOWN, android.healthconnect.datatypes.MealType.MEAL_TYPE_BREAKFAST, android.healthconnect.datatypes.MealType.MEAL_TYPE_LUNCH, android.healthconnect.datatypes.MealType.MEAL_TYPE_DINNER, android.healthconnect.datatypes.MealType.MEAL_TYPE_SNACK}" />
    </annotation>
  </item>
  <item name="android.healthconnect.datatypes.OvulationTestRecord int getResult()">
    <annotation name="androidx.annotation.IntDef">
      <val name="value" val="{android.healthconnect.datatypes.OvulationTestRecord.OvulationTestResult.RESULT_INCONCLUSIVE, android.healthconnect.datatypes.OvulationTestRecord.OvulationTestResult.RESULT_POSITIVE, android.healthconnect.datatypes.OvulationTestRecord.OvulationTestResult.RESULT_HIGH, android.healthconnect.datatypes.OvulationTestRecord.OvulationTestResult.RESULT_NEGATIVE}" />
    </annotation>
  </item>
  <item name="android.healthconnect.datatypes.OvulationTestRecord.Builder Builder(android.healthconnect.datatypes.Metadata, java.time.Instant, int) 2">
    <annotation name="androidx.annotation.IntDef">
      <val name="value" val="{android.healthconnect.datatypes.OvulationTestRecord.OvulationTestResult.RESULT_INCONCLUSIVE, android.healthconnect.datatypes.OvulationTestRecord.OvulationTestResult.RESULT_POSITIVE, android.healthconnect.datatypes.OvulationTestRecord.OvulationTestResult.RESULT_HIGH, android.healthconnect.datatypes.OvulationTestRecord.OvulationTestResult.RESULT_NEGATIVE}" />
    </annotation>
  </item>
  <item name="android.healthconnect.datatypes.Record int getRecordType()">
    <annotation name="androidx.annotation.IntDef">
      <val name="value" val="{android.healthconnect.datatypes.RecordTypeIdentifier.RECORD_TYPE_UNKNOWN, android.healthconnect.datatypes.RecordTypeIdentifier.RECORD_TYPE_STEPS, android.healthconnect.datatypes.RecordTypeIdentifier.RECORD_TYPE_HEART_RATE, android.healthconnect.datatypes.RecordTypeIdentifier.RECORD_TYPE_BASAL_METABOLIC_RATE, android.healthconnect.datatypes.RecordTypeIdentifier.RECORD_TYPE_CYCLING_PEDALING_CADENCE, android.healthconnect.datatypes.RecordTypeIdentifier.RECORD_TYPE_POWER, android.healthconnect.datatypes.RecordTypeIdentifier.RECORD_TYPE_SPEED, android.healthconnect.datatypes.RecordTypeIdentifier.RECORD_TYPE_STEPS_CADENCE, android.healthconnect.datatypes.RecordTypeIdentifier.RECORD_TYPE_DISTANCE, android.healthconnect.datatypes.RecordTypeIdentifier.RECORD_TYPE_WHEELCHAIR_PUSHES, android.healthconnect.datatypes.RecordTypeIdentifier.RECORD_TYPE_TOTAL_CALORIES_BURNED, android.healthconnect.datatypes.RecordTypeIdentifier.RECORD_TYPE_FLOORS_CLIMBED, android.healthconnect.datatypes.RecordTypeIdentifier.RECORD_TYPE_ELEVATION_GAINED, android.healthconnect.datatypes.RecordTypeIdentifier.RECORD_TYPE_ACTIVE_CALORIES_BURNED, android.healthconnect.datatypes.RecordTypeIdentifier.RECORD_TYPE_HYDRATION, android.healthconnect.datatypes.RecordTypeIdentifier.RECORD_TYPE_NUTRITION, android.healthconnect.datatypes.RecordTypeIdentifier.RECORD_TYPE_RESPIRATORY_RATE, android.healthconnect.datatypes.RecordTypeIdentifier.RECORD_TYPE_BONE_MASS, android.healthconnect.datatypes.RecordTypeIdentifier.RECORD_TYPE_RESTING_HEART_RATE, android.healthconnect.datatypes.RecordTypeIdentifier.RECORD_TYPE_BODY_FAT, android.healthconnect.datatypes.RecordTypeIdentifier.RECORD_TYPE_VO2_MAX, android.healthconnect.datatypes.RecordTypeIdentifier.RECORD_TYPE_CERVICAL_MUCUS, android.healthconnect.datatypes.RecordTypeIdentifier.RECORD_TYPE_BASAL_BODY_TEMPERATURE, android.healthconnect.datatypes.RecordTypeIdentifier.RECORD_TYPE_MENSTRUATION_FLOW, android.healthconnect.datatypes.RecordTypeIdentifier.RECORD_TYPE_OXYGEN_SATURATION, android.healthconnect.datatypes.RecordTypeIdentifier.RECORD_TYPE_BLOOD_PRESSURE, android.healthconnect.datatypes.RecordTypeIdentifier.RECORD_TYPE_HEIGHT, android.healthconnect.datatypes.RecordTypeIdentifier.RECORD_TYPE_BLOOD_GLUCOSE, android.healthconnect.datatypes.RecordTypeIdentifier.RECORD_TYPE_WEIGHT, android.healthconnect.datatypes.RecordTypeIdentifier.RECORD_TYPE_LEAN_BODY_MASS, android.healthconnect.datatypes.RecordTypeIdentifier.RECORD_TYPE_SEXUAL_ACTIVITY, android.healthconnect.datatypes.RecordTypeIdentifier.RECORD_TYPE_BODY_TEMPERATURE, android.healthconnect.datatypes.RecordTypeIdentifier.RECORD_TYPE_OVULATION_TEST, android.healthconnect.datatypes.RecordTypeIdentifier.RECORD_TYPE_EXERCISE_SESSION, android.healthconnect.datatypes.RecordTypeIdentifier.RECORD_TYPE_BODY_WATER_MASS, android.healthconnect.datatypes.RecordTypeIdentifier.RECORD_TYPE_HEART_RATE_VARIABILITY_RMSSD, android.healthconnect.datatypes.RecordTypeIdentifier.RECORD_TYPE_MENSTRUATION_PERIOD, android.healthconnect.datatypes.RecordTypeIdentifier.RECORD_TYPE_INTERMENSTRUAL_BLEEDING}" />
    </annotation>
  </item>
  <item name="android.healthconnect.datatypes.RespiratoryRateRecord.Builder Builder(android.healthconnect.datatypes.Metadata, java.time.Instant, double) 2">
    <annotation name="androidx.annotation.FloatRange">
      <val name="from" val="0" />
      <val name="to" val="1000" />
    </annotation>
  </item>
  <item name="android.healthconnect.datatypes.RestingHeartRateRecord.Builder Builder(android.healthconnect.datatypes.Metadata, java.time.Instant, long) 2">
    <annotation name="androidx.annotation.IntRange">
      <val name="from" val="1" />
      <val name="to" val="300" />
    </annotation>
  </item>
  <item name="android.healthconnect.datatypes.SexualActivityRecord int getProtectionUsed()">
    <annotation name="androidx.annotation.IntDef">
      <val name="value" val="{android.healthconnect.datatypes.SexualActivityRecord.SexualActivityProtectionUsed.PROTECTION_USED_UNKNOWN, android.healthconnect.datatypes.SexualActivityRecord.SexualActivityProtectionUsed.PROTECTION_USED_PROTECTED, android.healthconnect.datatypes.SexualActivityRecord.SexualActivityProtectionUsed.PROTECTION_USED_UNPROTECTED}" />
    </annotation>
  </item>
  <item name="android.healthconnect.datatypes.SexualActivityRecord.Builder Builder(android.healthconnect.datatypes.Metadata, java.time.Instant, int) 2">
    <annotation name="androidx.annotation.IntDef">
      <val name="value" val="{android.healthconnect.datatypes.SexualActivityRecord.SexualActivityProtectionUsed.PROTECTION_USED_UNKNOWN, android.healthconnect.datatypes.SexualActivityRecord.SexualActivityProtectionUsed.PROTECTION_USED_PROTECTED, android.healthconnect.datatypes.SexualActivityRecord.SexualActivityProtectionUsed.PROTECTION_USED_UNPROTECTED}" />
    </annotation>
  </item>
  <item name="android.healthconnect.datatypes.SleepSessionRecord.Stage Stage(java.time.Instant, java.time.Instant, int) 2">
    <annotation name="androidx.annotation.IntDef">
      <val name="value" val="{android.healthconnect.datatypes.SleepSessionRecord.StageType.STAGE_TYPE_UNKNOWN, android.healthconnect.datatypes.SleepSessionRecord.StageType.STAGE_TYPE_AWAKE, android.healthconnect.datatypes.SleepSessionRecord.StageType.STAGE_TYPE_SLEEPING, android.healthconnect.datatypes.SleepSessionRecord.StageType.STAGE_TYPE_AWAKE_OUT_OF_BED, android.healthconnect.datatypes.SleepSessionRecord.StageType.STAGE_TYPE_SLEEPING_LIGHT, android.healthconnect.datatypes.SleepSessionRecord.StageType.STAGE_TYPE_SLEEPING_DEEP, android.healthconnect.datatypes.SleepSessionRecord.StageType.STAGE_TYPE_SLEEPING_REM, android.healthconnect.datatypes.SleepSessionRecord.StageType.STAGE_TYPE_AWAKE_IN_BED}" />
    </annotation>
  </item>
  <item name="android.healthconnect.datatypes.SleepSessionRecord.Stage int getType()">
    <annotation name="androidx.annotation.IntDef">
      <val name="value" val="{android.healthconnect.datatypes.SleepSessionRecord.StageType.STAGE_TYPE_UNKNOWN, android.healthconnect.datatypes.SleepSessionRecord.StageType.STAGE_TYPE_AWAKE, android.healthconnect.datatypes.SleepSessionRecord.StageType.STAGE_TYPE_SLEEPING, android.healthconnect.datatypes.SleepSessionRecord.StageType.STAGE_TYPE_AWAKE_OUT_OF_BED, android.healthconnect.datatypes.SleepSessionRecord.StageType.STAGE_TYPE_SLEEPING_LIGHT, android.healthconnect.datatypes.SleepSessionRecord.StageType.STAGE_TYPE_SLEEPING_DEEP, android.healthconnect.datatypes.SleepSessionRecord.StageType.STAGE_TYPE_SLEEPING_REM, android.healthconnect.datatypes.SleepSessionRecord.StageType.STAGE_TYPE_AWAKE_IN_BED}" />
    </annotation>
  </item>
  <item name="android.healthconnect.datatypes.Vo2MaxRecord int getMeasurementMethod()">
    <annotation name="androidx.annotation.IntDef">
      <val name="value" val="{android.healthconnect.datatypes.Vo2MaxRecord.Vo2MaxMeasurementMethod.MEASUREMENT_METHOD_OTHER, android.healthconnect.datatypes.Vo2MaxRecord.Vo2MaxMeasurementMethod.MEASUREMENT_METHOD_METABOLIC_CART, android.healthconnect.datatypes.Vo2MaxRecord.Vo2MaxMeasurementMethod.MEASUREMENT_METHOD_HEART_RATE_RATIO, android.healthconnect.datatypes.Vo2MaxRecord.Vo2MaxMeasurementMethod.MEASUREMENT_METHOD_COOPER_TEST, android.healthconnect.datatypes.Vo2MaxRecord.Vo2MaxMeasurementMethod.MEASUREMENT_METHOD_MULTISTAGE_FITNESS_TEST, android.healthconnect.datatypes.Vo2MaxRecord.Vo2MaxMeasurementMethod.MEASUREMENT_METHOD_ROCKPORT_FITNESS_TEST}" />
    </annotation>
  </item>
  <item name="android.healthconnect.datatypes.Vo2MaxRecord.Builder Builder(android.healthconnect.datatypes.Metadata, java.time.Instant, int, double) 2">
    <annotation name="androidx.annotation.IntDef">
      <val name="value" val="{android.healthconnect.datatypes.Vo2MaxRecord.Vo2MaxMeasurementMethod.MEASUREMENT_METHOD_OTHER, android.healthconnect.datatypes.Vo2MaxRecord.Vo2MaxMeasurementMethod.MEASUREMENT_METHOD_METABOLIC_CART, android.healthconnect.datatypes.Vo2MaxRecord.Vo2MaxMeasurementMethod.MEASUREMENT_METHOD_HEART_RATE_RATIO, android.healthconnect.datatypes.Vo2MaxRecord.Vo2MaxMeasurementMethod.MEASUREMENT_METHOD_COOPER_TEST, android.healthconnect.datatypes.Vo2MaxRecord.Vo2MaxMeasurementMethod.MEASUREMENT_METHOD_MULTISTAGE_FITNESS_TEST, android.healthconnect.datatypes.Vo2MaxRecord.Vo2MaxMeasurementMethod.MEASUREMENT_METHOD_ROCKPORT_FITNESS_TEST}" />
    </annotation>
  </item>
  <item name="android.healthconnect.datatypes.Vo2MaxRecord.Builder Builder(android.healthconnect.datatypes.Metadata, java.time.Instant, int, double) 3">
    <annotation name="androidx.annotation.FloatRange">
      <val name="from" val="0" />
      <val name="to" val="100" />
    </annotation>
  </item>
  <item name="android.healthconnect.datatypes.WheelchairPushesRecord.Builder Builder(android.healthconnect.datatypes.Metadata, java.time.Instant, java.time.Instant, long) 3">
    <annotation name="androidx.annotation.IntRange">
      <val name="from" val="1" />
      <val name="to" val="1000000" />
    </annotation>
  </item>
</root>

