<?xml version="1.0" encoding="UTF-8"?>
<root>
  <item name="android.adservices.adselection.AdSelectionManager void reportImpression(android.adservices.adselection.ReportImpressionRequest, java.util.concurrent.Executor, android.os.OutcomeReceiver&lt;java.lang.Object,java.lang.Exception&gt;)">
    <annotation name="androidx.annotation.RequiresPermission">
      <val name="value" val="&quot;android.permission.ACCESS_ADSERVICES_CUSTOM_AUDIENCE&quot;" />
    </annotation>
  </item>
  <item name="android.adservices.adselection.AdSelectionManager void selectAds(android.adservices.adselection.AdSelectionConfig, java.util.concurrent.Executor, android.os.OutcomeReceiver&lt;android.adservices.adselection.AdSelectionOutcome,java.lang.Exception&gt;)">
    <annotation name="androidx.annotation.RequiresPermission">
      <val name="value" val="&quot;android.permission.ACCESS_ADSERVICES_CUSTOM_AUDIENCE&quot;" />
    </annotation>
  </item>
  <item name="android.adservices.adselection.TestAdSelectionManager void overrideAdSelectionConfigRemoteInfo(android.adservices.adselection.AddAdSelectionOverrideRequest, java.util.concurrent.Executor, android.os.OutcomeReceiver&lt;java.lang.Object,java.lang.Exception&gt;)">
    <annotation name="androidx.annotation.RequiresPermission">
      <val name="value" val="&quot;android.permission.ACCESS_ADSERVICES_CUSTOM_AUDIENCE&quot;" />
    </annotation>
  </item>
  <item name="android.adservices.adselection.TestAdSelectionManager void overrideAdSelectionFromOutcomesConfigRemoteInfo(android.adservices.adselection.AddAdSelectionFromOutcomesOverrideRequest, java.util.concurrent.Executor, android.os.OutcomeReceiver&lt;java.lang.Object,java.lang.Exception&gt;)">
    <annotation name="androidx.annotation.RequiresPermission">
      <val name="value" val="&quot;android.permission.ACCESS_ADSERVICES_CUSTOM_AUDIENCE&quot;" />
    </annotation>
  </item>
  <item name="android.adservices.adselection.TestAdSelectionManager void removeAdSelectionConfigRemoteInfoOverride(android.adservices.adselection.RemoveAdSelectionOverrideRequest, java.util.concurrent.Executor, android.os.OutcomeReceiver&lt;java.lang.Object,java.lang.Exception&gt;)">
    <annotation name="androidx.annotation.RequiresPermission">
      <val name="value" val="&quot;android.permission.ACCESS_ADSERVICES_CUSTOM_AUDIENCE&quot;" />
    </annotation>
  </item>
  <item name="android.adservices.adselection.TestAdSelectionManager void removeAdSelectionFromOutcomesConfigRemoteInfoOverride(android.adservices.adselection.RemoveAdSelectionFromOutcomesOverrideRequest, java.util.concurrent.Executor, android.os.OutcomeReceiver&lt;java.lang.Object,java.lang.Exception&gt;)">
    <annotation name="androidx.annotation.RequiresPermission">
      <val name="value" val="&quot;android.permission.ACCESS_ADSERVICES_CUSTOM_AUDIENCE&quot;" />
    </annotation>
  </item>
  <item name="android.adservices.adselection.TestAdSelectionManager void resetAllAdSelectionConfigRemoteOverrides(java.util.concurrent.Executor, android.os.OutcomeReceiver&lt;java.lang.Object,java.lang.Exception&gt;)">
    <annotation name="androidx.annotation.RequiresPermission">
      <val name="value" val="&quot;android.permission.ACCESS_ADSERVICES_CUSTOM_AUDIENCE&quot;" />
    </annotation>
  </item>
  <item name="android.adservices.adselection.TestAdSelectionManager void resetAllAdSelectionFromOutcomesConfigRemoteOverrides(java.util.concurrent.Executor, android.os.OutcomeReceiver&lt;java.lang.Object,java.lang.Exception&gt;)">
    <annotation name="androidx.annotation.RequiresPermission">
      <val name="value" val="&quot;android.permission.ACCESS_ADSERVICES_CUSTOM_AUDIENCE&quot;" />
    </annotation>
  </item>
</root>

