<?xml version="1.0" encoding="UTF-8"?>
<root>
  <item name="android.media.voice.KeyphraseModelManager android.hardware.soundtrigger.SoundTrigger.KeyphraseSoundModel getKeyphraseSoundModel(int, java.util.Locale)">
    <annotation name="androidx.annotation.RequiresPermission">
      <val name="value" val="&quot;android.permission.MANAGE_VOICE_KEYPHRASES&quot;" />
    </annotation>
  </item>
  <item name="android.media.voice.KeyphraseModelManager void deleteKeyphraseSoundModel(int, java.util.Locale)">
    <annotation name="androidx.annotation.RequiresPermission">
      <val name="value" val="&quot;android.permission.MANAGE_VOICE_KEYPHRASES&quot;" />
    </annotation>
  </item>
  <item name="android.media.voice.KeyphraseModelManager void updateKeyphraseSoundModel(android.hardware.soundtrigger.SoundTrigger.KeyphraseSoundModel)">
    <annotation name="androidx.annotation.RequiresPermission">
      <val name="value" val="&quot;android.permission.MANAGE_VOICE_KEYPHRASES&quot;" />
    </annotation>
  </item>
</root>

