<?xml version="1.0" encoding="UTF-8"?>
<root>
  <item name="android.uwb.AngleMeasurement AngleMeasurement(double, double, double) 0">
    <annotation name="androidx.annotation.FloatRange">
      <val name="from" val="-3.141592653589793" />
      <val name="to" val="+3.141592653589793" />
    </annotation>
  </item>
  <item name="android.uwb.AngleMeasurement AngleMeasurement(double, double, double) 1">
    <annotation name="androidx.annotation.FloatRange">
      <val name="from" val="0.0" />
      <val name="to" val="+3.141592653589793" />
    </annotation>
  </item>
  <item name="android.uwb.AngleMeasurement AngleMeasurement(double, double, double) 2">
    <annotation name="androidx.annotation.FloatRange">
      <val name="from" val="0.0" />
      <val name="to" val="1.0" />
    </annotation>
  </item>
  <item name="android.uwb.AngleMeasurement double getConfidenceLevel()">
    <annotation name="androidx.annotation.FloatRange">
      <val name="from" val="0.0" />
      <val name="to" val="1.0" />
    </annotation>
  </item>
  <item name="android.uwb.AngleMeasurement double getErrorRadians()">
    <annotation name="androidx.annotation.FloatRange">
      <val name="from" val="0.0" />
      <val name="to" val="+3.141592653589793" />
    </annotation>
  </item>
  <item name="android.uwb.AngleMeasurement double getRadians()">
    <annotation name="androidx.annotation.FloatRange">
      <val name="from" val="-3.141592653589793" />
      <val name="to" val="+3.141592653589793" />
    </annotation>
  </item>
  <item name="android.uwb.DistanceMeasurement double getConfidenceLevel()">
    <annotation name="androidx.annotation.FloatRange">
      <val name="from" val="0.0" />
      <val name="to" val="1.0" />
    </annotation>
  </item>
  <item name="android.uwb.DistanceMeasurement double getErrorMeters()">
    <annotation name="androidx.annotation.FloatRange">
      <val name="from" val="0.0" />
    </annotation>
  </item>
  <item name="android.uwb.DistanceMeasurement.Builder android.uwb.DistanceMeasurement.Builder setConfidenceLevel(double) 0">
    <annotation name="androidx.annotation.FloatRange">
      <val name="from" val="0.0" />
      <val name="to" val="1.0" />
    </annotation>
  </item>
  <item name="android.uwb.DistanceMeasurement.Builder android.uwb.DistanceMeasurement.Builder setErrorMeters(double) 0">
    <annotation name="androidx.annotation.FloatRange">
      <val name="from" val="0.0" />
    </annotation>
  </item>
  <item name="android.uwb.RangingMeasurement int getLineOfSight()">
    <annotation name="androidx.annotation.IntDef">
      <val name="value" val="{android.uwb.RangingMeasurement.LOS, android.uwb.RangingMeasurement.NLOS, android.uwb.RangingMeasurement.LOS_UNDETERMINED}" />
    </annotation>
  </item>
  <item name="android.uwb.RangingMeasurement int getMeasurementFocus()">
    <annotation name="androidx.annotation.IntDef">
      <val name="value" val="{android.uwb.RangingMeasurement.MEASUREMENT_FOCUS_NONE, android.uwb.RangingMeasurement.MEASUREMENT_FOCUS_RANGE, android.uwb.RangingMeasurement.MEASUREMENT_FOCUS_ANGLE_OF_ARRIVAL_AZIMUTH, android.uwb.RangingMeasurement.MEASUREMENT_FOCUS_ANGLE_OF_ARRIVAL_ELEVATION}" />
    </annotation>
  </item>
  <item name="android.uwb.RangingMeasurement int getRssiDbm()">
    <annotation name="androidx.annotation.IntRange">
      <val name="from" val="-128" />
      <val name="to" val="-1" />
    </annotation>
  </item>
  <item name="android.uwb.RangingMeasurement int getStatus()">
    <annotation name="androidx.annotation.IntDef">
      <val name="value" val="{android.uwb.RangingMeasurement.RANGING_STATUS_SUCCESS, android.uwb.RangingMeasurement.RANGING_STATUS_FAILURE_OUT_OF_RANGE, android.uwb.RangingMeasurement.RANGING_STATUS_FAILURE_UNKNOWN_ERROR}" />
    </annotation>
  </item>
  <item name="android.uwb.RangingMeasurement.Builder android.uwb.RangingMeasurement.Builder setLineOfSight(int) 0">
    <annotation name="androidx.annotation.IntDef">
      <val name="value" val="{android.uwb.RangingMeasurement.LOS, android.uwb.RangingMeasurement.NLOS, android.uwb.RangingMeasurement.LOS_UNDETERMINED}" />
    </annotation>
  </item>
  <item name="android.uwb.RangingMeasurement.Builder android.uwb.RangingMeasurement.Builder setMeasurementFocus(int) 0">
    <annotation name="androidx.annotation.IntDef">
      <val name="value" val="{android.uwb.RangingMeasurement.MEASUREMENT_FOCUS_NONE, android.uwb.RangingMeasurement.MEASUREMENT_FOCUS_RANGE, android.uwb.RangingMeasurement.MEASUREMENT_FOCUS_ANGLE_OF_ARRIVAL_AZIMUTH, android.uwb.RangingMeasurement.MEASUREMENT_FOCUS_ANGLE_OF_ARRIVAL_ELEVATION}" />
    </annotation>
  </item>
  <item name="android.uwb.RangingMeasurement.Builder android.uwb.RangingMeasurement.Builder setRssiDbm(int) 0">
    <annotation name="androidx.annotation.IntRange">
      <val name="from" val="-128" />
      <val name="to" val="-1" />
    </annotation>
  </item>
  <item name="android.uwb.RangingMeasurement.Builder android.uwb.RangingMeasurement.Builder setStatus(int) 0">
    <annotation name="androidx.annotation.IntDef">
      <val name="value" val="{android.uwb.RangingMeasurement.RANGING_STATUS_SUCCESS, android.uwb.RangingMeasurement.RANGING_STATUS_FAILURE_OUT_OF_RANGE, android.uwb.RangingMeasurement.RANGING_STATUS_FAILURE_UNKNOWN_ERROR}" />
    </annotation>
  </item>
  <item name="android.uwb.RangingSession void addControlee(android.os.PersistableBundle)">
    <annotation name="androidx.annotation.RequiresPermission">
      <val name="value" val="&quot;android.permission.UWB_PRIVILEGED&quot;" />
    </annotation>
  </item>
  <item name="android.uwb.RangingSession void close()">
    <annotation name="androidx.annotation.RequiresPermission">
      <val name="value" val="&quot;android.permission.UWB_PRIVILEGED&quot;" />
    </annotation>
  </item>
  <item name="android.uwb.RangingSession void pause(android.os.PersistableBundle)">
    <annotation name="androidx.annotation.RequiresPermission">
      <val name="value" val="&quot;android.permission.UWB_PRIVILEGED&quot;" />
    </annotation>
  </item>
  <item name="android.uwb.RangingSession void reconfigure(android.os.PersistableBundle)">
    <annotation name="androidx.annotation.RequiresPermission">
      <val name="value" val="&quot;android.permission.UWB_PRIVILEGED&quot;" />
    </annotation>
  </item>
  <item name="android.uwb.RangingSession void removeControlee(android.os.PersistableBundle)">
    <annotation name="androidx.annotation.RequiresPermission">
      <val name="value" val="&quot;android.permission.UWB_PRIVILEGED&quot;" />
    </annotation>
  </item>
  <item name="android.uwb.RangingSession void resume(android.os.PersistableBundle)">
    <annotation name="androidx.annotation.RequiresPermission">
      <val name="value" val="&quot;android.permission.UWB_PRIVILEGED&quot;" />
    </annotation>
  </item>
  <item name="android.uwb.RangingSession void sendData(android.uwb.UwbAddress, android.os.PersistableBundle, byte[])">
    <annotation name="androidx.annotation.RequiresPermission">
      <val name="value" val="&quot;android.permission.UWB_PRIVILEGED&quot;" />
    </annotation>
  </item>
  <item name="android.uwb.RangingSession void start(android.os.PersistableBundle)">
    <annotation name="androidx.annotation.RequiresPermission">
      <val name="value" val="&quot;android.permission.UWB_PRIVILEGED&quot;" />
    </annotation>
  </item>
  <item name="android.uwb.RangingSession void stop()">
    <annotation name="androidx.annotation.RequiresPermission">
      <val name="value" val="&quot;android.permission.UWB_PRIVILEGED&quot;" />
    </annotation>
  </item>
  <item name="android.uwb.RangingSession.Callback void onClosed(int, android.os.PersistableBundle) 0">
    <annotation name="androidx.annotation.IntDef">
      <val name="value" val="{android.uwb.RangingSession.Callback.REASON_UNKNOWN, android.uwb.RangingSession.Callback.REASON_LOCAL_REQUEST, android.uwb.RangingSession.Callback.REASON_REMOTE_REQUEST, android.uwb.RangingSession.Callback.REASON_BAD_PARAMETERS, android.uwb.RangingSession.Callback.REASON_GENERIC_ERROR, android.uwb.RangingSession.Callback.REASON_MAX_SESSIONS_REACHED, android.uwb.RangingSession.Callback.REASON_SYSTEM_POLICY, android.uwb.RangingSession.Callback.REASON_PROTOCOL_SPECIFIC_ERROR, android.uwb.RangingSession.Callback.REASON_MAX_RR_RETRY_REACHED, android.uwb.RangingSession.Callback.REASON_SERVICE_DISCOVERY_FAILURE, android.uwb.RangingSession.Callback.REASON_SERVICE_CONNECTION_FAILURE, android.uwb.RangingSession.Callback.REASON_SE_NOT_SUPPORTED, android.uwb.RangingSession.Callback.REASON_SE_INTERACTION_FAILURE}" />
    </annotation>
  </item>
  <item name="android.uwb.RangingSession.Callback void onControleeAddFailed(int, android.os.PersistableBundle) 0">
    <annotation name="androidx.annotation.IntDef">
      <val name="value" val="{android.uwb.RangingSession.Callback.CONTROLEE_FAILURE_REASON_MAX_CONTROLEE_REACHED}" />
    </annotation>
  </item>
  <item name="android.uwb.RangingSession.Callback void onControleeRemoveFailed(int, android.os.PersistableBundle) 0">
    <annotation name="androidx.annotation.IntDef">
      <val name="value" val="{android.uwb.RangingSession.Callback.CONTROLEE_FAILURE_REASON_MAX_CONTROLEE_REACHED}" />
    </annotation>
  </item>
  <item name="android.uwb.RangingSession.Callback void onDataReceiveFailed(android.uwb.UwbAddress, int, android.os.PersistableBundle) 1">
    <annotation name="androidx.annotation.IntDef">
      <val name="value" val="{android.uwb.RangingSession.Callback.DATA_FAILURE_REASON_DATA_SIZE_TOO_LARGE}" />
    </annotation>
  </item>
  <item name="android.uwb.RangingSession.Callback void onDataSendFailed(android.uwb.UwbAddress, int, android.os.PersistableBundle) 1">
    <annotation name="androidx.annotation.IntDef">
      <val name="value" val="{android.uwb.RangingSession.Callback.DATA_FAILURE_REASON_DATA_SIZE_TOO_LARGE}" />
    </annotation>
  </item>
  <item name="android.uwb.RangingSession.Callback void onOpenFailed(int, android.os.PersistableBundle) 0">
    <annotation name="androidx.annotation.IntDef">
      <val name="value" val="{android.uwb.RangingSession.Callback.REASON_UNKNOWN, android.uwb.RangingSession.Callback.REASON_LOCAL_REQUEST, android.uwb.RangingSession.Callback.REASON_REMOTE_REQUEST, android.uwb.RangingSession.Callback.REASON_BAD_PARAMETERS, android.uwb.RangingSession.Callback.REASON_GENERIC_ERROR, android.uwb.RangingSession.Callback.REASON_MAX_SESSIONS_REACHED, android.uwb.RangingSession.Callback.REASON_SYSTEM_POLICY, android.uwb.RangingSession.Callback.REASON_PROTOCOL_SPECIFIC_ERROR, android.uwb.RangingSession.Callback.REASON_MAX_RR_RETRY_REACHED, android.uwb.RangingSession.Callback.REASON_SERVICE_DISCOVERY_FAILURE, android.uwb.RangingSession.Callback.REASON_SERVICE_CONNECTION_FAILURE, android.uwb.RangingSession.Callback.REASON_SE_NOT_SUPPORTED, android.uwb.RangingSession.Callback.REASON_SE_INTERACTION_FAILURE}" />
    </annotation>
  </item>
  <item name="android.uwb.RangingSession.Callback void onPauseFailed(int, android.os.PersistableBundle) 0">
    <annotation name="androidx.annotation.IntDef">
      <val name="value" val="{android.uwb.RangingSession.Callback.REASON_UNKNOWN, android.uwb.RangingSession.Callback.REASON_LOCAL_REQUEST, android.uwb.RangingSession.Callback.REASON_REMOTE_REQUEST, android.uwb.RangingSession.Callback.REASON_BAD_PARAMETERS, android.uwb.RangingSession.Callback.REASON_GENERIC_ERROR, android.uwb.RangingSession.Callback.REASON_MAX_SESSIONS_REACHED, android.uwb.RangingSession.Callback.REASON_SYSTEM_POLICY, android.uwb.RangingSession.Callback.REASON_PROTOCOL_SPECIFIC_ERROR, android.uwb.RangingSession.Callback.REASON_MAX_RR_RETRY_REACHED, android.uwb.RangingSession.Callback.REASON_SERVICE_DISCOVERY_FAILURE, android.uwb.RangingSession.Callback.REASON_SERVICE_CONNECTION_FAILURE, android.uwb.RangingSession.Callback.REASON_SE_NOT_SUPPORTED, android.uwb.RangingSession.Callback.REASON_SE_INTERACTION_FAILURE}" />
    </annotation>
  </item>
  <item name="android.uwb.RangingSession.Callback void onReconfigureFailed(int, android.os.PersistableBundle) 0">
    <annotation name="androidx.annotation.IntDef">
      <val name="value" val="{android.uwb.RangingSession.Callback.REASON_UNKNOWN, android.uwb.RangingSession.Callback.REASON_LOCAL_REQUEST, android.uwb.RangingSession.Callback.REASON_REMOTE_REQUEST, android.uwb.RangingSession.Callback.REASON_BAD_PARAMETERS, android.uwb.RangingSession.Callback.REASON_GENERIC_ERROR, android.uwb.RangingSession.Callback.REASON_MAX_SESSIONS_REACHED, android.uwb.RangingSession.Callback.REASON_SYSTEM_POLICY, android.uwb.RangingSession.Callback.REASON_PROTOCOL_SPECIFIC_ERROR, android.uwb.RangingSession.Callback.REASON_MAX_RR_RETRY_REACHED, android.uwb.RangingSession.Callback.REASON_SERVICE_DISCOVERY_FAILURE, android.uwb.RangingSession.Callback.REASON_SERVICE_CONNECTION_FAILURE, android.uwb.RangingSession.Callback.REASON_SE_NOT_SUPPORTED, android.uwb.RangingSession.Callback.REASON_SE_INTERACTION_FAILURE}" />
    </annotation>
  </item>
  <item name="android.uwb.RangingSession.Callback void onResumeFailed(int, android.os.PersistableBundle) 0">
    <annotation name="androidx.annotation.IntDef">
      <val name="value" val="{android.uwb.RangingSession.Callback.REASON_UNKNOWN, android.uwb.RangingSession.Callback.REASON_LOCAL_REQUEST, android.uwb.RangingSession.Callback.REASON_REMOTE_REQUEST, android.uwb.RangingSession.Callback.REASON_BAD_PARAMETERS, android.uwb.RangingSession.Callback.REASON_GENERIC_ERROR, android.uwb.RangingSession.Callback.REASON_MAX_SESSIONS_REACHED, android.uwb.RangingSession.Callback.REASON_SYSTEM_POLICY, android.uwb.RangingSession.Callback.REASON_PROTOCOL_SPECIFIC_ERROR, android.uwb.RangingSession.Callback.REASON_MAX_RR_RETRY_REACHED, android.uwb.RangingSession.Callback.REASON_SERVICE_DISCOVERY_FAILURE, android.uwb.RangingSession.Callback.REASON_SERVICE_CONNECTION_FAILURE, android.uwb.RangingSession.Callback.REASON_SE_NOT_SUPPORTED, android.uwb.RangingSession.Callback.REASON_SE_INTERACTION_FAILURE}" />
    </annotation>
  </item>
  <item name="android.uwb.RangingSession.Callback void onStartFailed(int, android.os.PersistableBundle) 0">
    <annotation name="androidx.annotation.IntDef">
      <val name="value" val="{android.uwb.RangingSession.Callback.REASON_UNKNOWN, android.uwb.RangingSession.Callback.REASON_LOCAL_REQUEST, android.uwb.RangingSession.Callback.REASON_REMOTE_REQUEST, android.uwb.RangingSession.Callback.REASON_BAD_PARAMETERS, android.uwb.RangingSession.Callback.REASON_GENERIC_ERROR, android.uwb.RangingSession.Callback.REASON_MAX_SESSIONS_REACHED, android.uwb.RangingSession.Callback.REASON_SYSTEM_POLICY, android.uwb.RangingSession.Callback.REASON_PROTOCOL_SPECIFIC_ERROR, android.uwb.RangingSession.Callback.REASON_MAX_RR_RETRY_REACHED, android.uwb.RangingSession.Callback.REASON_SERVICE_DISCOVERY_FAILURE, android.uwb.RangingSession.Callback.REASON_SERVICE_CONNECTION_FAILURE, android.uwb.RangingSession.Callback.REASON_SE_NOT_SUPPORTED, android.uwb.RangingSession.Callback.REASON_SE_INTERACTION_FAILURE}" />
    </annotation>
  </item>
  <item name="android.uwb.RangingSession.Callback void onStopFailed(int, android.os.PersistableBundle) 0">
    <annotation name="androidx.annotation.IntDef">
      <val name="value" val="{android.uwb.RangingSession.Callback.REASON_UNKNOWN, android.uwb.RangingSession.Callback.REASON_LOCAL_REQUEST, android.uwb.RangingSession.Callback.REASON_REMOTE_REQUEST, android.uwb.RangingSession.Callback.REASON_BAD_PARAMETERS, android.uwb.RangingSession.Callback.REASON_GENERIC_ERROR, android.uwb.RangingSession.Callback.REASON_MAX_SESSIONS_REACHED, android.uwb.RangingSession.Callback.REASON_SYSTEM_POLICY, android.uwb.RangingSession.Callback.REASON_PROTOCOL_SPECIFIC_ERROR, android.uwb.RangingSession.Callback.REASON_MAX_RR_RETRY_REACHED, android.uwb.RangingSession.Callback.REASON_SERVICE_DISCOVERY_FAILURE, android.uwb.RangingSession.Callback.REASON_SERVICE_CONNECTION_FAILURE, android.uwb.RangingSession.Callback.REASON_SE_NOT_SUPPORTED, android.uwb.RangingSession.Callback.REASON_SE_INTERACTION_FAILURE}" />
    </annotation>
  </item>
  <item name="android.uwb.RangingSession.Callback void onStopped(int, android.os.PersistableBundle) 0">
    <annotation name="androidx.annotation.IntDef">
      <val name="value" val="{android.uwb.RangingSession.Callback.REASON_UNKNOWN, android.uwb.RangingSession.Callback.REASON_LOCAL_REQUEST, android.uwb.RangingSession.Callback.REASON_REMOTE_REQUEST, android.uwb.RangingSession.Callback.REASON_BAD_PARAMETERS, android.uwb.RangingSession.Callback.REASON_GENERIC_ERROR, android.uwb.RangingSession.Callback.REASON_MAX_SESSIONS_REACHED, android.uwb.RangingSession.Callback.REASON_SYSTEM_POLICY, android.uwb.RangingSession.Callback.REASON_PROTOCOL_SPECIFIC_ERROR, android.uwb.RangingSession.Callback.REASON_MAX_RR_RETRY_REACHED, android.uwb.RangingSession.Callback.REASON_SERVICE_DISCOVERY_FAILURE, android.uwb.RangingSession.Callback.REASON_SERVICE_CONNECTION_FAILURE, android.uwb.RangingSession.Callback.REASON_SE_NOT_SUPPORTED, android.uwb.RangingSession.Callback.REASON_SE_INTERACTION_FAILURE}" />
    </annotation>
  </item>
  <item name="android.uwb.UwbManager android.os.CancellationSignal openRangingSession(android.os.PersistableBundle, java.util.concurrent.Executor, android.uwb.RangingSession.Callback)">
    <annotation name="androidx.annotation.RequiresPermission">
      <val name="allOf" val="{&quot;android.permission.UWB_PRIVILEGED&quot;, &quot;android.permission.UWB_RANGING&quot;}" />
    </annotation>
  </item>
  <item name="android.uwb.UwbManager android.os.CancellationSignal openRangingSession(android.os.PersistableBundle, java.util.concurrent.Executor, android.uwb.RangingSession.Callback, java.lang.String)">
    <annotation name="androidx.annotation.RequiresPermission">
      <val name="allOf" val="{&quot;android.permission.UWB_PRIVILEGED&quot;, &quot;android.permission.UWB_RANGING&quot;}" />
    </annotation>
  </item>
  <item name="android.uwb.UwbManager android.os.PersistableBundle addServiceProfile(android.os.PersistableBundle)">
    <annotation name="androidx.annotation.RequiresPermission">
      <val name="value" val="&quot;android.permission.UWB_PRIVILEGED&quot;" />
    </annotation>
  </item>
  <item name="android.uwb.UwbManager android.os.PersistableBundle getAdfCertificateInfo(android.os.PersistableBundle)">
    <annotation name="androidx.annotation.RequiresPermission">
      <val name="value" val="&quot;android.permission.UWB_PRIVILEGED&quot;" />
    </annotation>
  </item>
  <item name="android.uwb.UwbManager android.os.PersistableBundle getAdfProvisioningAuthorities(android.os.PersistableBundle)">
    <annotation name="androidx.annotation.RequiresPermission">
      <val name="value" val="&quot;android.permission.UWB_PRIVILEGED&quot;" />
    </annotation>
  </item>
  <item name="android.uwb.UwbManager android.os.PersistableBundle getAllServiceProfiles()">
    <annotation name="androidx.annotation.RequiresPermission">
      <val name="value" val="&quot;android.permission.UWB_PRIVILEGED&quot;" />
    </annotation>
  </item>
  <item name="android.uwb.UwbManager android.os.PersistableBundle getSpecificationInfo()">
    <annotation name="androidx.annotation.RequiresPermission">
      <val name="value" val="&quot;android.permission.UWB_PRIVILEGED&quot;" />
    </annotation>
  </item>
  <item name="android.uwb.UwbManager android.os.PersistableBundle getSpecificationInfo(java.lang.String)">
    <annotation name="androidx.annotation.RequiresPermission">
      <val name="value" val="&quot;android.permission.UWB_PRIVILEGED&quot;" />
    </annotation>
  </item>
  <item name="android.uwb.UwbManager int getAdapterState()">
    <annotation name="androidx.annotation.IntDef">
      <val name="value" val="{android.uwb.UwbManager.AdapterStateCallback.STATE_ENABLED_INACTIVE, android.uwb.UwbManager.AdapterStateCallback.STATE_ENABLED_ACTIVE, android.uwb.UwbManager.AdapterStateCallback.STATE_DISABLED}" />
    </annotation>
  </item>
  <item name="android.uwb.UwbManager int removeProfileAdf(android.os.PersistableBundle)">
    <annotation name="androidx.annotation.RequiresPermission">
      <val name="value" val="&quot;android.permission.UWB_PRIVILEGED&quot;" />
    </annotation>
    <annotation name="androidx.annotation.IntDef">
      <val name="value" val="{android.uwb.UwbManager.REMOVE_PROFILE_ADF_SUCCESS, android.uwb.UwbManager.REMOVE_PROFILE_ADF_ERROR_UNKNOWN_SERVICE, android.uwb.UwbManager.REMOVE_PROFILE_ADF_ERROR_INTERNAL}" />
    </annotation>
  </item>
  <item name="android.uwb.UwbManager int removeServiceProfile(android.os.PersistableBundle)">
    <annotation name="androidx.annotation.RequiresPermission">
      <val name="value" val="&quot;android.permission.UWB_PRIVILEGED&quot;" />
    </annotation>
    <annotation name="androidx.annotation.IntDef">
      <val name="value" val="{android.uwb.UwbManager.REMOVE_SERVICE_PROFILE_SUCCESS, android.uwb.UwbManager.REMOVE_SERVICE_PROFILE_ERROR_UNKNOWN_SERVICE, android.uwb.UwbManager.REMOVE_SERVICE_PROFILE_ERROR_INTERNAL}" />
    </annotation>
  </item>
  <item name="android.uwb.UwbManager int sendVendorUciMessage(int, int, byte[])">
    <annotation name="androidx.annotation.RequiresPermission">
      <val name="value" val="&quot;android.permission.UWB_PRIVILEGED&quot;" />
    </annotation>
    <annotation name="androidx.annotation.IntDef">
      <val name="value" val="{android.uwb.UwbManager.SEND_VENDOR_UCI_SUCCESS, android.uwb.UwbManager.SEND_VENDOR_UCI_ERROR_HW, android.uwb.UwbManager.SEND_VENDOR_UCI_ERROR_OFF, android.uwb.UwbManager.SEND_VENDOR_UCI_ERROR_INVALID_ARGS, android.uwb.UwbManager.SEND_VENDOR_UCI_ERROR_INVALID_GID}" />
    </annotation>
  </item>
  <item name="android.uwb.UwbManager int sendVendorUciMessage(int, int, byte[]) 0">
    <annotation name="androidx.annotation.IntRange">
      <val name="from" val="9" />
      <val name="to" val="15" />
    </annotation>
  </item>
  <item name="android.uwb.UwbManager java.lang.String getDefaultChipId()">
    <annotation name="androidx.annotation.RequiresPermission">
      <val name="value" val="&quot;android.permission.UWB_PRIVILEGED&quot;" />
    </annotation>
  </item>
  <item name="android.uwb.UwbManager java.util.List&lt;android.os.PersistableBundle&gt; getChipInfos()">
    <annotation name="androidx.annotation.RequiresPermission">
      <val name="value" val="&quot;android.permission.UWB_PRIVILEGED&quot;" />
    </annotation>
  </item>
  <item name="android.uwb.UwbManager long elapsedRealtimeResolutionNanos()">
    <annotation name="androidx.annotation.RequiresPermission">
      <val name="value" val="&quot;android.permission.UWB_PRIVILEGED&quot;" />
    </annotation>
  </item>
  <item name="android.uwb.UwbManager long elapsedRealtimeResolutionNanos(java.lang.String)">
    <annotation name="androidx.annotation.RequiresPermission">
      <val name="value" val="&quot;android.permission.UWB_PRIVILEGED&quot;" />
    </annotation>
  </item>
  <item name="android.uwb.UwbManager void registerAdapterStateCallback(java.util.concurrent.Executor, android.uwb.UwbManager.AdapterStateCallback)">
    <annotation name="androidx.annotation.RequiresPermission">
      <val name="value" val="&quot;android.permission.UWB_PRIVILEGED&quot;" />
    </annotation>
  </item>
  <item name="android.uwb.UwbManager void registerUwbVendorUciCallback(java.util.concurrent.Executor, android.uwb.UwbManager.UwbVendorUciCallback)">
    <annotation name="androidx.annotation.RequiresPermission">
      <val name="value" val="&quot;android.permission.UWB_PRIVILEGED&quot;" />
    </annotation>
  </item>
  <item name="android.uwb.UwbManager void setUwbEnabled(boolean)">
    <annotation name="androidx.annotation.RequiresPermission">
      <val name="value" val="&quot;android.permission.UWB_PRIVILEGED&quot;" />
    </annotation>
  </item>
  <item name="android.uwb.UwbManager void unregisterAdapterStateCallback(android.uwb.UwbManager.AdapterStateCallback)">
    <annotation name="androidx.annotation.RequiresPermission">
      <val name="value" val="&quot;android.permission.UWB_PRIVILEGED&quot;" />
    </annotation>
  </item>
  <item name="android.uwb.UwbManager.AdapterStateCallback void onStateChanged(int, int) 0">
    <annotation name="androidx.annotation.IntDef">
      <val name="value" val="{android.uwb.UwbManager.AdapterStateCallback.STATE_ENABLED_INACTIVE, android.uwb.UwbManager.AdapterStateCallback.STATE_ENABLED_ACTIVE, android.uwb.UwbManager.AdapterStateCallback.STATE_DISABLED}" />
    </annotation>
  </item>
  <item name="android.uwb.UwbManager.AdapterStateCallback void onStateChanged(int, int) 1">
    <annotation name="androidx.annotation.IntDef">
      <val name="value" val="{android.uwb.UwbManager.AdapterStateCallback.STATE_CHANGED_REASON_SESSION_STARTED, android.uwb.UwbManager.AdapterStateCallback.STATE_CHANGED_REASON_ALL_SESSIONS_CLOSED, android.uwb.UwbManager.AdapterStateCallback.STATE_CHANGED_REASON_SYSTEM_POLICY, android.uwb.UwbManager.AdapterStateCallback.STATE_CHANGED_REASON_SYSTEM_BOOT, android.uwb.UwbManager.AdapterStateCallback.STATE_CHANGED_REASON_ERROR_UNKNOWN}" />
    </annotation>
  </item>
  <item name="android.uwb.UwbManager.AdfProvisionStateCallback void onProfileAdfsProvisionFailed(int, android.os.PersistableBundle) 0">
    <annotation name="androidx.annotation.IntDef">
      <val name="value" val="{android.uwb.UwbManager.AdfProvisionStateCallback.REASON_INVALID_OID, android.uwb.UwbManager.AdfProvisionStateCallback.REASON_SE_FAILURE, android.uwb.UwbManager.AdfProvisionStateCallback.REASON_UNKNOWN}" />
    </annotation>
  </item>
  <item name="android.uwb.UwbManager.UwbVendorUciCallback void onVendorUciNotification(int, int, byte[]) 0">
    <annotation name="androidx.annotation.IntRange">
      <val name="from" val="9" />
      <val name="to" val="15" />
    </annotation>
  </item>
  <item name="android.uwb.UwbManager.UwbVendorUciCallback void onVendorUciResponse(int, int, byte[]) 0">
    <annotation name="androidx.annotation.IntRange">
      <val name="from" val="9" />
      <val name="to" val="15" />
    </annotation>
  </item>
</root>

