<?xml version="1.0" encoding="UTF-8"?>
<root>
  <item name="android.telephony.euicc.EuiccManager void deleteSubscription(int, android.app.PendingIntent)">
    <annotation name="androidx.annotation.RequiresPermission">
      <val name="value" val="&quot;android.permission.WRITE_EMBEDDED_SUBSCRIPTIONS&quot;" />
    </annotation>
  </item>
  <item name="android.telephony.euicc.EuiccManager void downloadSubscription(android.telephony.euicc.DownloadableSubscription, boolean, android.app.PendingIntent)">
    <annotation name="androidx.annotation.RequiresPermission">
      <val name="value" val="&quot;android.permission.WRITE_EMBEDDED_SUBSCRIPTIONS&quot;" />
    </annotation>
  </item>
  <item name="android.telephony.euicc.EuiccManager void switchToSubscription(int, android.app.PendingIntent)">
    <annotation name="androidx.annotation.RequiresPermission">
      <val name="value" val="&quot;android.permission.WRITE_EMBEDDED_SUBSCRIPTIONS&quot;" />
    </annotation>
  </item>
  <item name="android.telephony.euicc.EuiccManager void switchToSubscription(int, int, java.util.concurrent.Executor, android.telephony.euicc.EuiccManager.ResultListener)">
    <annotation name="androidx.annotation.RequiresPermission">
      <val name="value" val="&quot;android.permission.WRITE_EMBEDDED_SUBSCRIPTIONS&quot;" />
    </annotation>
  </item>
  <item name="android.telephony.euicc.EuiccManager void updateSubscriptionNickname(int, java.lang.String, android.app.PendingIntent)">
    <annotation name="androidx.annotation.RequiresPermission">
      <val name="value" val="&quot;android.permission.WRITE_EMBEDDED_SUBSCRIPTIONS&quot;" />
    </annotation>
  </item>
  <item name="android.telephony.euicc.EuiccManager.ResultListener void onComplete(int, android.content.Intent) 0">
    <annotation name="androidx.annotation.IntDef">
      <val name="value" val="{android.telephony.euicc.EuiccManager.EMBEDDED_SUBSCRIPTION_RESULT_OK, android.telephony.euicc.EuiccManager.EMBEDDED_SUBSCRIPTION_RESULT_ERROR, android.telephony.euicc.EuiccManager.EMBEDDED_SUBSCRIPTION_RESULT_RESOLVABLE_ERROR}" />
    </annotation>
  </item>
</root>

