<?xml version="1.0" encoding="UTF-8"?>
<root>
  <item name="android.app.ambientcontext.AmbientContextEvent int getConfidenceLevel()">
    <annotation name="androidx.annotation.IntDef">
      <val name="value" val="{android.app.ambientcontext.AmbientContextEvent.LEVEL_UNKNOWN, android.app.ambientcontext.AmbientContextEvent.LEVEL_LOW, android.app.ambientcontext.AmbientContextEvent.LEVEL_MEDIUM_LOW, android.app.ambientcontext.AmbientContextEvent.LEVEL_MEDIUM, android.app.ambientcontext.AmbientContextEvent.LEVEL_MEDIUM_HIGH, android.app.ambientcontext.AmbientContextEvent.LEVEL_HIGH}" />
    </annotation>
  </item>
  <item name="android.app.ambientcontext.AmbientContextEvent int getDensityLevel()">
    <annotation name="androidx.annotation.IntDef">
      <val name="value" val="{android.app.ambientcontext.AmbientContextEvent.LEVEL_UNKNOWN, android.app.ambientcontext.AmbientContextEvent.LEVEL_LOW, android.app.ambientcontext.AmbientContextEvent.LEVEL_MEDIUM_LOW, android.app.ambientcontext.AmbientContextEvent.LEVEL_MEDIUM, android.app.ambientcontext.AmbientContextEvent.LEVEL_MEDIUM_HIGH, android.app.ambientcontext.AmbientContextEvent.LEVEL_HIGH}" />
    </annotation>
  </item>
  <item name="android.app.ambientcontext.AmbientContextEvent int getEventType()">
    <annotation name="androidx.annotation.IntDef">
      <val name="value" val="{android.app.ambientcontext.AmbientContextEvent.EVENT_UNKNOWN, android.app.ambientcontext.AmbientContextEvent.EVENT_COUGH, android.app.ambientcontext.AmbientContextEvent.EVENT_SNORE}" />
    </annotation>
  </item>
  <item name="android.app.ambientcontext.AmbientContextEvent.Builder android.app.ambientcontext.AmbientContextEvent.Builder setConfidenceLevel(int) 0">
    <annotation name="androidx.annotation.IntDef">
      <val name="value" val="{android.app.ambientcontext.AmbientContextEvent.LEVEL_UNKNOWN, android.app.ambientcontext.AmbientContextEvent.LEVEL_LOW, android.app.ambientcontext.AmbientContextEvent.LEVEL_MEDIUM_LOW, android.app.ambientcontext.AmbientContextEvent.LEVEL_MEDIUM, android.app.ambientcontext.AmbientContextEvent.LEVEL_MEDIUM_HIGH, android.app.ambientcontext.AmbientContextEvent.LEVEL_HIGH}" />
    </annotation>
  </item>
  <item name="android.app.ambientcontext.AmbientContextEvent.Builder android.app.ambientcontext.AmbientContextEvent.Builder setDensityLevel(int) 0">
    <annotation name="androidx.annotation.IntDef">
      <val name="value" val="{android.app.ambientcontext.AmbientContextEvent.LEVEL_UNKNOWN, android.app.ambientcontext.AmbientContextEvent.LEVEL_LOW, android.app.ambientcontext.AmbientContextEvent.LEVEL_MEDIUM_LOW, android.app.ambientcontext.AmbientContextEvent.LEVEL_MEDIUM, android.app.ambientcontext.AmbientContextEvent.LEVEL_MEDIUM_HIGH, android.app.ambientcontext.AmbientContextEvent.LEVEL_HIGH}" />
    </annotation>
  </item>
  <item name="android.app.ambientcontext.AmbientContextEvent.Builder android.app.ambientcontext.AmbientContextEvent.Builder setEventType(int) 0">
    <annotation name="androidx.annotation.IntDef">
      <val name="value" val="{android.app.ambientcontext.AmbientContextEvent.EVENT_UNKNOWN, android.app.ambientcontext.AmbientContextEvent.EVENT_COUGH, android.app.ambientcontext.AmbientContextEvent.EVENT_SNORE}" />
    </annotation>
  </item>
  <item name="android.app.ambientcontext.AmbientContextEventRequest.Builder android.app.ambientcontext.AmbientContextEventRequest.Builder addEventType(int) 0">
    <annotation name="androidx.annotation.IntDef">
      <val name="value" val="{android.app.ambientcontext.AmbientContextEvent.EVENT_UNKNOWN, android.app.ambientcontext.AmbientContextEvent.EVENT_COUGH, android.app.ambientcontext.AmbientContextEvent.EVENT_SNORE}" />
    </annotation>
  </item>
  <item name="android.app.ambientcontext.AmbientContextManager void queryAmbientContextServiceStatus(java.util.Set&lt;java.lang.Integer&gt;, java.util.concurrent.Executor, java.util.function.Consumer&lt;java.lang.Integer&gt;)">
    <annotation name="androidx.annotation.RequiresPermission">
      <val name="value" val="&quot;android.permission.ACCESS_AMBIENT_CONTEXT_EVENT&quot;" />
    </annotation>
  </item>
  <item name="android.app.ambientcontext.AmbientContextManager void queryAmbientContextServiceStatus(java.util.Set&lt;java.lang.Integer&gt;, java.util.concurrent.Executor, java.util.function.Consumer&lt;java.lang.Integer&gt;) 0">
    <annotation name="androidx.annotation.IntDef">
      <val name="value" val="{android.app.ambientcontext.AmbientContextEvent.EVENT_UNKNOWN, android.app.ambientcontext.AmbientContextEvent.EVENT_COUGH, android.app.ambientcontext.AmbientContextEvent.EVENT_SNORE}" />
    </annotation>
  </item>
  <item name="android.app.ambientcontext.AmbientContextManager void queryAmbientContextServiceStatus(java.util.Set&lt;java.lang.Integer&gt;, java.util.concurrent.Executor, java.util.function.Consumer&lt;java.lang.Integer&gt;) 2">
    <annotation name="androidx.annotation.IntDef">
      <val name="value" val="{android.app.ambientcontext.AmbientContextManager.STATUS_UNKNOWN, android.app.ambientcontext.AmbientContextManager.STATUS_SUCCESS, android.app.ambientcontext.AmbientContextManager.STATUS_NOT_SUPPORTED, android.app.ambientcontext.AmbientContextManager.STATUS_SERVICE_UNAVAILABLE, android.app.ambientcontext.AmbientContextManager.STATUS_MICROPHONE_DISABLED, android.app.ambientcontext.AmbientContextManager.STATUS_ACCESS_DENIED}" />
    </annotation>
  </item>
  <item name="android.app.ambientcontext.AmbientContextManager void registerObserver(android.app.ambientcontext.AmbientContextEventRequest, android.app.PendingIntent, java.util.concurrent.Executor, java.util.function.Consumer&lt;java.lang.Integer&gt;)">
    <annotation name="androidx.annotation.RequiresPermission">
      <val name="value" val="&quot;android.permission.ACCESS_AMBIENT_CONTEXT_EVENT&quot;" />
    </annotation>
  </item>
  <item name="android.app.ambientcontext.AmbientContextManager void registerObserver(android.app.ambientcontext.AmbientContextEventRequest, android.app.PendingIntent, java.util.concurrent.Executor, java.util.function.Consumer&lt;java.lang.Integer&gt;) 3">
    <annotation name="androidx.annotation.IntDef">
      <val name="value" val="{android.app.ambientcontext.AmbientContextManager.STATUS_UNKNOWN, android.app.ambientcontext.AmbientContextManager.STATUS_SUCCESS, android.app.ambientcontext.AmbientContextManager.STATUS_NOT_SUPPORTED, android.app.ambientcontext.AmbientContextManager.STATUS_SERVICE_UNAVAILABLE, android.app.ambientcontext.AmbientContextManager.STATUS_MICROPHONE_DISABLED, android.app.ambientcontext.AmbientContextManager.STATUS_ACCESS_DENIED}" />
    </annotation>
  </item>
  <item name="android.app.ambientcontext.AmbientContextManager void startConsentActivity(java.util.Set&lt;java.lang.Integer&gt;)">
    <annotation name="androidx.annotation.RequiresPermission">
      <val name="value" val="&quot;android.permission.ACCESS_AMBIENT_CONTEXT_EVENT&quot;" />
    </annotation>
  </item>
  <item name="android.app.ambientcontext.AmbientContextManager void startConsentActivity(java.util.Set&lt;java.lang.Integer&gt;) 0">
    <annotation name="androidx.annotation.IntDef">
      <val name="value" val="{android.app.ambientcontext.AmbientContextEvent.EVENT_UNKNOWN, android.app.ambientcontext.AmbientContextEvent.EVENT_COUGH, android.app.ambientcontext.AmbientContextEvent.EVENT_SNORE}" />
    </annotation>
  </item>
  <item name="android.app.ambientcontext.AmbientContextManager void unregisterObserver()">
    <annotation name="androidx.annotation.RequiresPermission">
      <val name="value" val="&quot;android.permission.ACCESS_AMBIENT_CONTEXT_EVENT&quot;" />
    </annotation>
  </item>
</root>

