<?xml version="1.0" encoding="UTF-8"?>
<root>
  <item name="android.content.pm.verify.domain.DomainVerificationManager android.content.pm.verify.domain.DomainVerificationInfo getDomainVerificationInfo(java.lang.String)">
    <annotation name="androidx.annotation.RequiresPermission">
      <val name="value" val="&quot;android.permission.DOMAIN_VERIFICATION_AGENT&quot;" />
    </annotation>
  </item>
  <item name="android.content.pm.verify.domain.DomainVerificationManager int setDomainVerificationStatus(java.util.UUID, java.util.Set&lt;java.lang.String&gt;, int)">
    <annotation name="androidx.annotation.CheckResult"/>
    <annotation name="androidx.annotation.RequiresPermission">
      <val name="value" val="&quot;android.permission.DOMAIN_VERIFICATION_AGENT&quot;" />
    </annotation>
  </item>
  <item name="android.content.pm.verify.domain.DomainVerificationManager int setDomainVerificationUserSelection(java.util.UUID, java.util.Set&lt;java.lang.String&gt;, boolean)">
    <annotation name="androidx.annotation.CheckResult"/>
    <annotation name="androidx.annotation.RequiresPermission">
      <val name="value" val="&quot;android.permission.UPDATE_DOMAIN_VERIFICATION_USER_SELECTION&quot;" />
    </annotation>
  </item>
  <item name="android.content.pm.verify.domain.DomainVerificationManager java.util.List&lt;java.lang.String&gt; queryValidVerificationPackageNames()">
    <annotation name="androidx.annotation.RequiresPermission">
      <val name="value" val="&quot;android.permission.DOMAIN_VERIFICATION_AGENT&quot;" />
    </annotation>
  </item>
  <item name="android.content.pm.verify.domain.DomainVerificationManager java.util.SortedSet&lt;android.content.pm.verify.domain.DomainOwner&gt; getOwnersForDomain(java.lang.String)">
    <annotation name="androidx.annotation.RequiresPermission">
      <val name="value" val="&quot;android.permission.UPDATE_DOMAIN_VERIFICATION_USER_SELECTION&quot;" />
    </annotation>
  </item>
  <item name="android.content.pm.verify.domain.DomainVerificationManager void setDomainVerificationLinkHandlingAllowed(java.lang.String, boolean)">
    <annotation name="androidx.annotation.RequiresPermission">
      <val name="value" val="&quot;android.permission.UPDATE_DOMAIN_VERIFICATION_USER_SELECTION&quot;" />
    </annotation>
  </item>
  <item name="android.content.pm.verify.domain.DomainVerificationManager void setUriRelativeFilterGroups(java.lang.String, java.util.Map&lt;java.lang.String,java.util.List&lt;android.content.UriRelativeFilterGroup&gt;&gt;)">
    <annotation name="androidx.annotation.RequiresPermission">
      <val name="value" val="&quot;android.permission.DOMAIN_VERIFICATION_AGENT&quot;" />
    </annotation>
  </item>
</root>

