<?xml version="1.0" encoding="UTF-8"?>
<root>
  <item name="android.app.backup.BackupManager android.app.backup.RestoreSession beginRestoreSession()">
    <annotation name="androidx.annotation.RequiresPermission">
      <val name="value" val="&quot;android.permission.BACKUP&quot;" />
    </annotation>
  </item>
  <item name="android.app.backup.BackupManager android.content.ComponentName getCurrentTransportComponent()">
    <annotation name="androidx.annotation.RequiresPermission">
      <val name="value" val="&quot;android.permission.BACKUP&quot;" />
    </annotation>
  </item>
  <item name="android.app.backup.BackupManager android.content.Intent getConfigurationIntent(java.lang.String)">
    <annotation name="androidx.annotation.RequiresPermission">
      <val name="value" val="&quot;android.permission.BACKUP&quot;" />
    </annotation>
  </item>
  <item name="android.app.backup.BackupManager android.content.Intent getDataManagementIntent(java.lang.String)">
    <annotation name="androidx.annotation.RequiresPermission">
      <val name="value" val="&quot;android.permission.BACKUP&quot;" />
    </annotation>
  </item>
  <item name="android.app.backup.BackupManager boolean isAppEligibleForBackup(java.lang.String)">
    <annotation name="androidx.annotation.RequiresPermission">
      <val name="value" val="&quot;android.permission.BACKUP&quot;" />
    </annotation>
  </item>
  <item name="android.app.backup.BackupManager boolean isBackupEnabled()">
    <annotation name="androidx.annotation.RequiresPermission">
      <val name="value" val="&quot;android.permission.BACKUP&quot;" />
    </annotation>
  </item>
  <item name="android.app.backup.BackupManager boolean isBackupServiceActive(android.os.UserHandle)">
    <annotation name="androidx.annotation.RequiresPermission">
      <val name="value" val="&quot;android.permission.BACKUP&quot;" />
    </annotation>
  </item>
  <item name="android.app.backup.BackupManager int requestBackup(java.lang.String[], android.app.backup.BackupObserver)">
    <annotation name="androidx.annotation.RequiresPermission">
      <val name="value" val="&quot;android.permission.BACKUP&quot;" />
    </annotation>
  </item>
  <item name="android.app.backup.BackupManager int requestBackup(java.lang.String[], android.app.backup.BackupObserver, android.app.backup.BackupManagerMonitor, int)">
    <annotation name="androidx.annotation.RequiresPermission">
      <val name="value" val="&quot;android.permission.BACKUP&quot;" />
    </annotation>
  </item>
  <item name="android.app.backup.BackupManager java.lang.CharSequence getDataManagementIntentLabel(java.lang.String)">
    <annotation name="androidx.annotation.RequiresPermission">
      <val name="value" val="&quot;android.permission.BACKUP&quot;" />
    </annotation>
  </item>
  <item name="android.app.backup.BackupManager java.lang.String getCurrentTransport()">
    <annotation name="androidx.annotation.RequiresPermission">
      <val name="value" val="&quot;android.permission.BACKUP&quot;" />
    </annotation>
  </item>
  <item name="android.app.backup.BackupManager java.lang.String getDataManagementLabel(java.lang.String)">
    <annotation name="androidx.annotation.RequiresPermission">
      <val name="value" val="&quot;android.permission.BACKUP&quot;" />
    </annotation>
  </item>
  <item name="android.app.backup.BackupManager java.lang.String getDestinationString(java.lang.String)">
    <annotation name="androidx.annotation.RequiresPermission">
      <val name="value" val="&quot;android.permission.BACKUP&quot;" />
    </annotation>
  </item>
  <item name="android.app.backup.BackupManager java.lang.String selectBackupTransport(java.lang.String)">
    <annotation name="androidx.annotation.RequiresPermission">
      <val name="value" val="&quot;android.permission.BACKUP&quot;" />
    </annotation>
  </item>
  <item name="android.app.backup.BackupManager java.lang.String[] listAllTransports()">
    <annotation name="androidx.annotation.RequiresPermission">
      <val name="value" val="&quot;android.permission.BACKUP&quot;" />
    </annotation>
  </item>
  <item name="android.app.backup.BackupManager long getAvailableRestoreToken(java.lang.String)">
    <annotation name="androidx.annotation.RequiresPermission">
      <val name="value" val="&quot;android.permission.BACKUP&quot;" />
    </annotation>
  </item>
  <item name="android.app.backup.BackupManager void backupNow()">
    <annotation name="androidx.annotation.RequiresPermission">
      <val name="value" val="&quot;android.permission.BACKUP&quot;" />
    </annotation>
  </item>
  <item name="android.app.backup.BackupManager void cancelBackups()">
    <annotation name="androidx.annotation.RequiresPermission">
      <val name="value" val="&quot;android.permission.BACKUP&quot;" />
    </annotation>
  </item>
  <item name="android.app.backup.BackupManager void excludeKeysFromRestore(java.lang.String, java.util.List&lt;java.lang.String&gt;)">
    <annotation name="androidx.annotation.RequiresPermission">
      <val name="value" val="&quot;android.permission.BACKUP&quot;" />
    </annotation>
  </item>
  <item name="android.app.backup.BackupManager void selectBackupTransport(android.content.ComponentName, android.app.backup.SelectBackupTransportCallback)">
    <annotation name="androidx.annotation.RequiresPermission">
      <val name="value" val="&quot;android.permission.BACKUP&quot;" />
    </annotation>
  </item>
  <item name="android.app.backup.BackupManager void setAncestralSerialNumber(long)">
    <annotation name="androidx.annotation.RequiresPermission">
      <val name="value" val="&quot;android.permission.BACKUP&quot;" />
    </annotation>
  </item>
  <item name="android.app.backup.BackupManager void setAutoRestore(boolean)">
    <annotation name="androidx.annotation.RequiresPermission">
      <val name="value" val="&quot;android.permission.BACKUP&quot;" />
    </annotation>
  </item>
  <item name="android.app.backup.BackupManager void setBackupEnabled(boolean)">
    <annotation name="androidx.annotation.RequiresPermission">
      <val name="value" val="&quot;android.permission.BACKUP&quot;" />
    </annotation>
  </item>
  <item name="android.app.backup.BackupManager void updateTransportAttributes(android.content.ComponentName, java.lang.String, android.content.Intent, java.lang.String, android.content.Intent, java.lang.CharSequence)">
    <annotation name="androidx.annotation.RequiresPermission">
      <val name="value" val="&quot;android.permission.BACKUP&quot;" />
    </annotation>
  </item>
  <item name="android.app.backup.BackupManager void updateTransportAttributes(android.content.ComponentName, java.lang.String, android.content.Intent, java.lang.String, android.content.Intent, java.lang.String)">
    <annotation name="androidx.annotation.RequiresPermission">
      <val name="value" val="&quot;android.permission.BACKUP&quot;" />
    </annotation>
  </item>
  <item name="android.app.backup.RestoreSet RestoreSet(java.lang.String, java.lang.String, long, int) 3">
    <annotation name="androidx.annotation.IntDef">
      <val name="value" val="{android.app.backup.BackupAgent.FLAG_CLIENT_SIDE_ENCRYPTION_ENABLED, android.app.backup.BackupAgent.FLAG_DEVICE_TO_DEVICE_TRANSFER}" />
      <val name="flag" val="true" />
    </annotation>
  </item>
  <item name="android.app.backup.RestoreSet backupTransportFlags">
    <annotation name="androidx.annotation.IntDef">
      <val name="value" val="{android.app.backup.BackupAgent.FLAG_CLIENT_SIDE_ENCRYPTION_ENABLED, android.app.backup.BackupAgent.FLAG_DEVICE_TO_DEVICE_TRANSFER}" />
      <val name="flag" val="true" />
    </annotation>
  </item>
</root>

