<?xml version="1.0" encoding="UTF-8"?>
<root>
  <item name="android.companion.virtual.VirtualDeviceManager android.companion.virtual.VirtualDeviceManager.VirtualDevice createVirtualDevice(int, android.companion.virtual.VirtualDeviceParams)">
    <annotation name="androidx.annotation.RequiresPermission">
      <val name="value" val="&quot;android.permission.CREATE_VIRTUAL_DEVICE&quot;" />
    </annotation>
  </item>
  <item name="android.companion.virtual.VirtualDeviceManager.VirtualDevice android.companion.virtual.audio.VirtualAudioDevice createVirtualAudioDevice(android.hardware.display.VirtualDisplay, java.util.concurrent.Executor, android.companion.virtual.audio.VirtualAudioDevice.AudioConfigurationChangeCallback)">
    <annotation name="androidx.annotation.RequiresPermission">
      <val name="value" val="&quot;android.permission.CREATE_VIRTUAL_DEVICE&quot;" />
    </annotation>
  </item>
  <item name="android.companion.virtual.VirtualDeviceManager.VirtualDevice android.hardware.display.VirtualDisplay createVirtualDisplay(int, int, int, android.view.Surface, int, java.util.concurrent.Executor, android.hardware.display.VirtualDisplay.Callback) 0">
    <annotation name="androidx.annotation.IntRange">
      <val name="from" val="1" />
    </annotation>
  </item>
  <item name="android.companion.virtual.VirtualDeviceManager.VirtualDevice android.hardware.display.VirtualDisplay createVirtualDisplay(int, int, int, android.view.Surface, int, java.util.concurrent.Executor, android.hardware.display.VirtualDisplay.Callback) 1">
    <annotation name="androidx.annotation.IntRange">
      <val name="from" val="1" />
    </annotation>
  </item>
  <item name="android.companion.virtual.VirtualDeviceManager.VirtualDevice android.hardware.display.VirtualDisplay createVirtualDisplay(int, int, int, android.view.Surface, int, java.util.concurrent.Executor, android.hardware.display.VirtualDisplay.Callback) 2">
    <annotation name="androidx.annotation.IntRange">
      <val name="from" val="1" />
    </annotation>
  </item>
  <item name="android.companion.virtual.VirtualDeviceManager.VirtualDevice android.hardware.display.VirtualDisplay createVirtualDisplay(int, int, int, android.view.Surface, int, java.util.concurrent.Executor, android.hardware.display.VirtualDisplay.Callback) 4">
    <annotation name="androidx.annotation.IntDef">
      <val name="value" val="{android.hardware.display.DisplayManager.VIRTUAL_DISPLAY_FLAG_PUBLIC, android.hardware.display.DisplayManager.VIRTUAL_DISPLAY_FLAG_PRESENTATION, android.hardware.display.DisplayManager.VIRTUAL_DISPLAY_FLAG_SECURE, android.hardware.display.DisplayManager.VIRTUAL_DISPLAY_FLAG_OWN_CONTENT_ONLY, android.hardware.display.DisplayManager.VIRTUAL_DISPLAY_FLAG_AUTO_MIRROR, android.hardware.display.DisplayManager.VIRTUAL_DISPLAY_FLAG_TRUSTED}" />
      <val name="flag" val="true" />
    </annotation>
  </item>
  <item name="android.companion.virtual.VirtualDeviceManager.VirtualDevice android.hardware.input.VirtualKeyboard createVirtualKeyboard(android.hardware.display.VirtualDisplay, java.lang.String, int, int)">
    <annotation name="androidx.annotation.RequiresPermission">
      <val name="value" val="&quot;android.permission.CREATE_VIRTUAL_DEVICE&quot;" />
    </annotation>
  </item>
  <item name="android.companion.virtual.VirtualDeviceManager.VirtualDevice android.hardware.input.VirtualMouse createVirtualMouse(android.hardware.display.VirtualDisplay, java.lang.String, int, int)">
    <annotation name="androidx.annotation.RequiresPermission">
      <val name="value" val="&quot;android.permission.CREATE_VIRTUAL_DEVICE&quot;" />
    </annotation>
  </item>
  <item name="android.companion.virtual.VirtualDeviceManager.VirtualDevice android.hardware.input.VirtualTouchscreen createVirtualTouchscreen(android.hardware.display.VirtualDisplay, java.lang.String, int, int)">
    <annotation name="androidx.annotation.RequiresPermission">
      <val name="value" val="&quot;android.permission.CREATE_VIRTUAL_DEVICE&quot;" />
    </annotation>
  </item>
  <item name="android.companion.virtual.VirtualDeviceManager.VirtualDevice void close()">
    <annotation name="androidx.annotation.RequiresPermission">
      <val name="value" val="&quot;android.permission.CREATE_VIRTUAL_DEVICE&quot;" />
    </annotation>
  </item>
  <item name="android.companion.virtual.VirtualDeviceManager.VirtualDevice void setShowPointerIcon(boolean)">
    <annotation name="androidx.annotation.RequiresPermission">
      <val name="value" val="&quot;android.permission.CREATE_VIRTUAL_DEVICE&quot;" />
    </annotation>
  </item>
  <item name="android.companion.virtual.VirtualDeviceParams int getDefaultActivityPolicy()">
    <annotation name="androidx.annotation.IntDef">
      <val name="value" val="{android.companion.virtual.VirtualDeviceParams.ACTIVITY_POLICY_DEFAULT_ALLOWED, android.companion.virtual.VirtualDeviceParams.ACTIVITY_POLICY_DEFAULT_BLOCKED}" />
    </annotation>
  </item>
  <item name="android.companion.virtual.VirtualDeviceParams int getDefaultNavigationPolicy()">
    <annotation name="androidx.annotation.IntDef">
      <val name="value" val="{android.companion.virtual.VirtualDeviceParams.NAVIGATION_POLICY_DEFAULT_ALLOWED, android.companion.virtual.VirtualDeviceParams.NAVIGATION_POLICY_DEFAULT_BLOCKED}" />
    </annotation>
  </item>
  <item name="android.companion.virtual.VirtualDeviceParams int getLockState()">
    <annotation name="androidx.annotation.IntDef">
      <val name="value" val="{android.companion.virtual.VirtualDeviceParams.LOCK_STATE_DEFAULT, android.companion.virtual.VirtualDeviceParams.LOCK_STATE_ALWAYS_UNLOCKED}" />
    </annotation>
  </item>
  <item name="android.companion.virtual.VirtualDeviceParams.Builder android.companion.virtual.VirtualDeviceParams.Builder setLockState(int)">
    <annotation name="androidx.annotation.RequiresPermission">
      <val name="value" val="&quot;android.permission.ADD_ALWAYS_UNLOCKED_DISPLAY&quot;" />
      <val name="conditional" val="true" />
    </annotation>
  </item>
  <item name="android.companion.virtual.VirtualDeviceParams.Builder android.companion.virtual.VirtualDeviceParams.Builder setLockState(int) 0">
    <annotation name="androidx.annotation.IntDef">
      <val name="value" val="{android.companion.virtual.VirtualDeviceParams.LOCK_STATE_DEFAULT, android.companion.virtual.VirtualDeviceParams.LOCK_STATE_ALWAYS_UNLOCKED}" />
    </annotation>
  </item>
</root>

