<?xml version="1.0" encoding="UTF-8"?>
<root>
  <item name="android.scheduling.RebootReadinessManager boolean isReadyToReboot()">
    <annotation name="androidx.annotation.RequiresPermission">
      <val name="value" val="&quot;android.permission.REBOOT&quot;" />
    </annotation>
  </item>
  <item name="android.scheduling.RebootReadinessManager void addRequestRebootReadinessStatusListener(java.util.concurrent.Executor, android.scheduling.RebootReadinessManager.RequestRebootReadinessStatusListener)">
    <annotation name="androidx.annotation.RequiresPermission">
      <val name="value" val="&quot;android.permission.SIGNAL_REBOOT_READINESS&quot;" />
    </annotation>
  </item>
  <item name="android.scheduling.RebootReadinessManager void cancelPendingReboot()">
    <annotation name="androidx.annotation.RequiresPermission">
      <val name="value" val="&quot;android.permission.REBOOT&quot;" />
    </annotation>
  </item>
  <item name="android.scheduling.RebootReadinessManager void markRebootPending()">
    <annotation name="androidx.annotation.RequiresPermission">
      <val name="value" val="&quot;android.permission.REBOOT&quot;" />
    </annotation>
  </item>
  <item name="android.scheduling.RebootReadinessManager void removeRequestRebootReadinessStatusListener(android.scheduling.RebootReadinessManager.RequestRebootReadinessStatusListener)">
    <annotation name="androidx.annotation.RequiresPermission">
      <val name="value" val="&quot;android.permission.SIGNAL_REBOOT_READINESS&quot;" />
    </annotation>
  </item>
</root>

