<?xml version="1.0" encoding="UTF-8"?>
<root>
  <item name="android.hardware.usb.UsbAccessory void writeToParcel(android.os.Parcel, int) 0">
    <annotation name="android.support.annotation.NonNull" />
  </item>
  <item name="android.hardware.usb.UsbDevice android.hardware.usb.UsbInterface getInterface(int)">
    <annotation name="android.support.annotation.NonNull" />
  </item>
  <item name="android.hardware.usb.UsbDevice java.lang.String getDeviceName(int)">
    <annotation name="android.support.annotation.NonNull" />
  </item>
  <item name="android.hardware.usb.UsbDevice void writeToParcel(android.os.Parcel, int) 0">
    <annotation name="android.support.annotation.NonNull" />
  </item>
  <item name="android.hardware.usb.UsbDeviceConnection android.hardware.usb.UsbRequest requestWait()">
    <annotation name="android.support.annotation.NonNull" />
  </item>
  <item name="android.hardware.usb.UsbDeviceConnection boolean claimInterface(android.hardware.usb.UsbInterface, boolean) 0">
    <annotation name="android.support.annotation.NonNull" />
  </item>
  <item name="android.hardware.usb.UsbDeviceConnection boolean releaseInterface(android.hardware.usb.UsbInterface) 0">
    <annotation name="android.support.annotation.NonNull" />
  </item>
  <item name="android.hardware.usb.UsbDeviceConnection byte[] getRawDescriptors()">
    <annotation name="android.support.annotation.NonNull" />
  </item>
  <item name="android.hardware.usb.UsbDeviceConnection int bulkTransfer(android.hardware.usb.UsbEndpoint, byte[], int, int) 0">
    <annotation name="android.support.annotation.NonNull" />
  </item>
  <item name="android.hardware.usb.UsbDeviceConnection java.lang.String getSerial()">
    <annotation name="android.support.annotation.NonNull" />
  </item>
  <item name="android.hardware.usb.UsbEndpoint void writeToParcel(android.os.Parcel, int) 0">
    <annotation name="android.support.annotation.NonNull" />
  </item>
  <item name="android.hardware.usb.UsbInterface android.hardware.usb.UsbEndpoint getEndpoint(int)">
    <annotation name="android.support.annotation.NonNull" />
  </item>
  <item name="android.hardware.usb.UsbInterface void writeToParcel(android.os.Parcel, int) 0">
    <annotation name="android.support.annotation.NonNull" />
  </item>
  <item name="android.hardware.usb.UsbManager android.hardware.usb.UsbDeviceConnection openDevice(android.hardware.usb.UsbDevice) 0">
    <annotation name="android.support.annotation.NonNull" />
  </item>
  <item name="android.hardware.usb.UsbRequest boolean initialize(android.hardware.usb.UsbDeviceConnection, android.hardware.usb.UsbEndpoint) 1">
    <annotation name="android.support.annotation.NonNull" />
  </item>
  <item name="android.hardware.usb.UsbRequest boolean queue(java.nio.ByteBuffer, int) 0">
    <annotation name="android.support.annotation.NonNull" />
  </item>
</root>

