<?xml version="1.0" encoding="UTF-8"?>
<root>
  <item name="android.hardware.devicestate.DeviceState boolean hasProperties(int...) 0">
    <annotation name="androidx.annotation.IntDef">
      <val name="value" val="{android.hardware.devicestate.DeviceState.PROPERTY_FOLDABLE_HARDWARE_CONFIGURATION_FOLD_IN_CLOSED, android.hardware.devicestate.DeviceState.PROPERTY_FOLDABLE_HARDWARE_CONFIGURATION_FOLD_IN_HALF_OPEN, android.hardware.devicestate.DeviceState.PROPERTY_FOLDABLE_HARDWARE_CONFIGURATION_FOLD_IN_OPEN, android.hardware.devicestate.DeviceState.PROPERTY_EMULATED_ONLY, android.hardware.devicestate.DeviceState.PROPERTY_FOLDABLE_DISPLAY_CONFIGURATION_OUTER_PRIMARY, android.hardware.devicestate.DeviceState.PROPERTY_FOLDABLE_DISPLAY_CONFIGURATION_INNER_PRIMARY, android.hardware.devicestate.DeviceState.PROPERTY_POWER_CONFIGURATION_TRIGGER_SLEEP, android.hardware.devicestate.DeviceState.PROPERTY_POWER_CONFIGURATION_TRIGGER_WAKE, android.hardware.devicestate.DeviceState.PROPERTY_EXTENDED_DEVICE_STATE_EXTERNAL_DISPLAY, android.hardware.devicestate.DeviceState.PROPERTY_FEATURE_REAR_DISPLAY, android.hardware.devicestate.DeviceState.PROPERTY_FEATURE_DUAL_DISPLAY_INTERNAL_DEFAULT}" />
      <val name="flag" val="false" />
    </annotation>
  </item>
  <item name="android.hardware.devicestate.DeviceState boolean hasProperty(int) 0">
    <annotation name="androidx.annotation.IntDef">
      <val name="value" val="{android.hardware.devicestate.DeviceState.PROPERTY_FOLDABLE_HARDWARE_CONFIGURATION_FOLD_IN_CLOSED, android.hardware.devicestate.DeviceState.PROPERTY_FOLDABLE_HARDWARE_CONFIGURATION_FOLD_IN_HALF_OPEN, android.hardware.devicestate.DeviceState.PROPERTY_FOLDABLE_HARDWARE_CONFIGURATION_FOLD_IN_OPEN, android.hardware.devicestate.DeviceState.PROPERTY_EMULATED_ONLY, android.hardware.devicestate.DeviceState.PROPERTY_FOLDABLE_DISPLAY_CONFIGURATION_OUTER_PRIMARY, android.hardware.devicestate.DeviceState.PROPERTY_FOLDABLE_DISPLAY_CONFIGURATION_INNER_PRIMARY, android.hardware.devicestate.DeviceState.PROPERTY_POWER_CONFIGURATION_TRIGGER_SLEEP, android.hardware.devicestate.DeviceState.PROPERTY_POWER_CONFIGURATION_TRIGGER_WAKE, android.hardware.devicestate.DeviceState.PROPERTY_EXTENDED_DEVICE_STATE_EXTERNAL_DISPLAY, android.hardware.devicestate.DeviceState.PROPERTY_FEATURE_REAR_DISPLAY, android.hardware.devicestate.DeviceState.PROPERTY_FEATURE_DUAL_DISPLAY_INTERNAL_DEFAULT}" />
      <val name="flag" val="false" />
    </annotation>
  </item>
  <item name="android.hardware.devicestate.DeviceState int getIdentifier()">
    <annotation name="androidx.annotation.IntRange">
      <val name="from" val="0" />
    </annotation>
  </item>
</root>

