<?xml version="1.0" encoding="UTF-8"?>
<root>
  <item name="android.net.wifi.WifiMigration java.io.InputStream convertAndRetrieveSharedConfigStoreFile(int) 0">
    <annotation name="androidx.annotation.IntDef">
      <val name="value" val="{android.net.wifi.WifiMigration.STORE_FILE_SHARED_GENERAL, android.net.wifi.WifiMigration.STORE_FILE_SHARED_SOFTAP}" />
    </annotation>
  </item>
  <item name="android.net.wifi.WifiMigration java.io.InputStream convertAndRetrieveUserConfigStoreFile(int, android.os.UserHandle) 0">
    <annotation name="androidx.annotation.IntDef">
      <val name="value" val="{android.net.wifi.WifiMigration.STORE_FILE_USER_GENERAL, android.net.wifi.WifiMigration.STORE_FILE_USER_NETWORK_SUGGESTIONS}" />
    </annotation>
  </item>
  <item name="android.net.wifi.WifiMigration void removeSharedConfigStoreFile(int) 0">
    <annotation name="androidx.annotation.IntDef">
      <val name="value" val="{android.net.wifi.WifiMigration.STORE_FILE_SHARED_GENERAL, android.net.wifi.WifiMigration.STORE_FILE_SHARED_SOFTAP}" />
    </annotation>
  </item>
  <item name="android.net.wifi.WifiMigration void removeUserConfigStoreFile(int, android.os.UserHandle) 0">
    <annotation name="androidx.annotation.IntDef">
      <val name="value" val="{android.net.wifi.WifiMigration.STORE_FILE_USER_GENERAL, android.net.wifi.WifiMigration.STORE_FILE_USER_NETWORK_SUGGESTIONS}" />
    </annotation>
  </item>
</root>

