<?xml version="1.0" encoding="UTF-8"?>
<root>
  <item name="android.media.tv.tuner.dvr.DvrPlayback int attachFilter(android.media.tv.tuner.filter.Filter)">
    <annotation name="androidx.annotation.IntDef">
      <val name="value" val="{android.media.tv.tuner.Tuner.RESULT_SUCCESS, android.media.tv.tuner.Tuner.RESULT_UNAVAILABLE, android.media.tv.tuner.Tuner.RESULT_NOT_INITIALIZED, android.media.tv.tuner.Tuner.RESULT_INVALID_STATE, android.media.tv.tuner.Tuner.RESULT_INVALID_ARGUMENT, android.media.tv.tuner.Tuner.RESULT_OUT_OF_MEMORY, android.media.tv.tuner.Tuner.RESULT_UNKNOWN_ERROR}" />
    </annotation>
  </item>
  <item name="android.media.tv.tuner.dvr.DvrPlayback int configure(android.media.tv.tuner.dvr.DvrSettings)">
    <annotation name="androidx.annotation.IntDef">
      <val name="value" val="{android.media.tv.tuner.Tuner.RESULT_SUCCESS, android.media.tv.tuner.Tuner.RESULT_UNAVAILABLE, android.media.tv.tuner.Tuner.RESULT_NOT_INITIALIZED, android.media.tv.tuner.Tuner.RESULT_INVALID_STATE, android.media.tv.tuner.Tuner.RESULT_INVALID_ARGUMENT, android.media.tv.tuner.Tuner.RESULT_OUT_OF_MEMORY, android.media.tv.tuner.Tuner.RESULT_UNKNOWN_ERROR}" />
    </annotation>
  </item>
  <item name="android.media.tv.tuner.dvr.DvrPlayback int detachFilter(android.media.tv.tuner.filter.Filter)">
    <annotation name="androidx.annotation.IntDef">
      <val name="value" val="{android.media.tv.tuner.Tuner.RESULT_SUCCESS, android.media.tv.tuner.Tuner.RESULT_UNAVAILABLE, android.media.tv.tuner.Tuner.RESULT_NOT_INITIALIZED, android.media.tv.tuner.Tuner.RESULT_INVALID_STATE, android.media.tv.tuner.Tuner.RESULT_INVALID_ARGUMENT, android.media.tv.tuner.Tuner.RESULT_OUT_OF_MEMORY, android.media.tv.tuner.Tuner.RESULT_UNKNOWN_ERROR}" />
    </annotation>
  </item>
  <item name="android.media.tv.tuner.dvr.DvrPlayback int flush()">
    <annotation name="androidx.annotation.IntDef">
      <val name="value" val="{android.media.tv.tuner.Tuner.RESULT_SUCCESS, android.media.tv.tuner.Tuner.RESULT_UNAVAILABLE, android.media.tv.tuner.Tuner.RESULT_NOT_INITIALIZED, android.media.tv.tuner.Tuner.RESULT_INVALID_STATE, android.media.tv.tuner.Tuner.RESULT_INVALID_ARGUMENT, android.media.tv.tuner.Tuner.RESULT_OUT_OF_MEMORY, android.media.tv.tuner.Tuner.RESULT_UNKNOWN_ERROR}" />
    </annotation>
  </item>
  <item name="android.media.tv.tuner.dvr.DvrPlayback int start()">
    <annotation name="androidx.annotation.IntDef">
      <val name="value" val="{android.media.tv.tuner.Tuner.RESULT_SUCCESS, android.media.tv.tuner.Tuner.RESULT_UNAVAILABLE, android.media.tv.tuner.Tuner.RESULT_NOT_INITIALIZED, android.media.tv.tuner.Tuner.RESULT_INVALID_STATE, android.media.tv.tuner.Tuner.RESULT_INVALID_ARGUMENT, android.media.tv.tuner.Tuner.RESULT_OUT_OF_MEMORY, android.media.tv.tuner.Tuner.RESULT_UNKNOWN_ERROR}" />
    </annotation>
  </item>
  <item name="android.media.tv.tuner.dvr.DvrPlayback int stop()">
    <annotation name="androidx.annotation.IntDef">
      <val name="value" val="{android.media.tv.tuner.Tuner.RESULT_SUCCESS, android.media.tv.tuner.Tuner.RESULT_UNAVAILABLE, android.media.tv.tuner.Tuner.RESULT_NOT_INITIALIZED, android.media.tv.tuner.Tuner.RESULT_INVALID_STATE, android.media.tv.tuner.Tuner.RESULT_INVALID_ARGUMENT, android.media.tv.tuner.Tuner.RESULT_OUT_OF_MEMORY, android.media.tv.tuner.Tuner.RESULT_UNKNOWN_ERROR}" />
    </annotation>
  </item>
  <item name="android.media.tv.tuner.dvr.DvrRecorder int attachFilter(android.media.tv.tuner.filter.Filter)">
    <annotation name="androidx.annotation.IntDef">
      <val name="value" val="{android.media.tv.tuner.Tuner.RESULT_SUCCESS, android.media.tv.tuner.Tuner.RESULT_UNAVAILABLE, android.media.tv.tuner.Tuner.RESULT_NOT_INITIALIZED, android.media.tv.tuner.Tuner.RESULT_INVALID_STATE, android.media.tv.tuner.Tuner.RESULT_INVALID_ARGUMENT, android.media.tv.tuner.Tuner.RESULT_OUT_OF_MEMORY, android.media.tv.tuner.Tuner.RESULT_UNKNOWN_ERROR}" />
    </annotation>
  </item>
  <item name="android.media.tv.tuner.dvr.DvrRecorder int configure(android.media.tv.tuner.dvr.DvrSettings)">
    <annotation name="androidx.annotation.IntDef">
      <val name="value" val="{android.media.tv.tuner.Tuner.RESULT_SUCCESS, android.media.tv.tuner.Tuner.RESULT_UNAVAILABLE, android.media.tv.tuner.Tuner.RESULT_NOT_INITIALIZED, android.media.tv.tuner.Tuner.RESULT_INVALID_STATE, android.media.tv.tuner.Tuner.RESULT_INVALID_ARGUMENT, android.media.tv.tuner.Tuner.RESULT_OUT_OF_MEMORY, android.media.tv.tuner.Tuner.RESULT_UNKNOWN_ERROR}" />
    </annotation>
  </item>
  <item name="android.media.tv.tuner.dvr.DvrRecorder int detachFilter(android.media.tv.tuner.filter.Filter)">
    <annotation name="androidx.annotation.IntDef">
      <val name="value" val="{android.media.tv.tuner.Tuner.RESULT_SUCCESS, android.media.tv.tuner.Tuner.RESULT_UNAVAILABLE, android.media.tv.tuner.Tuner.RESULT_NOT_INITIALIZED, android.media.tv.tuner.Tuner.RESULT_INVALID_STATE, android.media.tv.tuner.Tuner.RESULT_INVALID_ARGUMENT, android.media.tv.tuner.Tuner.RESULT_OUT_OF_MEMORY, android.media.tv.tuner.Tuner.RESULT_UNKNOWN_ERROR}" />
    </annotation>
  </item>
  <item name="android.media.tv.tuner.dvr.DvrRecorder int flush()">
    <annotation name="androidx.annotation.IntDef">
      <val name="value" val="{android.media.tv.tuner.Tuner.RESULT_SUCCESS, android.media.tv.tuner.Tuner.RESULT_UNAVAILABLE, android.media.tv.tuner.Tuner.RESULT_NOT_INITIALIZED, android.media.tv.tuner.Tuner.RESULT_INVALID_STATE, android.media.tv.tuner.Tuner.RESULT_INVALID_ARGUMENT, android.media.tv.tuner.Tuner.RESULT_OUT_OF_MEMORY, android.media.tv.tuner.Tuner.RESULT_UNKNOWN_ERROR}" />
    </annotation>
  </item>
  <item name="android.media.tv.tuner.dvr.DvrRecorder int start()">
    <annotation name="androidx.annotation.IntDef">
      <val name="value" val="{android.media.tv.tuner.Tuner.RESULT_SUCCESS, android.media.tv.tuner.Tuner.RESULT_UNAVAILABLE, android.media.tv.tuner.Tuner.RESULT_NOT_INITIALIZED, android.media.tv.tuner.Tuner.RESULT_INVALID_STATE, android.media.tv.tuner.Tuner.RESULT_INVALID_ARGUMENT, android.media.tv.tuner.Tuner.RESULT_OUT_OF_MEMORY, android.media.tv.tuner.Tuner.RESULT_UNKNOWN_ERROR}" />
    </annotation>
  </item>
  <item name="android.media.tv.tuner.dvr.DvrRecorder int stop()">
    <annotation name="androidx.annotation.IntDef">
      <val name="value" val="{android.media.tv.tuner.Tuner.RESULT_SUCCESS, android.media.tv.tuner.Tuner.RESULT_UNAVAILABLE, android.media.tv.tuner.Tuner.RESULT_NOT_INITIALIZED, android.media.tv.tuner.Tuner.RESULT_INVALID_STATE, android.media.tv.tuner.Tuner.RESULT_INVALID_ARGUMENT, android.media.tv.tuner.Tuner.RESULT_OUT_OF_MEMORY, android.media.tv.tuner.Tuner.RESULT_UNKNOWN_ERROR}" />
    </annotation>
  </item>
  <item name="android.media.tv.tuner.dvr.DvrSettings int getDataFormat()">
    <annotation name="androidx.annotation.IntDef">
      <val name="value" val="{android.media.tv.tuner.dvr.DvrSettings.DATA_FORMAT_TS, android.media.tv.tuner.dvr.DvrSettings.DATA_FORMAT_PES, android.media.tv.tuner.dvr.DvrSettings.DATA_FORMAT_ES, android.media.tv.tuner.dvr.DvrSettings.DATA_FORMAT_SHV_TLV}" />
    </annotation>
  </item>
  <item name="android.media.tv.tuner.dvr.DvrSettings int getStatusMask()">
    <annotation name="androidx.annotation.IntDef">
      <val name="value" val="{android.media.tv.tuner.filter.Filter.STATUS_DATA_READY, android.media.tv.tuner.filter.Filter.STATUS_LOW_WATER, android.media.tv.tuner.filter.Filter.STATUS_HIGH_WATER, android.media.tv.tuner.filter.Filter.STATUS_OVERFLOW}" />
    </annotation>
  </item>
  <item name="android.media.tv.tuner.dvr.DvrSettings.Builder android.media.tv.tuner.dvr.DvrSettings.Builder setDataFormat(int) 0">
    <annotation name="androidx.annotation.IntDef">
      <val name="value" val="{android.media.tv.tuner.dvr.DvrSettings.DATA_FORMAT_TS, android.media.tv.tuner.dvr.DvrSettings.DATA_FORMAT_PES, android.media.tv.tuner.dvr.DvrSettings.DATA_FORMAT_ES, android.media.tv.tuner.dvr.DvrSettings.DATA_FORMAT_SHV_TLV}" />
    </annotation>
  </item>
  <item name="android.media.tv.tuner.dvr.DvrSettings.Builder android.media.tv.tuner.dvr.DvrSettings.Builder setStatusMask(int) 0">
    <annotation name="androidx.annotation.IntDef">
      <val name="value" val="{android.media.tv.tuner.filter.Filter.STATUS_DATA_READY, android.media.tv.tuner.filter.Filter.STATUS_LOW_WATER, android.media.tv.tuner.filter.Filter.STATUS_HIGH_WATER, android.media.tv.tuner.filter.Filter.STATUS_OVERFLOW}" />
    </annotation>
  </item>
  <item name="android.media.tv.tuner.dvr.OnPlaybackStatusChangedListener void onPlaybackStatusChanged(int) 0">
    <annotation name="androidx.annotation.IntDef">
      <val name="value" val="{android.media.tv.tuner.dvr.DvrPlayback.PLAYBACK_STATUS_EMPTY, android.media.tv.tuner.dvr.DvrPlayback.PLAYBACK_STATUS_ALMOST_EMPTY, android.media.tv.tuner.dvr.DvrPlayback.PLAYBACK_STATUS_ALMOST_FULL, android.media.tv.tuner.dvr.DvrPlayback.PLAYBACK_STATUS_FULL}" />
    </annotation>
  </item>
  <item name="android.media.tv.tuner.dvr.OnRecordStatusChangedListener void onRecordStatusChanged(int) 0">
    <annotation name="androidx.annotation.IntDef">
      <val name="value" val="{android.media.tv.tuner.filter.Filter.STATUS_DATA_READY, android.media.tv.tuner.filter.Filter.STATUS_LOW_WATER, android.media.tv.tuner.filter.Filter.STATUS_HIGH_WATER, android.media.tv.tuner.filter.Filter.STATUS_OVERFLOW}" />
    </annotation>
  </item>
</root>

