<?xml version="1.0" encoding="UTF-8"?>
<root>
  <item name="android.health.connect.migration.MetadataMigrationPayload.Builder android.health.connect.migration.MetadataMigrationPayload.Builder setRecordRetentionPeriodDays(int) 0">
    <annotation name="androidx.annotation.IntRange">
      <val name="from" val="0" />
      <val name="to" val="7300" />
    </annotation>
  </item>
  <item name="android.health.connect.migration.MigrationException MigrationException(java.lang.String, int, java.lang.String) 1">
    <annotation name="androidx.annotation.IntDef">
      <val name="value" val="{android.health.connect.migration.MigrationException.ERROR_INTERNAL, android.health.connect.migration.MigrationException.ERROR_MIGRATE_ENTITY, android.health.connect.migration.MigrationException.ERROR_MIGRATION_UNAVAILABLE}" />
    </annotation>
  </item>
  <item name="android.health.connect.migration.MigrationException int getErrorCode()">
    <annotation name="androidx.annotation.IntDef">
      <val name="value" val="{android.health.connect.migration.MigrationException.ERROR_INTERNAL, android.health.connect.migration.MigrationException.ERROR_MIGRATE_ENTITY, android.health.connect.migration.MigrationException.ERROR_MIGRATION_UNAVAILABLE}" />
    </annotation>
  </item>
  <item name="android.health.connect.migration.PriorityMigrationPayload int getDataCategory()">
    <annotation name="androidx.annotation.IntDef">
      <val name="value" val="{android.health.connect.HealthDataCategory.UNKNOWN, android.health.connect.HealthDataCategory.ACTIVITY, android.health.connect.HealthDataCategory.BODY_MEASUREMENTS, android.health.connect.HealthDataCategory.CYCLE_TRACKING, android.health.connect.HealthDataCategory.NUTRITION, android.health.connect.HealthDataCategory.SLEEP, android.health.connect.HealthDataCategory.VITALS, android.health.connect.HealthDataCategory.WELLNESS}" />
    </annotation>
  </item>
  <item name="android.health.connect.migration.PriorityMigrationPayload.Builder android.health.connect.migration.PriorityMigrationPayload.Builder setDataCategory(int) 0">
    <annotation name="androidx.annotation.IntDef">
      <val name="value" val="{android.health.connect.HealthDataCategory.UNKNOWN, android.health.connect.HealthDataCategory.ACTIVITY, android.health.connect.HealthDataCategory.BODY_MEASUREMENTS, android.health.connect.HealthDataCategory.CYCLE_TRACKING, android.health.connect.HealthDataCategory.NUTRITION, android.health.connect.HealthDataCategory.SLEEP, android.health.connect.HealthDataCategory.VITALS, android.health.connect.HealthDataCategory.WELLNESS}" />
    </annotation>
  </item>
</root>

