<?xml version="1.0" encoding="UTF-8"?>
<root>
  <item name="android.media.tv.tuner.filter.AlpFilterConfiguration int getLengthType()">
    <annotation name="androidx.annotation.IntDef">
      <val name="value" val="{android.media.tv.tuner.filter.AlpFilterConfiguration.LENGTH_TYPE_UNDEFINED, android.media.tv.tuner.filter.AlpFilterConfiguration.LENGTH_TYPE_WITHOUT_ADDITIONAL_HEADER, android.media.tv.tuner.filter.AlpFilterConfiguration.LENGTH_TYPE_WITH_ADDITIONAL_HEADER}" />
    </annotation>
  </item>
  <item name="android.media.tv.tuner.filter.AlpFilterConfiguration.Builder android.media.tv.tuner.filter.AlpFilterConfiguration.Builder setLengthType(int) 0">
    <annotation name="androidx.annotation.IntDef">
      <val name="value" val="{android.media.tv.tuner.filter.AlpFilterConfiguration.LENGTH_TYPE_UNDEFINED, android.media.tv.tuner.filter.AlpFilterConfiguration.LENGTH_TYPE_WITHOUT_ADDITIONAL_HEADER, android.media.tv.tuner.filter.AlpFilterConfiguration.LENGTH_TYPE_WITH_ADDITIONAL_HEADER}" />
    </annotation>
  </item>
  <item name="android.media.tv.tuner.filter.AvSettings android.media.tv.tuner.filter.AvSettings.Builder builder(int, boolean) 0">
    <annotation name="androidx.annotation.IntDef">
      <val name="value" val="{android.media.tv.tuner.filter.Filter.TYPE_TS, android.media.tv.tuner.filter.Filter.TYPE_MMTP, android.media.tv.tuner.filter.Filter.TYPE_IP, android.media.tv.tuner.filter.Filter.TYPE_TLV, android.media.tv.tuner.filter.Filter.TYPE_ALP}" />
    </annotation>
  </item>
  <item name="android.media.tv.tuner.filter.AvSettings int getAudioStreamType()">
    <annotation name="androidx.annotation.IntDef">
      <val name="value" val="{android.media.tv.tuner.filter.AvSettings.AUDIO_STREAM_TYPE_UNDEFINED, android.media.tv.tuner.filter.AvSettings.AUDIO_STREAM_TYPE_PCM, android.media.tv.tuner.filter.AvSettings.AUDIO_STREAM_TYPE_MP3, android.media.tv.tuner.filter.AvSettings.AUDIO_STREAM_TYPE_MPEG1, android.media.tv.tuner.filter.AvSettings.AUDIO_STREAM_TYPE_MPEG2, android.media.tv.tuner.filter.AvSettings.AUDIO_STREAM_TYPE_MPEGH, android.media.tv.tuner.filter.AvSettings.AUDIO_STREAM_TYPE_AAC, android.media.tv.tuner.filter.AvSettings.AUDIO_STREAM_TYPE_AC3, android.media.tv.tuner.filter.AvSettings.AUDIO_STREAM_TYPE_EAC3, android.media.tv.tuner.filter.AvSettings.AUDIO_STREAM_TYPE_AC4, android.media.tv.tuner.filter.AvSettings.AUDIO_STREAM_TYPE_DTS, android.media.tv.tuner.filter.AvSettings.AUDIO_STREAM_TYPE_DTS_HD, android.media.tv.tuner.filter.AvSettings.AUDIO_STREAM_TYPE_WMA, android.media.tv.tuner.filter.AvSettings.AUDIO_STREAM_TYPE_OPUS, android.media.tv.tuner.filter.AvSettings.AUDIO_STREAM_TYPE_VORBIS, android.media.tv.tuner.filter.AvSettings.AUDIO_STREAM_TYPE_DRA, android.media.tv.tuner.filter.AvSettings.AUDIO_STREAM_TYPE_AAC_ADTS, android.media.tv.tuner.filter.AvSettings.AUDIO_STREAM_TYPE_AAC_LATM, android.media.tv.tuner.filter.AvSettings.AUDIO_STREAM_TYPE_AAC_HE_ADTS, android.media.tv.tuner.filter.AvSettings.AUDIO_STREAM_TYPE_AAC_HE_LATM}" />
    </annotation>
  </item>
  <item name="android.media.tv.tuner.filter.AvSettings int getVideoStreamType()">
    <annotation name="androidx.annotation.IntDef">
      <val name="value" val="{android.media.tv.tuner.filter.AvSettings.VIDEO_STREAM_TYPE_UNDEFINED, android.media.tv.tuner.filter.AvSettings.VIDEO_STREAM_TYPE_RESERVED, android.media.tv.tuner.filter.AvSettings.VIDEO_STREAM_TYPE_MPEG1, android.media.tv.tuner.filter.AvSettings.VIDEO_STREAM_TYPE_MPEG2, android.media.tv.tuner.filter.AvSettings.VIDEO_STREAM_TYPE_MPEG4P2, android.media.tv.tuner.filter.AvSettings.VIDEO_STREAM_TYPE_AVC, android.media.tv.tuner.filter.AvSettings.VIDEO_STREAM_TYPE_HEVC, android.media.tv.tuner.filter.AvSettings.VIDEO_STREAM_TYPE_VC1, android.media.tv.tuner.filter.AvSettings.VIDEO_STREAM_TYPE_VP8, android.media.tv.tuner.filter.AvSettings.VIDEO_STREAM_TYPE_VP9, android.media.tv.tuner.filter.AvSettings.VIDEO_STREAM_TYPE_AV1, android.media.tv.tuner.filter.AvSettings.VIDEO_STREAM_TYPE_AVS, android.media.tv.tuner.filter.AvSettings.VIDEO_STREAM_TYPE_AVS2, android.media.tv.tuner.filter.AvSettings.VIDEO_STREAM_TYPE_VVC}" />
    </annotation>
  </item>
  <item name="android.media.tv.tuner.filter.AvSettings.Builder android.media.tv.tuner.filter.AvSettings.Builder setAudioStreamType(int) 0">
    <annotation name="androidx.annotation.IntDef">
      <val name="value" val="{android.media.tv.tuner.filter.AvSettings.AUDIO_STREAM_TYPE_UNDEFINED, android.media.tv.tuner.filter.AvSettings.AUDIO_STREAM_TYPE_PCM, android.media.tv.tuner.filter.AvSettings.AUDIO_STREAM_TYPE_MP3, android.media.tv.tuner.filter.AvSettings.AUDIO_STREAM_TYPE_MPEG1, android.media.tv.tuner.filter.AvSettings.AUDIO_STREAM_TYPE_MPEG2, android.media.tv.tuner.filter.AvSettings.AUDIO_STREAM_TYPE_MPEGH, android.media.tv.tuner.filter.AvSettings.AUDIO_STREAM_TYPE_AAC, android.media.tv.tuner.filter.AvSettings.AUDIO_STREAM_TYPE_AC3, android.media.tv.tuner.filter.AvSettings.AUDIO_STREAM_TYPE_EAC3, android.media.tv.tuner.filter.AvSettings.AUDIO_STREAM_TYPE_AC4, android.media.tv.tuner.filter.AvSettings.AUDIO_STREAM_TYPE_DTS, android.media.tv.tuner.filter.AvSettings.AUDIO_STREAM_TYPE_DTS_HD, android.media.tv.tuner.filter.AvSettings.AUDIO_STREAM_TYPE_WMA, android.media.tv.tuner.filter.AvSettings.AUDIO_STREAM_TYPE_OPUS, android.media.tv.tuner.filter.AvSettings.AUDIO_STREAM_TYPE_VORBIS, android.media.tv.tuner.filter.AvSettings.AUDIO_STREAM_TYPE_DRA, android.media.tv.tuner.filter.AvSettings.AUDIO_STREAM_TYPE_AAC_ADTS, android.media.tv.tuner.filter.AvSettings.AUDIO_STREAM_TYPE_AAC_LATM, android.media.tv.tuner.filter.AvSettings.AUDIO_STREAM_TYPE_AAC_HE_ADTS, android.media.tv.tuner.filter.AvSettings.AUDIO_STREAM_TYPE_AAC_HE_LATM}" />
    </annotation>
  </item>
  <item name="android.media.tv.tuner.filter.AvSettings.Builder android.media.tv.tuner.filter.AvSettings.Builder setVideoStreamType(int) 0">
    <annotation name="androidx.annotation.IntDef">
      <val name="value" val="{android.media.tv.tuner.filter.AvSettings.VIDEO_STREAM_TYPE_UNDEFINED, android.media.tv.tuner.filter.AvSettings.VIDEO_STREAM_TYPE_RESERVED, android.media.tv.tuner.filter.AvSettings.VIDEO_STREAM_TYPE_MPEG1, android.media.tv.tuner.filter.AvSettings.VIDEO_STREAM_TYPE_MPEG2, android.media.tv.tuner.filter.AvSettings.VIDEO_STREAM_TYPE_MPEG4P2, android.media.tv.tuner.filter.AvSettings.VIDEO_STREAM_TYPE_AVC, android.media.tv.tuner.filter.AvSettings.VIDEO_STREAM_TYPE_HEVC, android.media.tv.tuner.filter.AvSettings.VIDEO_STREAM_TYPE_VC1, android.media.tv.tuner.filter.AvSettings.VIDEO_STREAM_TYPE_VP8, android.media.tv.tuner.filter.AvSettings.VIDEO_STREAM_TYPE_VP9, android.media.tv.tuner.filter.AvSettings.VIDEO_STREAM_TYPE_AV1, android.media.tv.tuner.filter.AvSettings.VIDEO_STREAM_TYPE_AVS, android.media.tv.tuner.filter.AvSettings.VIDEO_STREAM_TYPE_AVS2, android.media.tv.tuner.filter.AvSettings.VIDEO_STREAM_TYPE_VVC}" />
    </annotation>
  </item>
  <item name="android.media.tv.tuner.filter.DownloadEvent int getMpuSequenceNumber()">
    <annotation name="androidx.annotation.IntRange">
      <val name="from" val="0" />
    </annotation>
  </item>
  <item name="android.media.tv.tuner.filter.DownloadSettings android.media.tv.tuner.filter.DownloadSettings.Builder builder(int) 0">
    <annotation name="androidx.annotation.IntDef">
      <val name="value" val="{android.media.tv.tuner.filter.Filter.TYPE_TS, android.media.tv.tuner.filter.Filter.TYPE_MMTP, android.media.tv.tuner.filter.Filter.TYPE_IP, android.media.tv.tuner.filter.Filter.TYPE_TLV, android.media.tv.tuner.filter.Filter.TYPE_ALP}" />
    </annotation>
  </item>
  <item name="android.media.tv.tuner.filter.Filter int configure(android.media.tv.tuner.filter.FilterConfiguration)">
    <annotation name="androidx.annotation.IntDef">
      <val name="value" val="{android.media.tv.tuner.Tuner.RESULT_SUCCESS, android.media.tv.tuner.Tuner.RESULT_UNAVAILABLE, android.media.tv.tuner.Tuner.RESULT_NOT_INITIALIZED, android.media.tv.tuner.Tuner.RESULT_INVALID_STATE, android.media.tv.tuner.Tuner.RESULT_INVALID_ARGUMENT, android.media.tv.tuner.Tuner.RESULT_OUT_OF_MEMORY, android.media.tv.tuner.Tuner.RESULT_UNKNOWN_ERROR}" />
    </annotation>
  </item>
  <item name="android.media.tv.tuner.filter.Filter int flush()">
    <annotation name="androidx.annotation.IntDef">
      <val name="value" val="{android.media.tv.tuner.Tuner.RESULT_SUCCESS, android.media.tv.tuner.Tuner.RESULT_UNAVAILABLE, android.media.tv.tuner.Tuner.RESULT_NOT_INITIALIZED, android.media.tv.tuner.Tuner.RESULT_INVALID_STATE, android.media.tv.tuner.Tuner.RESULT_INVALID_ARGUMENT, android.media.tv.tuner.Tuner.RESULT_OUT_OF_MEMORY, android.media.tv.tuner.Tuner.RESULT_UNKNOWN_ERROR}" />
    </annotation>
  </item>
  <item name="android.media.tv.tuner.filter.Filter int setDataSource(android.media.tv.tuner.filter.Filter)">
    <annotation name="androidx.annotation.IntDef">
      <val name="value" val="{android.media.tv.tuner.Tuner.RESULT_SUCCESS, android.media.tv.tuner.Tuner.RESULT_UNAVAILABLE, android.media.tv.tuner.Tuner.RESULT_NOT_INITIALIZED, android.media.tv.tuner.Tuner.RESULT_INVALID_STATE, android.media.tv.tuner.Tuner.RESULT_INVALID_ARGUMENT, android.media.tv.tuner.Tuner.RESULT_OUT_OF_MEMORY, android.media.tv.tuner.Tuner.RESULT_UNKNOWN_ERROR}" />
    </annotation>
  </item>
  <item name="android.media.tv.tuner.filter.Filter int setMonitorEventMask(int)">
    <annotation name="androidx.annotation.IntDef">
      <val name="value" val="{android.media.tv.tuner.Tuner.RESULT_SUCCESS, android.media.tv.tuner.Tuner.RESULT_UNAVAILABLE, android.media.tv.tuner.Tuner.RESULT_NOT_INITIALIZED, android.media.tv.tuner.Tuner.RESULT_INVALID_STATE, android.media.tv.tuner.Tuner.RESULT_INVALID_ARGUMENT, android.media.tv.tuner.Tuner.RESULT_OUT_OF_MEMORY, android.media.tv.tuner.Tuner.RESULT_UNKNOWN_ERROR}" />
    </annotation>
  </item>
  <item name="android.media.tv.tuner.filter.Filter int setMonitorEventMask(int) 0">
    <annotation name="androidx.annotation.IntDef">
      <val name="value" val="{android.media.tv.tuner.filter.Filter.MONITOR_EVENT_SCRAMBLING_STATUS, android.media.tv.tuner.filter.Filter.MONITOR_EVENT_IP_CID_CHANGE}" />
    </annotation>
  </item>
  <item name="android.media.tv.tuner.filter.Filter int start()">
    <annotation name="androidx.annotation.IntDef">
      <val name="value" val="{android.media.tv.tuner.Tuner.RESULT_SUCCESS, android.media.tv.tuner.Tuner.RESULT_UNAVAILABLE, android.media.tv.tuner.Tuner.RESULT_NOT_INITIALIZED, android.media.tv.tuner.Tuner.RESULT_INVALID_STATE, android.media.tv.tuner.Tuner.RESULT_INVALID_ARGUMENT, android.media.tv.tuner.Tuner.RESULT_OUT_OF_MEMORY, android.media.tv.tuner.Tuner.RESULT_UNKNOWN_ERROR}" />
    </annotation>
  </item>
  <item name="android.media.tv.tuner.filter.Filter int stop()">
    <annotation name="androidx.annotation.IntDef">
      <val name="value" val="{android.media.tv.tuner.Tuner.RESULT_SUCCESS, android.media.tv.tuner.Tuner.RESULT_UNAVAILABLE, android.media.tv.tuner.Tuner.RESULT_NOT_INITIALIZED, android.media.tv.tuner.Tuner.RESULT_INVALID_STATE, android.media.tv.tuner.Tuner.RESULT_INVALID_ARGUMENT, android.media.tv.tuner.Tuner.RESULT_OUT_OF_MEMORY, android.media.tv.tuner.Tuner.RESULT_UNKNOWN_ERROR}" />
    </annotation>
  </item>
  <item name="android.media.tv.tuner.filter.FilterCallback void onFilterStatusChanged(android.media.tv.tuner.filter.Filter, int) 1">
    <annotation name="androidx.annotation.IntDef">
      <val name="value" val="{android.media.tv.tuner.filter.Filter.STATUS_DATA_READY, android.media.tv.tuner.filter.Filter.STATUS_LOW_WATER, android.media.tv.tuner.filter.Filter.STATUS_HIGH_WATER, android.media.tv.tuner.filter.Filter.STATUS_OVERFLOW, android.media.tv.tuner.filter.Filter.STATUS_NO_DATA}" />
    </annotation>
  </item>
  <item name="android.media.tv.tuner.filter.FilterConfiguration int getType()">
    <annotation name="androidx.annotation.IntDef">
      <val name="value" val="{android.media.tv.tuner.filter.Filter.TYPE_TS, android.media.tv.tuner.filter.Filter.TYPE_MMTP, android.media.tv.tuner.filter.Filter.TYPE_IP, android.media.tv.tuner.filter.Filter.TYPE_TLV, android.media.tv.tuner.filter.Filter.TYPE_ALP}" />
    </annotation>
  </item>
  <item name="android.media.tv.tuner.filter.IpFilterConfiguration byte[] getDstIpAddress()">
    <annotation name="androidx.annotation.Size">
      <val name="max" val="16" />
      <val name="min" val="4" />
    </annotation>
  </item>
  <item name="android.media.tv.tuner.filter.IpFilterConfiguration byte[] getSrcIpAddress()">
    <annotation name="androidx.annotation.Size">
      <val name="max" val="16" />
      <val name="min" val="4" />
    </annotation>
  </item>
  <item name="android.media.tv.tuner.filter.IpFilterConfiguration int getIpFilterContextId()">
    <annotation name="androidx.annotation.IntRange">
      <val name="from" val="0" />
      <val name="to" val="61439" />
    </annotation>
  </item>
  <item name="android.media.tv.tuner.filter.MediaEvent int getMpuSequenceNumber()">
    <annotation name="androidx.annotation.IntRange">
      <val name="from" val="0" />
    </annotation>
  </item>
  <item name="android.media.tv.tuner.filter.MediaEvent int getScIndexMask()">
    <annotation name="androidx.annotation.IntDef">
      <val name="value" val="{android.media.tv.tuner.filter.RecordSettings.SC_INDEX_I_FRAME, android.media.tv.tuner.filter.RecordSettings.SC_INDEX_P_FRAME, android.media.tv.tuner.filter.RecordSettings.SC_INDEX_B_FRAME, android.media.tv.tuner.filter.RecordSettings.SC_INDEX_SEQUENCE, android.media.tv.tuner.filter.RecordSettings.SC_INDEX_I_SLICE, android.media.tv.tuner.filter.RecordSettings.SC_INDEX_P_SLICE, android.media.tv.tuner.filter.RecordSettings.SC_INDEX_B_SLICE, android.media.tv.tuner.filter.RecordSettings.SC_INDEX_SI_SLICE, android.media.tv.tuner.filter.RecordSettings.SC_INDEX_SP_SLICE, android.media.tv.tuner.filter.RecordSettings.SC_HEVC_INDEX_SPS, android.media.tv.tuner.filter.RecordSettings.SC_HEVC_INDEX_AUD, android.media.tv.tuner.filter.RecordSettings.SC_HEVC_INDEX_SLICE_CE_BLA_W_LP, android.media.tv.tuner.filter.RecordSettings.SC_HEVC_INDEX_SLICE_BLA_W_RADL, android.media.tv.tuner.filter.RecordSettings.SC_HEVC_INDEX_SLICE_BLA_N_LP, android.media.tv.tuner.filter.RecordSettings.SC_HEVC_INDEX_SLICE_IDR_W_RADL, android.media.tv.tuner.filter.RecordSettings.SC_HEVC_INDEX_SLICE_IDR_N_LP, android.media.tv.tuner.filter.RecordSettings.SC_HEVC_INDEX_SLICE_TRAIL_CRA, android.media.tv.tuner.filter.RecordSettings.SC_VVC_INDEX_SLICE_IDR_W_RADL, android.media.tv.tuner.filter.RecordSettings.SC_VVC_INDEX_SLICE_IDR_N_LP, android.media.tv.tuner.filter.RecordSettings.SC_VVC_INDEX_SLICE_CRA, android.media.tv.tuner.filter.RecordSettings.SC_VVC_INDEX_SLICE_GDR, android.media.tv.tuner.filter.RecordSettings.SC_VVC_INDEX_VPS, android.media.tv.tuner.filter.RecordSettings.SC_VVC_INDEX_SPS, android.media.tv.tuner.filter.RecordSettings.SC_VVC_INDEX_AUD}" />
    </annotation>
  </item>
  <item name="android.media.tv.tuner.filter.MmtpRecordEvent int getMpuSequenceNumber()">
    <annotation name="androidx.annotation.IntRange">
      <val name="from" val="0" />
    </annotation>
  </item>
  <item name="android.media.tv.tuner.filter.MmtpRecordEvent int getScHevcIndexMask()">
    <annotation name="androidx.annotation.IntDef">
      <val name="value" val="{android.media.tv.tuner.filter.RecordSettings.SC_HEVC_INDEX_SPS, android.media.tv.tuner.filter.RecordSettings.SC_HEVC_INDEX_AUD, android.media.tv.tuner.filter.RecordSettings.SC_HEVC_INDEX_SLICE_CE_BLA_W_LP, android.media.tv.tuner.filter.RecordSettings.SC_HEVC_INDEX_SLICE_BLA_W_RADL, android.media.tv.tuner.filter.RecordSettings.SC_HEVC_INDEX_SLICE_BLA_N_LP, android.media.tv.tuner.filter.RecordSettings.SC_HEVC_INDEX_SLICE_IDR_W_RADL, android.media.tv.tuner.filter.RecordSettings.SC_HEVC_INDEX_SLICE_IDR_N_LP, android.media.tv.tuner.filter.RecordSettings.SC_HEVC_INDEX_SLICE_TRAIL_CRA}" />
    </annotation>
  </item>
  <item name="android.media.tv.tuner.filter.MmtpRecordEvent int getTsIndexMask()">
    <annotation name="androidx.annotation.IntDef">
      <val name="value" val="{android.media.tv.tuner.filter.RecordSettings.TS_INDEX_INVALID, android.media.tv.tuner.filter.RecordSettings.TS_INDEX_FIRST_PACKET, android.media.tv.tuner.filter.RecordSettings.TS_INDEX_PAYLOAD_UNIT_START_INDICATOR, android.media.tv.tuner.filter.RecordSettings.TS_INDEX_CHANGE_TO_NOT_SCRAMBLED, android.media.tv.tuner.filter.RecordSettings.TS_INDEX_CHANGE_TO_EVEN_SCRAMBLED, android.media.tv.tuner.filter.RecordSettings.TS_INDEX_CHANGE_TO_ODD_SCRAMBLED, android.media.tv.tuner.filter.RecordSettings.TS_INDEX_DISCONTINUITY_INDICATOR, android.media.tv.tuner.filter.RecordSettings.TS_INDEX_RANDOM_ACCESS_INDICATOR, android.media.tv.tuner.filter.RecordSettings.TS_INDEX_PRIORITY_INDICATOR, android.media.tv.tuner.filter.RecordSettings.TS_INDEX_PCR_FLAG, android.media.tv.tuner.filter.RecordSettings.TS_INDEX_OPCR_FLAG, android.media.tv.tuner.filter.RecordSettings.TS_INDEX_SPLICING_POINT_FLAG, android.media.tv.tuner.filter.RecordSettings.TS_INDEX_PRIVATE_DATA, android.media.tv.tuner.filter.RecordSettings.TS_INDEX_ADAPTATION_EXTENSION_FLAG, android.media.tv.tuner.filter.RecordSettings.MPT_INDEX_MPT, android.media.tv.tuner.filter.RecordSettings.MPT_INDEX_VIDEO, android.media.tv.tuner.filter.RecordSettings.MPT_INDEX_AUDIO, android.media.tv.tuner.filter.RecordSettings.MPT_INDEX_TIMESTAMP_TARGET_VIDEO, android.media.tv.tuner.filter.RecordSettings.MPT_INDEX_TIMESTAMP_TARGET_AUDIO}" />
    </annotation>
  </item>
  <item name="android.media.tv.tuner.filter.PesEvent int getMpuSequenceNumber()">
    <annotation name="androidx.annotation.IntRange">
      <val name="from" val="0" />
    </annotation>
  </item>
  <item name="android.media.tv.tuner.filter.PesSettings android.media.tv.tuner.filter.PesSettings.Builder builder(int) 0">
    <annotation name="androidx.annotation.IntDef">
      <val name="value" val="{android.media.tv.tuner.filter.Filter.TYPE_TS, android.media.tv.tuner.filter.Filter.TYPE_MMTP, android.media.tv.tuner.filter.Filter.TYPE_IP, android.media.tv.tuner.filter.Filter.TYPE_TLV, android.media.tv.tuner.filter.Filter.TYPE_ALP}" />
    </annotation>
  </item>
  <item name="android.media.tv.tuner.filter.RecordSettings android.media.tv.tuner.filter.RecordSettings.Builder builder(int) 0">
    <annotation name="androidx.annotation.IntDef">
      <val name="value" val="{android.media.tv.tuner.filter.Filter.TYPE_TS, android.media.tv.tuner.filter.Filter.TYPE_MMTP, android.media.tv.tuner.filter.Filter.TYPE_IP, android.media.tv.tuner.filter.Filter.TYPE_TLV, android.media.tv.tuner.filter.Filter.TYPE_ALP}" />
    </annotation>
  </item>
  <item name="android.media.tv.tuner.filter.RecordSettings int getScIndexMask()">
    <annotation name="androidx.annotation.IntDef">
      <val name="value" val="{android.media.tv.tuner.filter.RecordSettings.SC_INDEX_I_FRAME, android.media.tv.tuner.filter.RecordSettings.SC_INDEX_P_FRAME, android.media.tv.tuner.filter.RecordSettings.SC_INDEX_B_FRAME, android.media.tv.tuner.filter.RecordSettings.SC_INDEX_SEQUENCE, android.media.tv.tuner.filter.RecordSettings.SC_INDEX_I_SLICE, android.media.tv.tuner.filter.RecordSettings.SC_INDEX_P_SLICE, android.media.tv.tuner.filter.RecordSettings.SC_INDEX_B_SLICE, android.media.tv.tuner.filter.RecordSettings.SC_INDEX_SI_SLICE, android.media.tv.tuner.filter.RecordSettings.SC_INDEX_SP_SLICE, android.media.tv.tuner.filter.RecordSettings.SC_HEVC_INDEX_SPS, android.media.tv.tuner.filter.RecordSettings.SC_HEVC_INDEX_AUD, android.media.tv.tuner.filter.RecordSettings.SC_HEVC_INDEX_SLICE_CE_BLA_W_LP, android.media.tv.tuner.filter.RecordSettings.SC_HEVC_INDEX_SLICE_BLA_W_RADL, android.media.tv.tuner.filter.RecordSettings.SC_HEVC_INDEX_SLICE_BLA_N_LP, android.media.tv.tuner.filter.RecordSettings.SC_HEVC_INDEX_SLICE_IDR_W_RADL, android.media.tv.tuner.filter.RecordSettings.SC_HEVC_INDEX_SLICE_IDR_N_LP, android.media.tv.tuner.filter.RecordSettings.SC_HEVC_INDEX_SLICE_TRAIL_CRA, android.media.tv.tuner.filter.RecordSettings.SC_VVC_INDEX_SLICE_IDR_W_RADL, android.media.tv.tuner.filter.RecordSettings.SC_VVC_INDEX_SLICE_IDR_N_LP, android.media.tv.tuner.filter.RecordSettings.SC_VVC_INDEX_SLICE_CRA, android.media.tv.tuner.filter.RecordSettings.SC_VVC_INDEX_SLICE_GDR, android.media.tv.tuner.filter.RecordSettings.SC_VVC_INDEX_VPS, android.media.tv.tuner.filter.RecordSettings.SC_VVC_INDEX_SPS, android.media.tv.tuner.filter.RecordSettings.SC_VVC_INDEX_AUD}" />
    </annotation>
  </item>
  <item name="android.media.tv.tuner.filter.RecordSettings int getScIndexType()">
    <annotation name="androidx.annotation.IntDef">
      <val name="value" val="{android.media.tv.tuner.filter.RecordSettings.INDEX_TYPE_NONE, android.media.tv.tuner.filter.RecordSettings.INDEX_TYPE_SC, android.media.tv.tuner.filter.RecordSettings.INDEX_TYPE_SC_HEVC, android.media.tv.tuner.filter.RecordSettings.INDEX_TYPE_SC_AVC, android.media.tv.tuner.filter.RecordSettings.INDEX_TYPE_SC_VVC}" />
    </annotation>
  </item>
  <item name="android.media.tv.tuner.filter.RecordSettings int getTsIndexMask()">
    <annotation name="androidx.annotation.IntDef">
      <val name="value" val="{android.media.tv.tuner.filter.RecordSettings.TS_INDEX_INVALID, android.media.tv.tuner.filter.RecordSettings.TS_INDEX_FIRST_PACKET, android.media.tv.tuner.filter.RecordSettings.TS_INDEX_PAYLOAD_UNIT_START_INDICATOR, android.media.tv.tuner.filter.RecordSettings.TS_INDEX_CHANGE_TO_NOT_SCRAMBLED, android.media.tv.tuner.filter.RecordSettings.TS_INDEX_CHANGE_TO_EVEN_SCRAMBLED, android.media.tv.tuner.filter.RecordSettings.TS_INDEX_CHANGE_TO_ODD_SCRAMBLED, android.media.tv.tuner.filter.RecordSettings.TS_INDEX_DISCONTINUITY_INDICATOR, android.media.tv.tuner.filter.RecordSettings.TS_INDEX_RANDOM_ACCESS_INDICATOR, android.media.tv.tuner.filter.RecordSettings.TS_INDEX_PRIORITY_INDICATOR, android.media.tv.tuner.filter.RecordSettings.TS_INDEX_PCR_FLAG, android.media.tv.tuner.filter.RecordSettings.TS_INDEX_OPCR_FLAG, android.media.tv.tuner.filter.RecordSettings.TS_INDEX_SPLICING_POINT_FLAG, android.media.tv.tuner.filter.RecordSettings.TS_INDEX_PRIVATE_DATA, android.media.tv.tuner.filter.RecordSettings.TS_INDEX_ADAPTATION_EXTENSION_FLAG, android.media.tv.tuner.filter.RecordSettings.MPT_INDEX_MPT, android.media.tv.tuner.filter.RecordSettings.MPT_INDEX_VIDEO, android.media.tv.tuner.filter.RecordSettings.MPT_INDEX_AUDIO, android.media.tv.tuner.filter.RecordSettings.MPT_INDEX_TIMESTAMP_TARGET_VIDEO, android.media.tv.tuner.filter.RecordSettings.MPT_INDEX_TIMESTAMP_TARGET_AUDIO}" />
    </annotation>
  </item>
  <item name="android.media.tv.tuner.filter.RecordSettings.Builder android.media.tv.tuner.filter.RecordSettings.Builder setScIndexMask(int) 0">
    <annotation name="androidx.annotation.IntDef">
      <val name="value" val="{android.media.tv.tuner.filter.RecordSettings.SC_INDEX_I_FRAME, android.media.tv.tuner.filter.RecordSettings.SC_INDEX_P_FRAME, android.media.tv.tuner.filter.RecordSettings.SC_INDEX_B_FRAME, android.media.tv.tuner.filter.RecordSettings.SC_INDEX_SEQUENCE, android.media.tv.tuner.filter.RecordSettings.SC_INDEX_I_SLICE, android.media.tv.tuner.filter.RecordSettings.SC_INDEX_P_SLICE, android.media.tv.tuner.filter.RecordSettings.SC_INDEX_B_SLICE, android.media.tv.tuner.filter.RecordSettings.SC_INDEX_SI_SLICE, android.media.tv.tuner.filter.RecordSettings.SC_INDEX_SP_SLICE, android.media.tv.tuner.filter.RecordSettings.SC_HEVC_INDEX_SPS, android.media.tv.tuner.filter.RecordSettings.SC_HEVC_INDEX_AUD, android.media.tv.tuner.filter.RecordSettings.SC_HEVC_INDEX_SLICE_CE_BLA_W_LP, android.media.tv.tuner.filter.RecordSettings.SC_HEVC_INDEX_SLICE_BLA_W_RADL, android.media.tv.tuner.filter.RecordSettings.SC_HEVC_INDEX_SLICE_BLA_N_LP, android.media.tv.tuner.filter.RecordSettings.SC_HEVC_INDEX_SLICE_IDR_W_RADL, android.media.tv.tuner.filter.RecordSettings.SC_HEVC_INDEX_SLICE_IDR_N_LP, android.media.tv.tuner.filter.RecordSettings.SC_HEVC_INDEX_SLICE_TRAIL_CRA, android.media.tv.tuner.filter.RecordSettings.SC_VVC_INDEX_SLICE_IDR_W_RADL, android.media.tv.tuner.filter.RecordSettings.SC_VVC_INDEX_SLICE_IDR_N_LP, android.media.tv.tuner.filter.RecordSettings.SC_VVC_INDEX_SLICE_CRA, android.media.tv.tuner.filter.RecordSettings.SC_VVC_INDEX_SLICE_GDR, android.media.tv.tuner.filter.RecordSettings.SC_VVC_INDEX_VPS, android.media.tv.tuner.filter.RecordSettings.SC_VVC_INDEX_SPS, android.media.tv.tuner.filter.RecordSettings.SC_VVC_INDEX_AUD}" />
    </annotation>
  </item>
  <item name="android.media.tv.tuner.filter.RecordSettings.Builder android.media.tv.tuner.filter.RecordSettings.Builder setScIndexType(int) 0">
    <annotation name="androidx.annotation.IntDef">
      <val name="value" val="{android.media.tv.tuner.filter.RecordSettings.INDEX_TYPE_NONE, android.media.tv.tuner.filter.RecordSettings.INDEX_TYPE_SC, android.media.tv.tuner.filter.RecordSettings.INDEX_TYPE_SC_HEVC, android.media.tv.tuner.filter.RecordSettings.INDEX_TYPE_SC_AVC, android.media.tv.tuner.filter.RecordSettings.INDEX_TYPE_SC_VVC}" />
    </annotation>
  </item>
  <item name="android.media.tv.tuner.filter.RecordSettings.Builder android.media.tv.tuner.filter.RecordSettings.Builder setTsIndexMask(int) 0">
    <annotation name="androidx.annotation.IntDef">
      <val name="value" val="{android.media.tv.tuner.filter.RecordSettings.TS_INDEX_INVALID, android.media.tv.tuner.filter.RecordSettings.TS_INDEX_FIRST_PACKET, android.media.tv.tuner.filter.RecordSettings.TS_INDEX_PAYLOAD_UNIT_START_INDICATOR, android.media.tv.tuner.filter.RecordSettings.TS_INDEX_CHANGE_TO_NOT_SCRAMBLED, android.media.tv.tuner.filter.RecordSettings.TS_INDEX_CHANGE_TO_EVEN_SCRAMBLED, android.media.tv.tuner.filter.RecordSettings.TS_INDEX_CHANGE_TO_ODD_SCRAMBLED, android.media.tv.tuner.filter.RecordSettings.TS_INDEX_DISCONTINUITY_INDICATOR, android.media.tv.tuner.filter.RecordSettings.TS_INDEX_RANDOM_ACCESS_INDICATOR, android.media.tv.tuner.filter.RecordSettings.TS_INDEX_PRIORITY_INDICATOR, android.media.tv.tuner.filter.RecordSettings.TS_INDEX_PCR_FLAG, android.media.tv.tuner.filter.RecordSettings.TS_INDEX_OPCR_FLAG, android.media.tv.tuner.filter.RecordSettings.TS_INDEX_SPLICING_POINT_FLAG, android.media.tv.tuner.filter.RecordSettings.TS_INDEX_PRIVATE_DATA, android.media.tv.tuner.filter.RecordSettings.TS_INDEX_ADAPTATION_EXTENSION_FLAG, android.media.tv.tuner.filter.RecordSettings.MPT_INDEX_MPT, android.media.tv.tuner.filter.RecordSettings.MPT_INDEX_VIDEO, android.media.tv.tuner.filter.RecordSettings.MPT_INDEX_AUDIO, android.media.tv.tuner.filter.RecordSettings.MPT_INDEX_TIMESTAMP_TARGET_VIDEO, android.media.tv.tuner.filter.RecordSettings.MPT_INDEX_TIMESTAMP_TARGET_AUDIO}" />
    </annotation>
  </item>
  <item name="android.media.tv.tuner.filter.ScramblingStatusEvent int getScramblingStatus()">
    <annotation name="androidx.annotation.IntDef">
      <val name="value" val="{android.media.tv.tuner.filter.Filter.SCRAMBLING_STATUS_UNKNOWN, android.media.tv.tuner.filter.Filter.SCRAMBLING_STATUS_NOT_SCRAMBLED, android.media.tv.tuner.filter.Filter.SCRAMBLING_STATUS_SCRAMBLED}" />
    </annotation>
  </item>
  <item name="android.media.tv.tuner.filter.SectionSettings.Builder T setBitWidthOfLengthField(int) 0">
    <annotation name="androidx.annotation.IntRange">
      <val name="from" val="0" />
    </annotation>
  </item>
  <item name="android.media.tv.tuner.filter.SectionSettingsWithSectionBits android.media.tv.tuner.filter.SectionSettingsWithSectionBits.Builder builder(int) 0">
    <annotation name="androidx.annotation.IntDef">
      <val name="value" val="{android.media.tv.tuner.filter.Filter.TYPE_TS, android.media.tv.tuner.filter.Filter.TYPE_MMTP, android.media.tv.tuner.filter.Filter.TYPE_IP, android.media.tv.tuner.filter.Filter.TYPE_TLV, android.media.tv.tuner.filter.Filter.TYPE_ALP}" />
    </annotation>
  </item>
  <item name="android.media.tv.tuner.filter.SectionSettingsWithTableInfo android.media.tv.tuner.filter.SectionSettingsWithTableInfo.Builder builder(int) 0">
    <annotation name="androidx.annotation.IntDef">
      <val name="value" val="{android.media.tv.tuner.filter.Filter.TYPE_TS, android.media.tv.tuner.filter.Filter.TYPE_MMTP, android.media.tv.tuner.filter.Filter.TYPE_IP, android.media.tv.tuner.filter.Filter.TYPE_TLV, android.media.tv.tuner.filter.Filter.TYPE_ALP}" />
    </annotation>
  </item>
  <item name="android.media.tv.tuner.filter.SharedFilter int flush()">
    <annotation name="androidx.annotation.IntDef">
      <val name="value" val="{android.media.tv.tuner.Tuner.RESULT_SUCCESS, android.media.tv.tuner.Tuner.RESULT_UNAVAILABLE, android.media.tv.tuner.Tuner.RESULT_NOT_INITIALIZED, android.media.tv.tuner.Tuner.RESULT_INVALID_STATE, android.media.tv.tuner.Tuner.RESULT_INVALID_ARGUMENT, android.media.tv.tuner.Tuner.RESULT_OUT_OF_MEMORY, android.media.tv.tuner.Tuner.RESULT_UNKNOWN_ERROR}" />
    </annotation>
  </item>
  <item name="android.media.tv.tuner.filter.SharedFilter int start()">
    <annotation name="androidx.annotation.IntDef">
      <val name="value" val="{android.media.tv.tuner.Tuner.RESULT_SUCCESS, android.media.tv.tuner.Tuner.RESULT_UNAVAILABLE, android.media.tv.tuner.Tuner.RESULT_NOT_INITIALIZED, android.media.tv.tuner.Tuner.RESULT_INVALID_STATE, android.media.tv.tuner.Tuner.RESULT_INVALID_ARGUMENT, android.media.tv.tuner.Tuner.RESULT_OUT_OF_MEMORY, android.media.tv.tuner.Tuner.RESULT_UNKNOWN_ERROR}" />
    </annotation>
  </item>
  <item name="android.media.tv.tuner.filter.SharedFilter int stop()">
    <annotation name="androidx.annotation.IntDef">
      <val name="value" val="{android.media.tv.tuner.Tuner.RESULT_SUCCESS, android.media.tv.tuner.Tuner.RESULT_UNAVAILABLE, android.media.tv.tuner.Tuner.RESULT_NOT_INITIALIZED, android.media.tv.tuner.Tuner.RESULT_INVALID_STATE, android.media.tv.tuner.Tuner.RESULT_INVALID_ARGUMENT, android.media.tv.tuner.Tuner.RESULT_OUT_OF_MEMORY, android.media.tv.tuner.Tuner.RESULT_UNKNOWN_ERROR}" />
    </annotation>
  </item>
  <item name="android.media.tv.tuner.filter.SharedFilterCallback void onFilterStatusChanged(android.media.tv.tuner.filter.SharedFilter, int) 1">
    <annotation name="androidx.annotation.IntDef">
      <val name="value" val="{android.media.tv.tuner.filter.Filter.STATUS_DATA_READY, android.media.tv.tuner.filter.Filter.STATUS_LOW_WATER, android.media.tv.tuner.filter.Filter.STATUS_HIGH_WATER, android.media.tv.tuner.filter.Filter.STATUS_OVERFLOW, android.media.tv.tuner.filter.Filter.STATUS_NO_DATA}" />
    </annotation>
  </item>
  <item name="android.media.tv.tuner.filter.TimeFilter int clearTimestamp()">
    <annotation name="androidx.annotation.IntDef">
      <val name="value" val="{android.media.tv.tuner.Tuner.RESULT_SUCCESS, android.media.tv.tuner.Tuner.RESULT_UNAVAILABLE, android.media.tv.tuner.Tuner.RESULT_NOT_INITIALIZED, android.media.tv.tuner.Tuner.RESULT_INVALID_STATE, android.media.tv.tuner.Tuner.RESULT_INVALID_ARGUMENT, android.media.tv.tuner.Tuner.RESULT_OUT_OF_MEMORY, android.media.tv.tuner.Tuner.RESULT_UNKNOWN_ERROR}" />
    </annotation>
  </item>
  <item name="android.media.tv.tuner.filter.TimeFilter int setCurrentTimestamp(long)">
    <annotation name="androidx.annotation.IntDef">
      <val name="value" val="{android.media.tv.tuner.Tuner.RESULT_SUCCESS, android.media.tv.tuner.Tuner.RESULT_UNAVAILABLE, android.media.tv.tuner.Tuner.RESULT_NOT_INITIALIZED, android.media.tv.tuner.Tuner.RESULT_INVALID_STATE, android.media.tv.tuner.Tuner.RESULT_INVALID_ARGUMENT, android.media.tv.tuner.Tuner.RESULT_OUT_OF_MEMORY, android.media.tv.tuner.Tuner.RESULT_UNKNOWN_ERROR}" />
    </annotation>
  </item>
  <item name="android.media.tv.tuner.filter.TsRecordEvent int getScIndexMask()">
    <annotation name="androidx.annotation.IntDef">
      <val name="value" val="{android.media.tv.tuner.filter.RecordSettings.SC_INDEX_I_FRAME, android.media.tv.tuner.filter.RecordSettings.SC_INDEX_P_FRAME, android.media.tv.tuner.filter.RecordSettings.SC_INDEX_B_FRAME, android.media.tv.tuner.filter.RecordSettings.SC_INDEX_SEQUENCE, android.media.tv.tuner.filter.RecordSettings.SC_INDEX_I_SLICE, android.media.tv.tuner.filter.RecordSettings.SC_INDEX_P_SLICE, android.media.tv.tuner.filter.RecordSettings.SC_INDEX_B_SLICE, android.media.tv.tuner.filter.RecordSettings.SC_INDEX_SI_SLICE, android.media.tv.tuner.filter.RecordSettings.SC_INDEX_SP_SLICE, android.media.tv.tuner.filter.RecordSettings.SC_HEVC_INDEX_SPS, android.media.tv.tuner.filter.RecordSettings.SC_HEVC_INDEX_AUD, android.media.tv.tuner.filter.RecordSettings.SC_HEVC_INDEX_SLICE_CE_BLA_W_LP, android.media.tv.tuner.filter.RecordSettings.SC_HEVC_INDEX_SLICE_BLA_W_RADL, android.media.tv.tuner.filter.RecordSettings.SC_HEVC_INDEX_SLICE_BLA_N_LP, android.media.tv.tuner.filter.RecordSettings.SC_HEVC_INDEX_SLICE_IDR_W_RADL, android.media.tv.tuner.filter.RecordSettings.SC_HEVC_INDEX_SLICE_IDR_N_LP, android.media.tv.tuner.filter.RecordSettings.SC_HEVC_INDEX_SLICE_TRAIL_CRA, android.media.tv.tuner.filter.RecordSettings.SC_VVC_INDEX_SLICE_IDR_W_RADL, android.media.tv.tuner.filter.RecordSettings.SC_VVC_INDEX_SLICE_IDR_N_LP, android.media.tv.tuner.filter.RecordSettings.SC_VVC_INDEX_SLICE_CRA, android.media.tv.tuner.filter.RecordSettings.SC_VVC_INDEX_SLICE_GDR, android.media.tv.tuner.filter.RecordSettings.SC_VVC_INDEX_VPS, android.media.tv.tuner.filter.RecordSettings.SC_VVC_INDEX_SPS, android.media.tv.tuner.filter.RecordSettings.SC_VVC_INDEX_AUD}" />
    </annotation>
  </item>
  <item name="android.media.tv.tuner.filter.TsRecordEvent int getTsIndexMask()">
    <annotation name="androidx.annotation.IntDef">
      <val name="value" val="{android.media.tv.tuner.filter.RecordSettings.TS_INDEX_INVALID, android.media.tv.tuner.filter.RecordSettings.TS_INDEX_FIRST_PACKET, android.media.tv.tuner.filter.RecordSettings.TS_INDEX_PAYLOAD_UNIT_START_INDICATOR, android.media.tv.tuner.filter.RecordSettings.TS_INDEX_CHANGE_TO_NOT_SCRAMBLED, android.media.tv.tuner.filter.RecordSettings.TS_INDEX_CHANGE_TO_EVEN_SCRAMBLED, android.media.tv.tuner.filter.RecordSettings.TS_INDEX_CHANGE_TO_ODD_SCRAMBLED, android.media.tv.tuner.filter.RecordSettings.TS_INDEX_DISCONTINUITY_INDICATOR, android.media.tv.tuner.filter.RecordSettings.TS_INDEX_RANDOM_ACCESS_INDICATOR, android.media.tv.tuner.filter.RecordSettings.TS_INDEX_PRIORITY_INDICATOR, android.media.tv.tuner.filter.RecordSettings.TS_INDEX_PCR_FLAG, android.media.tv.tuner.filter.RecordSettings.TS_INDEX_OPCR_FLAG, android.media.tv.tuner.filter.RecordSettings.TS_INDEX_SPLICING_POINT_FLAG, android.media.tv.tuner.filter.RecordSettings.TS_INDEX_PRIVATE_DATA, android.media.tv.tuner.filter.RecordSettings.TS_INDEX_ADAPTATION_EXTENSION_FLAG, android.media.tv.tuner.filter.RecordSettings.MPT_INDEX_MPT, android.media.tv.tuner.filter.RecordSettings.MPT_INDEX_VIDEO, android.media.tv.tuner.filter.RecordSettings.MPT_INDEX_AUDIO, android.media.tv.tuner.filter.RecordSettings.MPT_INDEX_TIMESTAMP_TARGET_VIDEO, android.media.tv.tuner.filter.RecordSettings.MPT_INDEX_TIMESTAMP_TARGET_AUDIO}" />
    </annotation>
  </item>
</root>

