<?xml version="1.0" encoding="UTF-8"?>
<root>
  <item name="android.nfc.NfcAdapter ACTION_PREFERRED_PAYMENT_CHANGED">
    <annotation name="androidx.annotation.RequiresPermission">
      <val name="value" val="&quot;android.permission.NFC_PREFERRED_PAYMENT_INFO&quot;" />
    </annotation>
  </item>
  <item name="android.nfc.NfcAdapter ACTION_TRANSACTION_DETECTED">
    <annotation name="androidx.annotation.RequiresPermission">
      <val name="value" val="&quot;android.permission.NFC_TRANSACTION_EVENT&quot;" />
    </annotation>
  </item>
  <item name="android.nfc.NfcAdapter boolean addNfcUnlockHandler(android.nfc.NfcAdapter.NfcUnlockHandler, java.lang.String[])">
    <annotation name="androidx.annotation.RequiresPermission">
      <val name="value" val="&quot;android.permission.WRITE_SECURE_SETTINGS&quot;" />
    </annotation>
  </item>
  <item name="android.nfc.NfcAdapter boolean disable()">
    <annotation name="androidx.annotation.RequiresPermission">
      <val name="value" val="&quot;android.permission.WRITE_SECURE_SETTINGS&quot;" />
    </annotation>
  </item>
  <item name="android.nfc.NfcAdapter boolean disable(boolean)">
    <annotation name="androidx.annotation.RequiresPermission">
      <val name="value" val="&quot;android.permission.WRITE_SECURE_SETTINGS&quot;" />
    </annotation>
  </item>
  <item name="android.nfc.NfcAdapter boolean disableNdefPush()">
    <annotation name="androidx.annotation.RequiresPermission">
      <val name="value" val="&quot;android.permission.WRITE_SECURE_SETTINGS&quot;" />
    </annotation>
  </item>
  <item name="android.nfc.NfcAdapter boolean enable()">
    <annotation name="androidx.annotation.RequiresPermission">
      <val name="value" val="&quot;android.permission.WRITE_SECURE_SETTINGS&quot;" />
    </annotation>
  </item>
  <item name="android.nfc.NfcAdapter boolean enableNdefPush()">
    <annotation name="androidx.annotation.RequiresPermission">
      <val name="value" val="&quot;android.permission.WRITE_SECURE_SETTINGS&quot;" />
    </annotation>
  </item>
  <item name="android.nfc.NfcAdapter boolean enableSecureNfc(boolean)">
    <annotation name="androidx.annotation.RequiresPermission">
      <val name="value" val="&quot;android.permission.WRITE_SECURE_SETTINGS&quot;" />
    </annotation>
  </item>
  <item name="android.nfc.NfcAdapter boolean isControllerAlwaysOn()">
    <annotation name="androidx.annotation.RequiresPermission">
      <val name="value" val="&quot;android.permission.NFC_SET_CONTROLLER_ALWAYS_ON&quot;" />
    </annotation>
  </item>
  <item name="android.nfc.NfcAdapter boolean isControllerAlwaysOnSupported()">
    <annotation name="androidx.annotation.RequiresPermission">
      <val name="value" val="&quot;android.permission.NFC_SET_CONTROLLER_ALWAYS_ON&quot;" />
    </annotation>
  </item>
  <item name="android.nfc.NfcAdapter boolean isTagIntentAppPreferenceSupported()">
    <annotation name="androidx.annotation.RequiresPermission">
      <val name="value" val="&quot;android.permission.WRITE_SECURE_SETTINGS&quot;" />
    </annotation>
  </item>
  <item name="android.nfc.NfcAdapter boolean removeNfcUnlockHandler(android.nfc.NfcAdapter.NfcUnlockHandler)">
    <annotation name="androidx.annotation.RequiresPermission">
      <val name="value" val="&quot;android.permission.WRITE_SECURE_SETTINGS&quot;" />
    </annotation>
  </item>
  <item name="android.nfc.NfcAdapter boolean setControllerAlwaysOn(boolean)">
    <annotation name="androidx.annotation.RequiresPermission">
      <val name="value" val="&quot;android.permission.NFC_SET_CONTROLLER_ALWAYS_ON&quot;" />
    </annotation>
  </item>
  <item name="android.nfc.NfcAdapter int setTagIntentAppPreferenceForUser(int, java.lang.String, boolean)">
    <annotation name="androidx.annotation.RequiresPermission">
      <val name="value" val="&quot;android.permission.WRITE_SECURE_SETTINGS&quot;" />
    </annotation>
    <annotation name="androidx.annotation.IntDef">
      <val name="value" val="{android.nfc.NfcAdapter.TAG_INTENT_APP_PREF_RESULT_SUCCESS, android.nfc.NfcAdapter.TAG_INTENT_APP_PREF_RESULT_PACKAGE_NOT_FOUND, android.nfc.NfcAdapter.TAG_INTENT_APP_PREF_RESULT_UNAVAILABLE}" />
    </annotation>
  </item>
  <item name="android.nfc.NfcAdapter java.util.Map&lt;java.lang.String,java.lang.Boolean&gt; getTagIntentAppPreferenceForUser(int)">
    <annotation name="androidx.annotation.RequiresPermission">
      <val name="value" val="&quot;android.permission.WRITE_SECURE_SETTINGS&quot;" />
    </annotation>
  </item>
  <item name="android.nfc.NfcAdapter void registerControllerAlwaysOnListener(java.util.concurrent.Executor, android.nfc.NfcAdapter.ControllerAlwaysOnListener)">
    <annotation name="androidx.annotation.RequiresPermission">
      <val name="value" val="&quot;android.permission.NFC_SET_CONTROLLER_ALWAYS_ON&quot;" />
    </annotation>
  </item>
  <item name="android.nfc.NfcAdapter void unregisterControllerAlwaysOnListener(android.nfc.NfcAdapter.ControllerAlwaysOnListener)">
    <annotation name="androidx.annotation.RequiresPermission">
      <val name="value" val="&quot;android.permission.NFC_SET_CONTROLLER_ALWAYS_ON&quot;" />
    </annotation>
  </item>
</root>

