<?xml version="1.0" encoding="UTF-8"?>
<root>
  <item name="android.net.NetworkPolicyManager android.telephony.SubscriptionPlan getSubscriptionPlan(android.net.NetworkTemplate)">
    <annotation name="androidx.annotation.RequiresPermission">
      <val name="anyOf" val="{&quot;android.permission.MAINLINE_NETWORK_STACK&quot;, &quot;android.permission.NETWORK_STACK&quot;}" />
    </annotation>
  </item>
  <item name="android.net.NetworkPolicyManager boolean isUidNetworkingBlocked(int, boolean)">
    <annotation name="androidx.annotation.RequiresPermission">
      <val name="value" val="&quot;android.permission.OBSERVE_NETWORK_POLICY&quot;" />
    </annotation>
  </item>
  <item name="android.net.NetworkPolicyManager boolean isUidRestrictedOnMeteredNetworks(int)">
    <annotation name="androidx.annotation.RequiresPermission">
      <val name="value" val="&quot;android.permission.OBSERVE_NETWORK_POLICY&quot;" />
    </annotation>
  </item>
  <item name="android.net.NetworkPolicyManager int getMultipathPreference(android.net.Network)">
    <annotation name="androidx.annotation.RequiresPermission">
      <val name="value" val="&quot;android.permission.MAINLINE_NETWORK_STACK&quot;" />
    </annotation>
  </item>
  <item name="android.net.NetworkPolicyManager int getRestrictBackgroundStatus(int)">
    <annotation name="androidx.annotation.RequiresPermission">
      <val name="value" val="&quot;android.permission.MAINLINE_NETWORK_STACK&quot;" />
    </annotation>
  </item>
  <item name="android.net.NetworkPolicyManager void notifyStatsProviderLimitReached()">
    <annotation name="androidx.annotation.RequiresPermission">
      <val name="anyOf" val="{&quot;android.permission.MAINLINE_NETWORK_STACK&quot;, &quot;android.permission.NETWORK_STACK&quot;}" />
    </annotation>
  </item>
  <item name="android.net.NetworkPolicyManager void notifyStatsProviderWarningReached()">
    <annotation name="androidx.annotation.RequiresPermission">
      <val name="anyOf" val="{&quot;android.permission.MAINLINE_NETWORK_STACK&quot;, &quot;android.permission.NETWORK_STACK&quot;}" />
    </annotation>
  </item>
  <item name="android.net.NetworkScoreManager boolean clearScores()">
    <annotation name="androidx.annotation.RequiresPermission">
      <val name="anyOf" val="{&quot;android.permission.SCORE_NETWORKS&quot;, &quot;android.permission.REQUEST_NETWORK_SCORES&quot;}" />
    </annotation>
  </item>
  <item name="android.net.NetworkScoreManager boolean requestScores(java.util.Collection&lt;android.net.NetworkKey&gt;)">
    <annotation name="androidx.annotation.RequiresPermission">
      <val name="value" val="&quot;android.permission.REQUEST_NETWORK_SCORES&quot;" />
    </annotation>
  </item>
  <item name="android.net.NetworkScoreManager boolean setActiveScorer(java.lang.String)">
    <annotation name="androidx.annotation.RequiresPermission">
      <val name="anyOf" val="{&quot;android.permission.SCORE_NETWORKS&quot;, &quot;android.permission.REQUEST_NETWORK_SCORES&quot;}" />
    </annotation>
  </item>
  <item name="android.net.NetworkScoreManager boolean updateScores(android.net.ScoredNetwork[])">
    <annotation name="androidx.annotation.RequiresPermission">
      <val name="value" val="&quot;android.permission.SCORE_NETWORKS&quot;" />
    </annotation>
  </item>
  <item name="android.net.NetworkScoreManager java.lang.String getActiveScorerPackage()">
    <annotation name="androidx.annotation.RequiresPermission">
      <val name="anyOf" val="{&quot;android.permission.SCORE_NETWORKS&quot;, &quot;android.permission.REQUEST_NETWORK_SCORES&quot;}" />
    </annotation>
  </item>
  <item name="android.net.NetworkScoreManager void disableScoring()">
    <annotation name="androidx.annotation.RequiresPermission">
      <val name="anyOf" val="{&quot;android.permission.SCORE_NETWORKS&quot;, &quot;android.permission.REQUEST_NETWORK_SCORES&quot;}" />
    </annotation>
  </item>
  <item name="android.net.NetworkScoreManager void registerNetworkScoreCallback(int, int, java.util.concurrent.Executor, android.net.NetworkScoreManager.NetworkScoreCallback)">
    <annotation name="androidx.annotation.RequiresPermission">
      <val name="value" val="&quot;android.permission.REQUEST_NETWORK_SCORES&quot;" />
    </annotation>
  </item>
  <item name="android.net.NetworkScoreManager void registerNetworkScoreCallback(int, int, java.util.concurrent.Executor, android.net.NetworkScoreManager.NetworkScoreCallback) 0">
    <annotation name="androidx.annotation.IntDef">
      <val name="value" val="{android.net.NetworkKey.TYPE_WIFI}" />
    </annotation>
  </item>
  <item name="android.net.NetworkScoreManager void registerNetworkScoreCallback(int, int, java.util.concurrent.Executor, android.net.NetworkScoreManager.NetworkScoreCallback) 1">
    <annotation name="androidx.annotation.IntDef">
      <val name="value" val="{android.net.NetworkScoreManager.SCORE_FILTER_NONE, android.net.NetworkScoreManager.SCORE_FILTER_CURRENT_NETWORK, android.net.NetworkScoreManager.SCORE_FILTER_SCAN_RESULTS}" />
    </annotation>
  </item>
  <item name="android.net.PacProxyManager void addPacProxyInstalledListener(java.util.concurrent.Executor, android.net.PacProxyManager.PacProxyInstalledListener)">
    <annotation name="androidx.annotation.RequiresPermission">
      <val name="anyOf" val="{&quot;android.permission.NETWORK_STACK&quot;, &quot;android.permission.MAINLINE_NETWORK_STACK&quot;, &quot;android.permission.NETWORK_SETTINGS&quot;}" />
    </annotation>
  </item>
  <item name="android.net.PacProxyManager void removePacProxyInstalledListener(android.net.PacProxyManager.PacProxyInstalledListener)">
    <annotation name="androidx.annotation.RequiresPermission">
      <val name="anyOf" val="{&quot;android.permission.NETWORK_STACK&quot;, &quot;android.permission.MAINLINE_NETWORK_STACK&quot;, &quot;android.permission.NETWORK_SETTINGS&quot;}" />
    </annotation>
  </item>
  <item name="android.net.PacProxyManager void setCurrentProxyScriptUrl(android.net.ProxyInfo)">
    <annotation name="androidx.annotation.RequiresPermission">
      <val name="anyOf" val="{&quot;android.permission.NETWORK_STACK&quot;, &quot;android.permission.MAINLINE_NETWORK_STACK&quot;, &quot;android.permission.NETWORK_SETTINGS&quot;}" />
    </annotation>
  </item>
  <item name="android.net.PlatformVpnProfile int getType()">
    <annotation name="androidx.annotation.IntDef">
      <val name="value" val="{android.net.PlatformVpnProfile.TYPE_IKEV2_IPSEC_USER_PASS, android.net.PlatformVpnProfile.TYPE_IKEV2_IPSEC_PSK, android.net.PlatformVpnProfile.TYPE_IKEV2_IPSEC_RSA}" />
    </annotation>
  </item>
  <item name="android.net.ScoredNetwork int calculateBadge(int)">
  </item>
  <item name="android.net.VpnProfileState VpnProfileState(int, java.lang.String, boolean, boolean) 0">
    <annotation name="androidx.annotation.IntDef">
      <val name="value" val="{android.net.VpnProfileState.STATE_CONNECTED, android.net.VpnProfileState.STATE_CONNECTING, android.net.VpnProfileState.STATE_DISCONNECTED, android.net.VpnProfileState.STATE_FAILED}" />
    </annotation>
  </item>
  <item name="android.net.VpnProfileState int getState()">
    <annotation name="androidx.annotation.IntDef">
      <val name="value" val="{android.net.VpnProfileState.STATE_CONNECTED, android.net.VpnProfileState.STATE_CONNECTING, android.net.VpnProfileState.STATE_DISCONNECTED, android.net.VpnProfileState.STATE_FAILED}" />
    </annotation>
  </item>
  <item name="android.net.VpnService void prepareAndAuthorize(android.content.Context)">
    <annotation name="androidx.annotation.RequiresPermission">
      <val name="value" val="&quot;android.permission.CONTROL_VPN&quot;" />
    </annotation>
  </item>
</root>

