<?xml version="1.0" encoding="UTF-8"?>
<root>
  <item name="android.telephony.data.ApnSetting int getApnTypeBitmask()">
    <annotation name="androidx.annotation.IntDef">
      <val name="value" val="{android.telephony.data.ApnSetting.TYPE_DEFAULT, android.telephony.data.ApnSetting.TYPE_MMS, android.telephony.data.ApnSetting.TYPE_SUPL, android.telephony.data.ApnSetting.TYPE_DUN, android.telephony.data.ApnSetting.TYPE_HIPRI, android.telephony.data.ApnSetting.TYPE_FOTA, android.telephony.data.ApnSetting.TYPE_IMS, android.telephony.data.ApnSetting.TYPE_CBS, android.telephony.data.ApnSetting.TYPE_IA, android.telephony.data.ApnSetting.TYPE_EMERGENCY, android.telephony.data.ApnSetting.TYPE_MCX, android.telephony.data.ApnSetting.TYPE_XCAP, android.telephony.data.ApnSetting.TYPE_BIP, android.telephony.data.ApnSetting.TYPE_VSIM, android.telephony.data.ApnSetting.TYPE_ENTERPRISE}" />
      <val name="flag" val="true" />
    </annotation>
  </item>
  <item name="android.telephony.data.ApnSetting int getApnTypeInt(java.lang.String)">
    <annotation name="androidx.annotation.IntDef">
      <val name="value" val="{android.telephony.data.ApnSetting.TYPE_DEFAULT, android.telephony.data.ApnSetting.TYPE_MMS, android.telephony.data.ApnSetting.TYPE_SUPL, android.telephony.data.ApnSetting.TYPE_DUN, android.telephony.data.ApnSetting.TYPE_HIPRI, android.telephony.data.ApnSetting.TYPE_FOTA, android.telephony.data.ApnSetting.TYPE_IMS, android.telephony.data.ApnSetting.TYPE_CBS, android.telephony.data.ApnSetting.TYPE_IA, android.telephony.data.ApnSetting.TYPE_EMERGENCY, android.telephony.data.ApnSetting.TYPE_MCX, android.telephony.data.ApnSetting.TYPE_XCAP, android.telephony.data.ApnSetting.TYPE_BIP, android.telephony.data.ApnSetting.TYPE_VSIM, android.telephony.data.ApnSetting.TYPE_ENTERPRISE}" />
      <val name="flag" val="true" />
    </annotation>
  </item>
  <item name="android.telephony.data.ApnSetting int getApnTypeInt(java.lang.String) 0">
    <annotation name="androidx.annotation.StringDef">
      <val name="value" val="{android.telephony.data.ApnSetting.TYPE_ALL_STRING, android.telephony.data.ApnSetting.TYPE_CBS_STRING, android.telephony.data.ApnSetting.TYPE_DEFAULT_STRING, android.telephony.data.ApnSetting.TYPE_DUN_STRING, android.telephony.data.ApnSetting.TYPE_EMERGENCY_STRING, android.telephony.data.ApnSetting.TYPE_FOTA_STRING, android.telephony.data.ApnSetting.TYPE_HIPRI_STRING, android.telephony.data.ApnSetting.TYPE_IA_STRING, android.telephony.data.ApnSetting.TYPE_IMS_STRING, android.telephony.data.ApnSetting.TYPE_MCX_STRING, android.telephony.data.ApnSetting.TYPE_MMS_STRING, android.telephony.data.ApnSetting.TYPE_SUPL_STRING, android.telephony.data.ApnSetting.TYPE_XCAP_STRING, android.telephony.data.ApnSetting.TYPE_VSIM_STRING, android.telephony.data.ApnSetting.TYPE_BIP_STRING, android.telephony.data.ApnSetting.TYPE_ENTERPRISE_STRING}" />
    </annotation>
  </item>
  <item name="android.telephony.data.ApnSetting int getAuthType()">
    <annotation name="androidx.annotation.IntDef">
      <val name="value" val="{android.telephony.data.ApnSetting.AUTH_TYPE_NONE, android.telephony.data.ApnSetting.AUTH_TYPE_PAP, android.telephony.data.ApnSetting.AUTH_TYPE_CHAP, android.telephony.data.ApnSetting.AUTH_TYPE_PAP_OR_CHAP}" />
    </annotation>
  </item>
  <item name="android.telephony.data.ApnSetting int getMvnoType()">
    <annotation name="androidx.annotation.IntDef">
      <val name="value" val="{android.telephony.data.ApnSetting.MVNO_TYPE_SPN, android.telephony.data.ApnSetting.MVNO_TYPE_IMSI, android.telephony.data.ApnSetting.MVNO_TYPE_GID, android.telephony.data.ApnSetting.MVNO_TYPE_ICCID}" />
    </annotation>
  </item>
  <item name="android.telephony.data.ApnSetting int getProtocol()">
    <annotation name="androidx.annotation.IntDef">
      <val name="value" val="{android.telephony.data.ApnSetting.PROTOCOL_IP, android.telephony.data.ApnSetting.PROTOCOL_IPV6, android.telephony.data.ApnSetting.PROTOCOL_IPV4V6, android.telephony.data.ApnSetting.PROTOCOL_PPP, android.telephony.data.ApnSetting.PROTOCOL_NON_IP, android.telephony.data.ApnSetting.PROTOCOL_UNSTRUCTURED}" />
    </annotation>
  </item>
  <item name="android.telephony.data.ApnSetting int getRoamingProtocol()">
    <annotation name="androidx.annotation.IntDef">
      <val name="value" val="{android.telephony.data.ApnSetting.PROTOCOL_IP, android.telephony.data.ApnSetting.PROTOCOL_IPV6, android.telephony.data.ApnSetting.PROTOCOL_IPV4V6, android.telephony.data.ApnSetting.PROTOCOL_PPP, android.telephony.data.ApnSetting.PROTOCOL_NON_IP, android.telephony.data.ApnSetting.PROTOCOL_UNSTRUCTURED}" />
    </annotation>
  </item>
  <item name="android.telephony.data.ApnSetting java.lang.String getApnTypeString(int)">
    <annotation name="androidx.annotation.StringDef">
      <val name="value" val="{android.telephony.data.ApnSetting.TYPE_ALL_STRING, android.telephony.data.ApnSetting.TYPE_CBS_STRING, android.telephony.data.ApnSetting.TYPE_DEFAULT_STRING, android.telephony.data.ApnSetting.TYPE_DUN_STRING, android.telephony.data.ApnSetting.TYPE_EMERGENCY_STRING, android.telephony.data.ApnSetting.TYPE_FOTA_STRING, android.telephony.data.ApnSetting.TYPE_HIPRI_STRING, android.telephony.data.ApnSetting.TYPE_IA_STRING, android.telephony.data.ApnSetting.TYPE_IMS_STRING, android.telephony.data.ApnSetting.TYPE_MCX_STRING, android.telephony.data.ApnSetting.TYPE_MMS_STRING, android.telephony.data.ApnSetting.TYPE_SUPL_STRING, android.telephony.data.ApnSetting.TYPE_XCAP_STRING, android.telephony.data.ApnSetting.TYPE_VSIM_STRING, android.telephony.data.ApnSetting.TYPE_BIP_STRING, android.telephony.data.ApnSetting.TYPE_ENTERPRISE_STRING}" />
    </annotation>
  </item>
  <item name="android.telephony.data.ApnSetting java.lang.String getApnTypeString(int) 0">
    <annotation name="androidx.annotation.IntDef">
      <val name="value" val="{android.telephony.data.ApnSetting.TYPE_DEFAULT, android.telephony.data.ApnSetting.TYPE_MMS, android.telephony.data.ApnSetting.TYPE_SUPL, android.telephony.data.ApnSetting.TYPE_DUN, android.telephony.data.ApnSetting.TYPE_HIPRI, android.telephony.data.ApnSetting.TYPE_FOTA, android.telephony.data.ApnSetting.TYPE_IMS, android.telephony.data.ApnSetting.TYPE_CBS, android.telephony.data.ApnSetting.TYPE_IA, android.telephony.data.ApnSetting.TYPE_EMERGENCY, android.telephony.data.ApnSetting.TYPE_MCX, android.telephony.data.ApnSetting.TYPE_XCAP, android.telephony.data.ApnSetting.TYPE_BIP, android.telephony.data.ApnSetting.TYPE_VSIM, android.telephony.data.ApnSetting.TYPE_ENTERPRISE}" />
      <val name="flag" val="true" />
    </annotation>
  </item>
  <item name="android.telephony.data.ApnSetting.Builder android.telephony.data.ApnSetting.Builder setApnTypeBitmask(int) 0">
    <annotation name="androidx.annotation.IntDef">
      <val name="value" val="{android.telephony.data.ApnSetting.TYPE_DEFAULT, android.telephony.data.ApnSetting.TYPE_MMS, android.telephony.data.ApnSetting.TYPE_SUPL, android.telephony.data.ApnSetting.TYPE_DUN, android.telephony.data.ApnSetting.TYPE_HIPRI, android.telephony.data.ApnSetting.TYPE_FOTA, android.telephony.data.ApnSetting.TYPE_IMS, android.telephony.data.ApnSetting.TYPE_CBS, android.telephony.data.ApnSetting.TYPE_IA, android.telephony.data.ApnSetting.TYPE_EMERGENCY, android.telephony.data.ApnSetting.TYPE_MCX, android.telephony.data.ApnSetting.TYPE_XCAP, android.telephony.data.ApnSetting.TYPE_BIP, android.telephony.data.ApnSetting.TYPE_VSIM, android.telephony.data.ApnSetting.TYPE_ENTERPRISE}" />
      <val name="flag" val="true" />
    </annotation>
  </item>
  <item name="android.telephony.data.ApnSetting.Builder android.telephony.data.ApnSetting.Builder setAuthType(int) 0">
    <annotation name="androidx.annotation.IntDef">
      <val name="value" val="{android.telephony.data.ApnSetting.AUTH_TYPE_NONE, android.telephony.data.ApnSetting.AUTH_TYPE_PAP, android.telephony.data.ApnSetting.AUTH_TYPE_CHAP, android.telephony.data.ApnSetting.AUTH_TYPE_PAP_OR_CHAP}" />
    </annotation>
  </item>
  <item name="android.telephony.data.ApnSetting.Builder android.telephony.data.ApnSetting.Builder setMvnoType(int) 0">
    <annotation name="androidx.annotation.IntDef">
      <val name="value" val="{android.telephony.data.ApnSetting.MVNO_TYPE_SPN, android.telephony.data.ApnSetting.MVNO_TYPE_IMSI, android.telephony.data.ApnSetting.MVNO_TYPE_GID, android.telephony.data.ApnSetting.MVNO_TYPE_ICCID}" />
    </annotation>
  </item>
  <item name="android.telephony.data.ApnSetting.Builder android.telephony.data.ApnSetting.Builder setProtocol(int) 0">
    <annotation name="androidx.annotation.IntDef">
      <val name="value" val="{android.telephony.data.ApnSetting.PROTOCOL_IP, android.telephony.data.ApnSetting.PROTOCOL_IPV6, android.telephony.data.ApnSetting.PROTOCOL_IPV4V6, android.telephony.data.ApnSetting.PROTOCOL_PPP, android.telephony.data.ApnSetting.PROTOCOL_NON_IP, android.telephony.data.ApnSetting.PROTOCOL_UNSTRUCTURED}" />
    </annotation>
  </item>
  <item name="android.telephony.data.ApnSetting.Builder android.telephony.data.ApnSetting.Builder setRoamingProtocol(int) 0">
    <annotation name="androidx.annotation.IntDef">
      <val name="value" val="{android.telephony.data.ApnSetting.PROTOCOL_IP, android.telephony.data.ApnSetting.PROTOCOL_IPV6, android.telephony.data.ApnSetting.PROTOCOL_IPV4V6, android.telephony.data.ApnSetting.PROTOCOL_PPP, android.telephony.data.ApnSetting.PROTOCOL_NON_IP, android.telephony.data.ApnSetting.PROTOCOL_UNSTRUCTURED}" />
    </annotation>
  </item>
  <item name="android.telephony.data.DataCallResponse int getCause()">
    <annotation name="androidx.annotation.IntDef">
      <val name="value" val="{android.telephony.DataFailCause.NONE, android.telephony.DataFailCause.OPERATOR_BARRED, android.telephony.DataFailCause.NAS_SIGNALLING, android.telephony.DataFailCause.LLC_SNDCP, android.telephony.DataFailCause.INSUFFICIENT_RESOURCES, android.telephony.DataFailCause.MISSING_UNKNOWN_APN, android.telephony.DataFailCause.UNKNOWN_PDP_ADDRESS_TYPE, android.telephony.DataFailCause.USER_AUTHENTICATION, android.telephony.DataFailCause.ACTIVATION_REJECT_GGSN, android.telephony.DataFailCause.ACTIVATION_REJECT_UNSPECIFIED, android.telephony.DataFailCause.SERVICE_OPTION_NOT_SUPPORTED, android.telephony.DataFailCause.SERVICE_OPTION_NOT_SUBSCRIBED, android.telephony.DataFailCause.SERVICE_OPTION_OUT_OF_ORDER, android.telephony.DataFailCause.NSAPI_IN_USE, android.telephony.DataFailCause.REGULAR_DEACTIVATION, android.telephony.DataFailCause.QOS_NOT_ACCEPTED, android.telephony.DataFailCause.NETWORK_FAILURE, android.telephony.DataFailCause.UMTS_REACTIVATION_REQ, android.telephony.DataFailCause.FEATURE_NOT_SUPP, android.telephony.DataFailCause.TFT_SEMANTIC_ERROR, android.telephony.DataFailCause.TFT_SYTAX_ERROR, android.telephony.DataFailCause.UNKNOWN_PDP_CONTEXT, android.telephony.DataFailCause.FILTER_SEMANTIC_ERROR, android.telephony.DataFailCause.FILTER_SYTAX_ERROR, android.telephony.DataFailCause.PDP_WITHOUT_ACTIVE_TFT, android.telephony.DataFailCause.ACTIVATION_REJECTED_BCM_VIOLATION, android.telephony.DataFailCause.ONLY_IPV4_ALLOWED, android.telephony.DataFailCause.ONLY_IPV6_ALLOWED, android.telephony.DataFailCause.ONLY_SINGLE_BEARER_ALLOWED, android.telephony.DataFailCause.ESM_INFO_NOT_RECEIVED, android.telephony.DataFailCause.PDN_CONN_DOES_NOT_EXIST, android.telephony.DataFailCause.MULTI_CONN_TO_SAME_PDN_NOT_ALLOWED, android.telephony.DataFailCause.COLLISION_WITH_NETWORK_INITIATED_REQUEST, android.telephony.DataFailCause.ONLY_IPV4V6_ALLOWED, android.telephony.DataFailCause.ONLY_NON_IP_ALLOWED, android.telephony.DataFailCause.UNSUPPORTED_QCI_VALUE, android.telephony.DataFailCause.BEARER_HANDLING_NOT_SUPPORTED, android.telephony.DataFailCause.ACTIVE_PDP_CONTEXT_MAX_NUMBER_REACHED, android.telephony.DataFailCause.UNSUPPORTED_APN_IN_CURRENT_PLMN, android.telephony.DataFailCause.INVALID_TRANSACTION_ID, android.telephony.DataFailCause.MESSAGE_INCORRECT_SEMANTIC, android.telephony.DataFailCause.INVALID_MANDATORY_INFO, android.telephony.DataFailCause.MESSAGE_TYPE_UNSUPPORTED, android.telephony.DataFailCause.MSG_TYPE_NONCOMPATIBLE_STATE, android.telephony.DataFailCause.UNKNOWN_INFO_ELEMENT, android.telephony.DataFailCause.CONDITIONAL_IE_ERROR, android.telephony.DataFailCause.MSG_AND_PROTOCOL_STATE_UNCOMPATIBLE, android.telephony.DataFailCause.PROTOCOL_ERRORS, android.telephony.DataFailCause.APN_TYPE_CONFLICT, android.telephony.DataFailCause.INVALID_PCSCF_ADDR, android.telephony.DataFailCause.INTERNAL_CALL_PREEMPT_BY_HIGH_PRIO_APN, android.telephony.DataFailCause.EMM_ACCESS_BARRED, android.telephony.DataFailCause.EMERGENCY_IFACE_ONLY, android.telephony.DataFailCause.IFACE_MISMATCH, android.telephony.DataFailCause.COMPANION_IFACE_IN_USE, android.telephony.DataFailCause.IP_ADDRESS_MISMATCH, android.telephony.DataFailCause.IFACE_AND_POL_FAMILY_MISMATCH, android.telephony.DataFailCause.EMM_ACCESS_BARRED_INFINITE_RETRY, android.telephony.DataFailCause.AUTH_FAILURE_ON_EMERGENCY_CALL, android.telephony.DataFailCause.INVALID_DNS_ADDR, android.telephony.DataFailCause.INVALID_PCSCF_OR_DNS_ADDRESS, android.telephony.DataFailCause.CALL_PREEMPT_BY_EMERGENCY_APN, android.telephony.DataFailCause.UE_INITIATED_DETACH_OR_DISCONNECT, android.telephony.DataFailCause.MIP_FA_REASON_UNSPECIFIED, android.telephony.DataFailCause.MIP_FA_ADMIN_PROHIBITED, android.telephony.DataFailCause.MIP_FA_INSUFFICIENT_RESOURCES, android.telephony.DataFailCause.MIP_FA_MOBILE_NODE_AUTHENTICATION_FAILURE, android.telephony.DataFailCause.MIP_FA_HOME_AGENT_AUTHENTICATION_FAILURE, android.telephony.DataFailCause.MIP_FA_REQUESTED_LIFETIME_TOO_LONG, android.telephony.DataFailCause.MIP_FA_MALFORMED_REQUEST, android.telephony.DataFailCause.MIP_FA_MALFORMED_REPLY, android.telephony.DataFailCause.MIP_FA_ENCAPSULATION_UNAVAILABLE, android.telephony.DataFailCause.MIP_FA_VJ_HEADER_COMPRESSION_UNAVAILABLE, android.telephony.DataFailCause.MIP_FA_REVERSE_TUNNEL_UNAVAILABLE, android.telephony.DataFailCause.MIP_FA_REVERSE_TUNNEL_IS_MANDATORY, android.telephony.DataFailCause.MIP_FA_DELIVERY_STYLE_NOT_SUPPORTED, android.telephony.DataFailCause.MIP_FA_MISSING_NAI, android.telephony.DataFailCause.MIP_FA_MISSING_HOME_AGENT, android.telephony.DataFailCause.MIP_FA_MISSING_HOME_ADDRESS, android.telephony.DataFailCause.MIP_FA_UNKNOWN_CHALLENGE, android.telephony.DataFailCause.MIP_FA_MISSING_CHALLENGE, android.telephony.DataFailCause.MIP_FA_STALE_CHALLENGE, android.telephony.DataFailCause.MIP_HA_REASON_UNSPECIFIED, android.telephony.DataFailCause.MIP_HA_ADMIN_PROHIBITED, android.telephony.DataFailCause.MIP_HA_INSUFFICIENT_RESOURCES, android.telephony.DataFailCause.MIP_HA_MOBILE_NODE_AUTHENTICATION_FAILURE, android.telephony.DataFailCause.MIP_HA_FOREIGN_AGENT_AUTHENTICATION_FAILURE, android.telephony.DataFailCause.MIP_HA_REGISTRATION_ID_MISMATCH, android.telephony.DataFailCause.MIP_HA_MALFORMED_REQUEST, android.telephony.DataFailCause.MIP_HA_UNKNOWN_HOME_AGENT_ADDRESS, android.telephony.DataFailCause.MIP_HA_REVERSE_TUNNEL_UNAVAILABLE, android.telephony.DataFailCause.MIP_HA_REVERSE_TUNNEL_IS_MANDATORY, android.telephony.DataFailCause.MIP_HA_ENCAPSULATION_UNAVAILABLE, android.telephony.DataFailCause.CLOSE_IN_PROGRESS, android.telephony.DataFailCause.NETWORK_INITIATED_TERMINATION, android.telephony.DataFailCause.MODEM_APP_PREEMPTED, android.telephony.DataFailCause.PDN_IPV4_CALL_DISALLOWED, android.telephony.DataFailCause.PDN_IPV4_CALL_THROTTLED, android.telephony.DataFailCause.PDN_IPV6_CALL_DISALLOWED, android.telephony.DataFailCause.PDN_IPV6_CALL_THROTTLED, android.telephony.DataFailCause.MODEM_RESTART, android.telephony.DataFailCause.PDP_PPP_NOT_SUPPORTED, android.telephony.DataFailCause.UNPREFERRED_RAT, android.telephony.DataFailCause.PHYSICAL_LINK_CLOSE_IN_PROGRESS, android.telephony.DataFailCause.APN_PENDING_HANDOVER, android.telephony.DataFailCause.PROFILE_BEARER_INCOMPATIBLE, android.telephony.DataFailCause.SIM_CARD_CHANGED, android.telephony.DataFailCause.LOW_POWER_MODE_OR_POWERING_DOWN, android.telephony.DataFailCause.APN_DISABLED, android.telephony.DataFailCause.MAX_PPP_INACTIVITY_TIMER_EXPIRED, android.telephony.DataFailCause.IPV6_ADDRESS_TRANSFER_FAILED, android.telephony.DataFailCause.TRAT_SWAP_FAILED, android.telephony.DataFailCause.EHRPD_TO_HRPD_FALLBACK, android.telephony.DataFailCause.MIP_CONFIG_FAILURE, android.telephony.DataFailCause.PDN_INACTIVITY_TIMER_EXPIRED, android.telephony.DataFailCause.MAX_IPV4_CONNECTIONS, android.telephony.DataFailCause.MAX_IPV6_CONNECTIONS, android.telephony.DataFailCause.APN_MISMATCH, android.telephony.DataFailCause.IP_VERSION_MISMATCH, android.telephony.DataFailCause.DUN_CALL_DISALLOWED, android.telephony.DataFailCause.INTERNAL_EPC_NONEPC_TRANSITION, android.telephony.DataFailCause.INTERFACE_IN_USE, android.telephony.DataFailCause.APN_DISALLOWED_ON_ROAMING, android.telephony.DataFailCause.APN_PARAMETERS_CHANGED, android.telephony.DataFailCause.NULL_APN_DISALLOWED, android.telephony.DataFailCause.THERMAL_MITIGATION, android.telephony.DataFailCause.DATA_SETTINGS_DISABLED, android.telephony.DataFailCause.DATA_ROAMING_SETTINGS_DISABLED, android.telephony.DataFailCause.DDS_SWITCHED, android.telephony.DataFailCause.FORBIDDEN_APN_NAME, android.telephony.DataFailCause.DDS_SWITCH_IN_PROGRESS, android.telephony.DataFailCause.CALL_DISALLOWED_IN_ROAMING, android.telephony.DataFailCause.NON_IP_NOT_SUPPORTED, android.telephony.DataFailCause.PDN_NON_IP_CALL_THROTTLED, android.telephony.DataFailCause.PDN_NON_IP_CALL_DISALLOWED, android.telephony.DataFailCause.CDMA_LOCK, android.telephony.DataFailCause.CDMA_INTERCEPT, android.telephony.DataFailCause.CDMA_REORDER, android.telephony.DataFailCause.CDMA_RELEASE_DUE_TO_SO_REJECTION, android.telephony.DataFailCause.CDMA_INCOMING_CALL, android.telephony.DataFailCause.CDMA_ALERT_STOP, android.telephony.DataFailCause.CHANNEL_ACQUISITION_FAILURE, android.telephony.DataFailCause.MAX_ACCESS_PROBE, android.telephony.DataFailCause.CONCURRENT_SERVICE_NOT_SUPPORTED_BY_BASE_STATION, android.telephony.DataFailCause.NO_RESPONSE_FROM_BASE_STATION, android.telephony.DataFailCause.REJECTED_BY_BASE_STATION, android.telephony.DataFailCause.CONCURRENT_SERVICES_INCOMPATIBLE, android.telephony.DataFailCause.NO_CDMA_SERVICE, android.telephony.DataFailCause.RUIM_NOT_PRESENT, android.telephony.DataFailCause.CDMA_RETRY_ORDER, android.telephony.DataFailCause.ACCESS_BLOCK, android.telephony.DataFailCause.ACCESS_BLOCK_ALL, android.telephony.DataFailCause.IS707B_MAX_ACCESS_PROBES, android.telephony.DataFailCause.THERMAL_EMERGENCY, android.telephony.DataFailCause.CONCURRENT_SERVICES_NOT_ALLOWED, android.telephony.DataFailCause.INCOMING_CALL_REJECTED, android.telephony.DataFailCause.NO_SERVICE_ON_GATEWAY, android.telephony.DataFailCause.NO_GPRS_CONTEXT, android.telephony.DataFailCause.ILLEGAL_MS, android.telephony.DataFailCause.ILLEGAL_ME, android.telephony.DataFailCause.GPRS_SERVICES_AND_NON_GPRS_SERVICES_NOT_ALLOWED, android.telephony.DataFailCause.GPRS_SERVICES_NOT_ALLOWED, android.telephony.DataFailCause.MS_IDENTITY_CANNOT_BE_DERIVED_BY_THE_NETWORK, android.telephony.DataFailCause.IMPLICITLY_DETACHED, android.telephony.DataFailCause.PLMN_NOT_ALLOWED, android.telephony.DataFailCause.LOCATION_AREA_NOT_ALLOWED, android.telephony.DataFailCause.GPRS_SERVICES_NOT_ALLOWED_IN_THIS_PLMN, android.telephony.DataFailCause.PDP_DUPLICATE, android.telephony.DataFailCause.UE_RAT_CHANGE, android.telephony.DataFailCause.CONGESTION, android.telephony.DataFailCause.NO_PDP_CONTEXT_ACTIVATED, android.telephony.DataFailCause.ACCESS_CLASS_DSAC_REJECTION, android.telephony.DataFailCause.PDP_ACTIVATE_MAX_RETRY_FAILED, android.telephony.DataFailCause.RADIO_ACCESS_BEARER_FAILURE, android.telephony.DataFailCause.ESM_UNKNOWN_EPS_BEARER_CONTEXT, android.telephony.DataFailCause.DRB_RELEASED_BY_RRC, android.telephony.DataFailCause.CONNECTION_RELEASED, android.telephony.DataFailCause.EMM_DETACHED, android.telephony.DataFailCause.EMM_ATTACH_FAILED, android.telephony.DataFailCause.EMM_ATTACH_STARTED, android.telephony.DataFailCause.LTE_NAS_SERVICE_REQUEST_FAILED, android.telephony.DataFailCause.DUPLICATE_BEARER_ID, android.telephony.DataFailCause.ESM_COLLISION_SCENARIOS, android.telephony.DataFailCause.ESM_BEARER_DEACTIVATED_TO_SYNC_WITH_NETWORK, android.telephony.DataFailCause.ESM_NW_ACTIVATED_DED_BEARER_WITH_ID_OF_DEF_BEARER, android.telephony.DataFailCause.ESM_BAD_OTA_MESSAGE, android.telephony.DataFailCause.ESM_DOWNLOAD_SERVER_REJECTED_THE_CALL, android.telephony.DataFailCause.ESM_CONTEXT_TRANSFERRED_DUE_TO_IRAT, android.telephony.DataFailCause.DS_EXPLICIT_DEACTIVATION, android.telephony.DataFailCause.ESM_LOCAL_CAUSE_NONE, android.telephony.DataFailCause.LTE_THROTTLING_NOT_REQUIRED, android.telephony.DataFailCause.ACCESS_CONTROL_LIST_CHECK_FAILURE, android.telephony.DataFailCause.SERVICE_NOT_ALLOWED_ON_PLMN, android.telephony.DataFailCause.EMM_T3417_EXPIRED, android.telephony.DataFailCause.EMM_T3417_EXT_EXPIRED, android.telephony.DataFailCause.RRC_UPLINK_DATA_TRANSMISSION_FAILURE, android.telephony.DataFailCause.RRC_UPLINK_DELIVERY_FAILED_DUE_TO_HANDOVER, android.telephony.DataFailCause.RRC_UPLINK_CONNECTION_RELEASE, android.telephony.DataFailCause.RRC_UPLINK_RADIO_LINK_FAILURE, android.telephony.DataFailCause.RRC_UPLINK_ERROR_REQUEST_FROM_NAS, android.telephony.DataFailCause.RRC_CONNECTION_ACCESS_STRATUM_FAILURE, android.telephony.DataFailCause.RRC_CONNECTION_ANOTHER_PROCEDURE_IN_PROGRESS, android.telephony.DataFailCause.RRC_CONNECTION_ACCESS_BARRED, android.telephony.DataFailCause.RRC_CONNECTION_CELL_RESELECTION, android.telephony.DataFailCause.RRC_CONNECTION_CONFIG_FAILURE, android.telephony.DataFailCause.RRC_CONNECTION_TIMER_EXPIRED, android.telephony.DataFailCause.RRC_CONNECTION_LINK_FAILURE, android.telephony.DataFailCause.RRC_CONNECTION_CELL_NOT_CAMPED, android.telephony.DataFailCause.RRC_CONNECTION_SYSTEM_INTERVAL_FAILURE, android.telephony.DataFailCause.RRC_CONNECTION_REJECT_BY_NETWORK, android.telephony.DataFailCause.RRC_CONNECTION_NORMAL_RELEASE, android.telephony.DataFailCause.RRC_CONNECTION_RADIO_LINK_FAILURE, android.telephony.DataFailCause.RRC_CONNECTION_REESTABLISHMENT_FAILURE, android.telephony.DataFailCause.RRC_CONNECTION_OUT_OF_SERVICE_DURING_CELL_REGISTER, android.telephony.DataFailCause.RRC_CONNECTION_ABORT_REQUEST, android.telephony.DataFailCause.RRC_CONNECTION_SYSTEM_INFORMATION_BLOCK_READ_ERROR, android.telephony.DataFailCause.NETWORK_INITIATED_DETACH_WITH_AUTO_REATTACH, android.telephony.DataFailCause.NETWORK_INITIATED_DETACH_NO_AUTO_REATTACH, android.telephony.DataFailCause.ESM_PROCEDURE_TIME_OUT, android.telephony.DataFailCause.INVALID_CONNECTION_ID, android.telephony.DataFailCause.MAXIMIUM_NSAPIS_EXCEEDED, android.telephony.DataFailCause.INVALID_PRIMARY_NSAPI, android.telephony.DataFailCause.CANNOT_ENCODE_OTA_MESSAGE, android.telephony.DataFailCause.RADIO_ACCESS_BEARER_SETUP_FAILURE, android.telephony.DataFailCause.PDP_ESTABLISH_TIMEOUT_EXPIRED, android.telephony.DataFailCause.PDP_MODIFY_TIMEOUT_EXPIRED, android.telephony.DataFailCause.PDP_INACTIVE_TIMEOUT_EXPIRED, android.telephony.DataFailCause.PDP_LOWERLAYER_ERROR, android.telephony.DataFailCause.PDP_MODIFY_COLLISION, android.telephony.DataFailCause.MAXINUM_SIZE_OF_L2_MESSAGE_EXCEEDED, android.telephony.DataFailCause.NAS_REQUEST_REJECTED_BY_NETWORK, android.telephony.DataFailCause.RRC_CONNECTION_INVALID_REQUEST, android.telephony.DataFailCause.RRC_CONNECTION_TRACKING_AREA_ID_CHANGED, android.telephony.DataFailCause.RRC_CONNECTION_RF_UNAVAILABLE, android.telephony.DataFailCause.RRC_CONNECTION_ABORTED_DUE_TO_IRAT_CHANGE, android.telephony.DataFailCause.RRC_CONNECTION_RELEASED_SECURITY_NOT_ACTIVE, android.telephony.DataFailCause.RRC_CONNECTION_ABORTED_AFTER_HANDOVER, android.telephony.DataFailCause.RRC_CONNECTION_ABORTED_AFTER_IRAT_CELL_CHANGE, android.telephony.DataFailCause.RRC_CONNECTION_ABORTED_DURING_IRAT_CELL_CHANGE, android.telephony.DataFailCause.IMSI_UNKNOWN_IN_HOME_SUBSCRIBER_SERVER, android.telephony.DataFailCause.IMEI_NOT_ACCEPTED, android.telephony.DataFailCause.EPS_SERVICES_AND_NON_EPS_SERVICES_NOT_ALLOWED, android.telephony.DataFailCause.EPS_SERVICES_NOT_ALLOWED_IN_PLMN, android.telephony.DataFailCause.MSC_TEMPORARILY_NOT_REACHABLE, android.telephony.DataFailCause.CS_DOMAIN_NOT_AVAILABLE, android.telephony.DataFailCause.ESM_FAILURE, android.telephony.DataFailCause.MAC_FAILURE, android.telephony.DataFailCause.SYNCHRONIZATION_FAILURE, android.telephony.DataFailCause.UE_SECURITY_CAPABILITIES_MISMATCH, android.telephony.DataFailCause.SECURITY_MODE_REJECTED, android.telephony.DataFailCause.UNACCEPTABLE_NON_EPS_AUTHENTICATION, android.telephony.DataFailCause.CS_FALLBACK_CALL_ESTABLISHMENT_NOT_ALLOWED, android.telephony.DataFailCause.NO_EPS_BEARER_CONTEXT_ACTIVATED, android.telephony.DataFailCause.INVALID_EMM_STATE, android.telephony.DataFailCause.NAS_LAYER_FAILURE, android.telephony.DataFailCause.MULTIPLE_PDP_CALL_NOT_ALLOWED, android.telephony.DataFailCause.EMBMS_NOT_ENABLED, android.telephony.DataFailCause.IRAT_HANDOVER_FAILED, android.telephony.DataFailCause.EMBMS_REGULAR_DEACTIVATION, android.telephony.DataFailCause.TEST_LOOPBACK_REGULAR_DEACTIVATION, android.telephony.DataFailCause.LOWER_LAYER_REGISTRATION_FAILURE, android.telephony.DataFailCause.DATA_PLAN_EXPIRED, android.telephony.DataFailCause.UMTS_HANDOVER_TO_IWLAN, android.telephony.DataFailCause.EVDO_CONNECTION_DENY_BY_GENERAL_OR_NETWORK_BUSY, android.telephony.DataFailCause.EVDO_CONNECTION_DENY_BY_BILLING_OR_AUTHENTICATION_FAILURE, android.telephony.DataFailCause.EVDO_HDR_CHANGED, android.telephony.DataFailCause.EVDO_HDR_EXITED, android.telephony.DataFailCause.EVDO_HDR_NO_SESSION, android.telephony.DataFailCause.EVDO_USING_GPS_FIX_INSTEAD_OF_HDR_CALL, android.telephony.DataFailCause.EVDO_HDR_CONNECTION_SETUP_TIMEOUT, android.telephony.DataFailCause.FAILED_TO_ACQUIRE_COLOCATED_HDR, android.telephony.DataFailCause.OTASP_COMMIT_IN_PROGRESS, android.telephony.DataFailCause.NO_HYBRID_HDR_SERVICE, android.telephony.DataFailCause.HDR_NO_LOCK_GRANTED, android.telephony.DataFailCause.DBM_OR_SMS_IN_PROGRESS, android.telephony.DataFailCause.HDR_FADE, android.telephony.DataFailCause.HDR_ACCESS_FAILURE, android.telephony.DataFailCause.UNSUPPORTED_1X_PREV, android.telephony.DataFailCause.LOCAL_END, android.telephony.DataFailCause.NO_SERVICE, android.telephony.DataFailCause.FADE, android.telephony.DataFailCause.NORMAL_RELEASE, android.telephony.DataFailCause.ACCESS_ATTEMPT_ALREADY_IN_PROGRESS, android.telephony.DataFailCause.REDIRECTION_OR_HANDOFF_IN_PROGRESS, android.telephony.DataFailCause.EMERGENCY_MODE, android.telephony.DataFailCause.PHONE_IN_USE, android.telephony.DataFailCause.INVALID_MODE, android.telephony.DataFailCause.INVALID_SIM_STATE, android.telephony.DataFailCause.NO_COLLOCATED_HDR, android.telephony.DataFailCause.UE_IS_ENTERING_POWERSAVE_MODE, android.telephony.DataFailCause.DUAL_SWITCH, android.telephony.DataFailCause.PPP_TIMEOUT, android.telephony.DataFailCause.PPP_AUTH_FAILURE, android.telephony.DataFailCause.PPP_OPTION_MISMATCH, android.telephony.DataFailCause.PPP_PAP_FAILURE, android.telephony.DataFailCause.PPP_CHAP_FAILURE, android.telephony.DataFailCause.PPP_CLOSE_IN_PROGRESS, android.telephony.DataFailCause.LIMITED_TO_IPV4, android.telephony.DataFailCause.LIMITED_TO_IPV6, android.telephony.DataFailCause.VSNCP_TIMEOUT, android.telephony.DataFailCause.VSNCP_GEN_ERROR, android.telephony.DataFailCause.VSNCP_APN_UNAUTHORIZED, android.telephony.DataFailCause.VSNCP_PDN_LIMIT_EXCEEDED, android.telephony.DataFailCause.VSNCP_NO_PDN_GATEWAY_ADDRESS, android.telephony.DataFailCause.VSNCP_PDN_GATEWAY_UNREACHABLE, android.telephony.DataFailCause.VSNCP_PDN_GATEWAY_REJECT, android.telephony.DataFailCause.VSNCP_INSUFFICIENT_PARAMETERS, android.telephony.DataFailCause.VSNCP_RESOURCE_UNAVAILABLE, android.telephony.DataFailCause.VSNCP_ADMINISTRATIVELY_PROHIBITED, android.telephony.DataFailCause.VSNCP_PDN_ID_IN_USE, android.telephony.DataFailCause.VSNCP_SUBSCRIBER_LIMITATION, android.telephony.DataFailCause.VSNCP_PDN_EXISTS_FOR_THIS_APN, android.telephony.DataFailCause.VSNCP_RECONNECT_NOT_ALLOWED, android.telephony.DataFailCause.IPV6_PREFIX_UNAVAILABLE, android.telephony.DataFailCause.HANDOFF_PREFERENCE_CHANGED, android.telephony.DataFailCause.SLICE_REJECTED, android.telephony.DataFailCause.MATCH_ALL_RULE_NOT_ALLOWED, android.telephony.DataFailCause.ALL_MATCHING_RULES_FAILED, android.telephony.DataFailCause.OEM_DCFAILCAUSE_1, android.telephony.DataFailCause.OEM_DCFAILCAUSE_2, android.telephony.DataFailCause.OEM_DCFAILCAUSE_3, android.telephony.DataFailCause.OEM_DCFAILCAUSE_4, android.telephony.DataFailCause.OEM_DCFAILCAUSE_5, android.telephony.DataFailCause.OEM_DCFAILCAUSE_6, android.telephony.DataFailCause.OEM_DCFAILCAUSE_7, android.telephony.DataFailCause.OEM_DCFAILCAUSE_8, android.telephony.DataFailCause.OEM_DCFAILCAUSE_9, android.telephony.DataFailCause.OEM_DCFAILCAUSE_10, android.telephony.DataFailCause.OEM_DCFAILCAUSE_11, android.telephony.DataFailCause.OEM_DCFAILCAUSE_12, android.telephony.DataFailCause.OEM_DCFAILCAUSE_13, android.telephony.DataFailCause.OEM_DCFAILCAUSE_14, android.telephony.DataFailCause.OEM_DCFAILCAUSE_15, android.telephony.DataFailCause.REGISTRATION_FAIL, android.telephony.DataFailCause.GPRS_REGISTRATION_FAIL, android.telephony.DataFailCause.SIGNAL_LOST, android.telephony.DataFailCause.PREF_RADIO_TECH_CHANGED, android.telephony.DataFailCause.RADIO_POWER_OFF, android.telephony.DataFailCause.TETHERED_CALL_ACTIVE, android.telephony.DataFailCause.ERROR_UNSPECIFIED, android.telephony.DataFailCause.UNKNOWN, android.telephony.DataFailCause.RADIO_NOT_AVAILABLE, android.telephony.DataFailCause.UNACCEPTABLE_NETWORK_PARAMETER, android.telephony.DataFailCause.LOST_CONNECTION}" />
    </annotation>
  </item>
  <item name="android.telephony.data.DataCallResponse int getHandoverFailureMode()">
    <annotation name="androidx.annotation.IntDef">
      <val name="value" val="{android.telephony.data.DataCallResponse.HANDOVER_FAILURE_MODE_UNKNOWN, android.telephony.data.DataCallResponse.HANDOVER_FAILURE_MODE_LEGACY, android.telephony.data.DataCallResponse.HANDOVER_FAILURE_MODE_DO_FALLBACK, android.telephony.data.DataCallResponse.HANDOVER_FAILURE_MODE_NO_FALLBACK_RETRY_HANDOVER, android.telephony.data.DataCallResponse.HANDOVER_FAILURE_MODE_NO_FALLBACK_RETRY_SETUP_NORMAL}" />
    </annotation>
  </item>
  <item name="android.telephony.data.DataCallResponse int getLinkStatus()">
    <annotation name="androidx.annotation.IntDef">
      <val name="value" val="{android.telephony.data.DataCallResponse.LINK_STATUS_UNKNOWN, android.telephony.data.DataCallResponse.LINK_STATUS_INACTIVE, android.telephony.data.DataCallResponse.LINK_STATUS_DORMANT, android.telephony.data.DataCallResponse.LINK_STATUS_ACTIVE}" />
    </annotation>
  </item>
  <item name="android.telephony.data.DataCallResponse int getProtocolType()">
    <annotation name="androidx.annotation.IntDef">
      <val name="value" val="{android.telephony.data.ApnSetting.PROTOCOL_IP, android.telephony.data.ApnSetting.PROTOCOL_IPV6, android.telephony.data.ApnSetting.PROTOCOL_IPV4V6, android.telephony.data.ApnSetting.PROTOCOL_PPP, android.telephony.data.ApnSetting.PROTOCOL_NON_IP, android.telephony.data.ApnSetting.PROTOCOL_UNSTRUCTURED}" />
    </annotation>
  </item>
  <item name="android.telephony.data.DataCallResponse.Builder android.telephony.data.DataCallResponse.Builder setCause(int) 0">
    <annotation name="androidx.annotation.IntDef">
      <val name="value" val="{android.telephony.DataFailCause.NONE, android.telephony.DataFailCause.OPERATOR_BARRED, android.telephony.DataFailCause.NAS_SIGNALLING, android.telephony.DataFailCause.LLC_SNDCP, android.telephony.DataFailCause.INSUFFICIENT_RESOURCES, android.telephony.DataFailCause.MISSING_UNKNOWN_APN, android.telephony.DataFailCause.UNKNOWN_PDP_ADDRESS_TYPE, android.telephony.DataFailCause.USER_AUTHENTICATION, android.telephony.DataFailCause.ACTIVATION_REJECT_GGSN, android.telephony.DataFailCause.ACTIVATION_REJECT_UNSPECIFIED, android.telephony.DataFailCause.SERVICE_OPTION_NOT_SUPPORTED, android.telephony.DataFailCause.SERVICE_OPTION_NOT_SUBSCRIBED, android.telephony.DataFailCause.SERVICE_OPTION_OUT_OF_ORDER, android.telephony.DataFailCause.NSAPI_IN_USE, android.telephony.DataFailCause.REGULAR_DEACTIVATION, android.telephony.DataFailCause.QOS_NOT_ACCEPTED, android.telephony.DataFailCause.NETWORK_FAILURE, android.telephony.DataFailCause.UMTS_REACTIVATION_REQ, android.telephony.DataFailCause.FEATURE_NOT_SUPP, android.telephony.DataFailCause.TFT_SEMANTIC_ERROR, android.telephony.DataFailCause.TFT_SYTAX_ERROR, android.telephony.DataFailCause.UNKNOWN_PDP_CONTEXT, android.telephony.DataFailCause.FILTER_SEMANTIC_ERROR, android.telephony.DataFailCause.FILTER_SYTAX_ERROR, android.telephony.DataFailCause.PDP_WITHOUT_ACTIVE_TFT, android.telephony.DataFailCause.ACTIVATION_REJECTED_BCM_VIOLATION, android.telephony.DataFailCause.ONLY_IPV4_ALLOWED, android.telephony.DataFailCause.ONLY_IPV6_ALLOWED, android.telephony.DataFailCause.ONLY_SINGLE_BEARER_ALLOWED, android.telephony.DataFailCause.ESM_INFO_NOT_RECEIVED, android.telephony.DataFailCause.PDN_CONN_DOES_NOT_EXIST, android.telephony.DataFailCause.MULTI_CONN_TO_SAME_PDN_NOT_ALLOWED, android.telephony.DataFailCause.COLLISION_WITH_NETWORK_INITIATED_REQUEST, android.telephony.DataFailCause.ONLY_IPV4V6_ALLOWED, android.telephony.DataFailCause.ONLY_NON_IP_ALLOWED, android.telephony.DataFailCause.UNSUPPORTED_QCI_VALUE, android.telephony.DataFailCause.BEARER_HANDLING_NOT_SUPPORTED, android.telephony.DataFailCause.ACTIVE_PDP_CONTEXT_MAX_NUMBER_REACHED, android.telephony.DataFailCause.UNSUPPORTED_APN_IN_CURRENT_PLMN, android.telephony.DataFailCause.INVALID_TRANSACTION_ID, android.telephony.DataFailCause.MESSAGE_INCORRECT_SEMANTIC, android.telephony.DataFailCause.INVALID_MANDATORY_INFO, android.telephony.DataFailCause.MESSAGE_TYPE_UNSUPPORTED, android.telephony.DataFailCause.MSG_TYPE_NONCOMPATIBLE_STATE, android.telephony.DataFailCause.UNKNOWN_INFO_ELEMENT, android.telephony.DataFailCause.CONDITIONAL_IE_ERROR, android.telephony.DataFailCause.MSG_AND_PROTOCOL_STATE_UNCOMPATIBLE, android.telephony.DataFailCause.PROTOCOL_ERRORS, android.telephony.DataFailCause.APN_TYPE_CONFLICT, android.telephony.DataFailCause.INVALID_PCSCF_ADDR, android.telephony.DataFailCause.INTERNAL_CALL_PREEMPT_BY_HIGH_PRIO_APN, android.telephony.DataFailCause.EMM_ACCESS_BARRED, android.telephony.DataFailCause.EMERGENCY_IFACE_ONLY, android.telephony.DataFailCause.IFACE_MISMATCH, android.telephony.DataFailCause.COMPANION_IFACE_IN_USE, android.telephony.DataFailCause.IP_ADDRESS_MISMATCH, android.telephony.DataFailCause.IFACE_AND_POL_FAMILY_MISMATCH, android.telephony.DataFailCause.EMM_ACCESS_BARRED_INFINITE_RETRY, android.telephony.DataFailCause.AUTH_FAILURE_ON_EMERGENCY_CALL, android.telephony.DataFailCause.INVALID_DNS_ADDR, android.telephony.DataFailCause.INVALID_PCSCF_OR_DNS_ADDRESS, android.telephony.DataFailCause.CALL_PREEMPT_BY_EMERGENCY_APN, android.telephony.DataFailCause.UE_INITIATED_DETACH_OR_DISCONNECT, android.telephony.DataFailCause.MIP_FA_REASON_UNSPECIFIED, android.telephony.DataFailCause.MIP_FA_ADMIN_PROHIBITED, android.telephony.DataFailCause.MIP_FA_INSUFFICIENT_RESOURCES, android.telephony.DataFailCause.MIP_FA_MOBILE_NODE_AUTHENTICATION_FAILURE, android.telephony.DataFailCause.MIP_FA_HOME_AGENT_AUTHENTICATION_FAILURE, android.telephony.DataFailCause.MIP_FA_REQUESTED_LIFETIME_TOO_LONG, android.telephony.DataFailCause.MIP_FA_MALFORMED_REQUEST, android.telephony.DataFailCause.MIP_FA_MALFORMED_REPLY, android.telephony.DataFailCause.MIP_FA_ENCAPSULATION_UNAVAILABLE, android.telephony.DataFailCause.MIP_FA_VJ_HEADER_COMPRESSION_UNAVAILABLE, android.telephony.DataFailCause.MIP_FA_REVERSE_TUNNEL_UNAVAILABLE, android.telephony.DataFailCause.MIP_FA_REVERSE_TUNNEL_IS_MANDATORY, android.telephony.DataFailCause.MIP_FA_DELIVERY_STYLE_NOT_SUPPORTED, android.telephony.DataFailCause.MIP_FA_MISSING_NAI, android.telephony.DataFailCause.MIP_FA_MISSING_HOME_AGENT, android.telephony.DataFailCause.MIP_FA_MISSING_HOME_ADDRESS, android.telephony.DataFailCause.MIP_FA_UNKNOWN_CHALLENGE, android.telephony.DataFailCause.MIP_FA_MISSING_CHALLENGE, android.telephony.DataFailCause.MIP_FA_STALE_CHALLENGE, android.telephony.DataFailCause.MIP_HA_REASON_UNSPECIFIED, android.telephony.DataFailCause.MIP_HA_ADMIN_PROHIBITED, android.telephony.DataFailCause.MIP_HA_INSUFFICIENT_RESOURCES, android.telephony.DataFailCause.MIP_HA_MOBILE_NODE_AUTHENTICATION_FAILURE, android.telephony.DataFailCause.MIP_HA_FOREIGN_AGENT_AUTHENTICATION_FAILURE, android.telephony.DataFailCause.MIP_HA_REGISTRATION_ID_MISMATCH, android.telephony.DataFailCause.MIP_HA_MALFORMED_REQUEST, android.telephony.DataFailCause.MIP_HA_UNKNOWN_HOME_AGENT_ADDRESS, android.telephony.DataFailCause.MIP_HA_REVERSE_TUNNEL_UNAVAILABLE, android.telephony.DataFailCause.MIP_HA_REVERSE_TUNNEL_IS_MANDATORY, android.telephony.DataFailCause.MIP_HA_ENCAPSULATION_UNAVAILABLE, android.telephony.DataFailCause.CLOSE_IN_PROGRESS, android.telephony.DataFailCause.NETWORK_INITIATED_TERMINATION, android.telephony.DataFailCause.MODEM_APP_PREEMPTED, android.telephony.DataFailCause.PDN_IPV4_CALL_DISALLOWED, android.telephony.DataFailCause.PDN_IPV4_CALL_THROTTLED, android.telephony.DataFailCause.PDN_IPV6_CALL_DISALLOWED, android.telephony.DataFailCause.PDN_IPV6_CALL_THROTTLED, android.telephony.DataFailCause.MODEM_RESTART, android.telephony.DataFailCause.PDP_PPP_NOT_SUPPORTED, android.telephony.DataFailCause.UNPREFERRED_RAT, android.telephony.DataFailCause.PHYSICAL_LINK_CLOSE_IN_PROGRESS, android.telephony.DataFailCause.APN_PENDING_HANDOVER, android.telephony.DataFailCause.PROFILE_BEARER_INCOMPATIBLE, android.telephony.DataFailCause.SIM_CARD_CHANGED, android.telephony.DataFailCause.LOW_POWER_MODE_OR_POWERING_DOWN, android.telephony.DataFailCause.APN_DISABLED, android.telephony.DataFailCause.MAX_PPP_INACTIVITY_TIMER_EXPIRED, android.telephony.DataFailCause.IPV6_ADDRESS_TRANSFER_FAILED, android.telephony.DataFailCause.TRAT_SWAP_FAILED, android.telephony.DataFailCause.EHRPD_TO_HRPD_FALLBACK, android.telephony.DataFailCause.MIP_CONFIG_FAILURE, android.telephony.DataFailCause.PDN_INACTIVITY_TIMER_EXPIRED, android.telephony.DataFailCause.MAX_IPV4_CONNECTIONS, android.telephony.DataFailCause.MAX_IPV6_CONNECTIONS, android.telephony.DataFailCause.APN_MISMATCH, android.telephony.DataFailCause.IP_VERSION_MISMATCH, android.telephony.DataFailCause.DUN_CALL_DISALLOWED, android.telephony.DataFailCause.INTERNAL_EPC_NONEPC_TRANSITION, android.telephony.DataFailCause.INTERFACE_IN_USE, android.telephony.DataFailCause.APN_DISALLOWED_ON_ROAMING, android.telephony.DataFailCause.APN_PARAMETERS_CHANGED, android.telephony.DataFailCause.NULL_APN_DISALLOWED, android.telephony.DataFailCause.THERMAL_MITIGATION, android.telephony.DataFailCause.DATA_SETTINGS_DISABLED, android.telephony.DataFailCause.DATA_ROAMING_SETTINGS_DISABLED, android.telephony.DataFailCause.DDS_SWITCHED, android.telephony.DataFailCause.FORBIDDEN_APN_NAME, android.telephony.DataFailCause.DDS_SWITCH_IN_PROGRESS, android.telephony.DataFailCause.CALL_DISALLOWED_IN_ROAMING, android.telephony.DataFailCause.NON_IP_NOT_SUPPORTED, android.telephony.DataFailCause.PDN_NON_IP_CALL_THROTTLED, android.telephony.DataFailCause.PDN_NON_IP_CALL_DISALLOWED, android.telephony.DataFailCause.CDMA_LOCK, android.telephony.DataFailCause.CDMA_INTERCEPT, android.telephony.DataFailCause.CDMA_REORDER, android.telephony.DataFailCause.CDMA_RELEASE_DUE_TO_SO_REJECTION, android.telephony.DataFailCause.CDMA_INCOMING_CALL, android.telephony.DataFailCause.CDMA_ALERT_STOP, android.telephony.DataFailCause.CHANNEL_ACQUISITION_FAILURE, android.telephony.DataFailCause.MAX_ACCESS_PROBE, android.telephony.DataFailCause.CONCURRENT_SERVICE_NOT_SUPPORTED_BY_BASE_STATION, android.telephony.DataFailCause.NO_RESPONSE_FROM_BASE_STATION, android.telephony.DataFailCause.REJECTED_BY_BASE_STATION, android.telephony.DataFailCause.CONCURRENT_SERVICES_INCOMPATIBLE, android.telephony.DataFailCause.NO_CDMA_SERVICE, android.telephony.DataFailCause.RUIM_NOT_PRESENT, android.telephony.DataFailCause.CDMA_RETRY_ORDER, android.telephony.DataFailCause.ACCESS_BLOCK, android.telephony.DataFailCause.ACCESS_BLOCK_ALL, android.telephony.DataFailCause.IS707B_MAX_ACCESS_PROBES, android.telephony.DataFailCause.THERMAL_EMERGENCY, android.telephony.DataFailCause.CONCURRENT_SERVICES_NOT_ALLOWED, android.telephony.DataFailCause.INCOMING_CALL_REJECTED, android.telephony.DataFailCause.NO_SERVICE_ON_GATEWAY, android.telephony.DataFailCause.NO_GPRS_CONTEXT, android.telephony.DataFailCause.ILLEGAL_MS, android.telephony.DataFailCause.ILLEGAL_ME, android.telephony.DataFailCause.GPRS_SERVICES_AND_NON_GPRS_SERVICES_NOT_ALLOWED, android.telephony.DataFailCause.GPRS_SERVICES_NOT_ALLOWED, android.telephony.DataFailCause.MS_IDENTITY_CANNOT_BE_DERIVED_BY_THE_NETWORK, android.telephony.DataFailCause.IMPLICITLY_DETACHED, android.telephony.DataFailCause.PLMN_NOT_ALLOWED, android.telephony.DataFailCause.LOCATION_AREA_NOT_ALLOWED, android.telephony.DataFailCause.GPRS_SERVICES_NOT_ALLOWED_IN_THIS_PLMN, android.telephony.DataFailCause.PDP_DUPLICATE, android.telephony.DataFailCause.UE_RAT_CHANGE, android.telephony.DataFailCause.CONGESTION, android.telephony.DataFailCause.NO_PDP_CONTEXT_ACTIVATED, android.telephony.DataFailCause.ACCESS_CLASS_DSAC_REJECTION, android.telephony.DataFailCause.PDP_ACTIVATE_MAX_RETRY_FAILED, android.telephony.DataFailCause.RADIO_ACCESS_BEARER_FAILURE, android.telephony.DataFailCause.ESM_UNKNOWN_EPS_BEARER_CONTEXT, android.telephony.DataFailCause.DRB_RELEASED_BY_RRC, android.telephony.DataFailCause.CONNECTION_RELEASED, android.telephony.DataFailCause.EMM_DETACHED, android.telephony.DataFailCause.EMM_ATTACH_FAILED, android.telephony.DataFailCause.EMM_ATTACH_STARTED, android.telephony.DataFailCause.LTE_NAS_SERVICE_REQUEST_FAILED, android.telephony.DataFailCause.DUPLICATE_BEARER_ID, android.telephony.DataFailCause.ESM_COLLISION_SCENARIOS, android.telephony.DataFailCause.ESM_BEARER_DEACTIVATED_TO_SYNC_WITH_NETWORK, android.telephony.DataFailCause.ESM_NW_ACTIVATED_DED_BEARER_WITH_ID_OF_DEF_BEARER, android.telephony.DataFailCause.ESM_BAD_OTA_MESSAGE, android.telephony.DataFailCause.ESM_DOWNLOAD_SERVER_REJECTED_THE_CALL, android.telephony.DataFailCause.ESM_CONTEXT_TRANSFERRED_DUE_TO_IRAT, android.telephony.DataFailCause.DS_EXPLICIT_DEACTIVATION, android.telephony.DataFailCause.ESM_LOCAL_CAUSE_NONE, android.telephony.DataFailCause.LTE_THROTTLING_NOT_REQUIRED, android.telephony.DataFailCause.ACCESS_CONTROL_LIST_CHECK_FAILURE, android.telephony.DataFailCause.SERVICE_NOT_ALLOWED_ON_PLMN, android.telephony.DataFailCause.EMM_T3417_EXPIRED, android.telephony.DataFailCause.EMM_T3417_EXT_EXPIRED, android.telephony.DataFailCause.RRC_UPLINK_DATA_TRANSMISSION_FAILURE, android.telephony.DataFailCause.RRC_UPLINK_DELIVERY_FAILED_DUE_TO_HANDOVER, android.telephony.DataFailCause.RRC_UPLINK_CONNECTION_RELEASE, android.telephony.DataFailCause.RRC_UPLINK_RADIO_LINK_FAILURE, android.telephony.DataFailCause.RRC_UPLINK_ERROR_REQUEST_FROM_NAS, android.telephony.DataFailCause.RRC_CONNECTION_ACCESS_STRATUM_FAILURE, android.telephony.DataFailCause.RRC_CONNECTION_ANOTHER_PROCEDURE_IN_PROGRESS, android.telephony.DataFailCause.RRC_CONNECTION_ACCESS_BARRED, android.telephony.DataFailCause.RRC_CONNECTION_CELL_RESELECTION, android.telephony.DataFailCause.RRC_CONNECTION_CONFIG_FAILURE, android.telephony.DataFailCause.RRC_CONNECTION_TIMER_EXPIRED, android.telephony.DataFailCause.RRC_CONNECTION_LINK_FAILURE, android.telephony.DataFailCause.RRC_CONNECTION_CELL_NOT_CAMPED, android.telephony.DataFailCause.RRC_CONNECTION_SYSTEM_INTERVAL_FAILURE, android.telephony.DataFailCause.RRC_CONNECTION_REJECT_BY_NETWORK, android.telephony.DataFailCause.RRC_CONNECTION_NORMAL_RELEASE, android.telephony.DataFailCause.RRC_CONNECTION_RADIO_LINK_FAILURE, android.telephony.DataFailCause.RRC_CONNECTION_REESTABLISHMENT_FAILURE, android.telephony.DataFailCause.RRC_CONNECTION_OUT_OF_SERVICE_DURING_CELL_REGISTER, android.telephony.DataFailCause.RRC_CONNECTION_ABORT_REQUEST, android.telephony.DataFailCause.RRC_CONNECTION_SYSTEM_INFORMATION_BLOCK_READ_ERROR, android.telephony.DataFailCause.NETWORK_INITIATED_DETACH_WITH_AUTO_REATTACH, android.telephony.DataFailCause.NETWORK_INITIATED_DETACH_NO_AUTO_REATTACH, android.telephony.DataFailCause.ESM_PROCEDURE_TIME_OUT, android.telephony.DataFailCause.INVALID_CONNECTION_ID, android.telephony.DataFailCause.MAXIMIUM_NSAPIS_EXCEEDED, android.telephony.DataFailCause.INVALID_PRIMARY_NSAPI, android.telephony.DataFailCause.CANNOT_ENCODE_OTA_MESSAGE, android.telephony.DataFailCause.RADIO_ACCESS_BEARER_SETUP_FAILURE, android.telephony.DataFailCause.PDP_ESTABLISH_TIMEOUT_EXPIRED, android.telephony.DataFailCause.PDP_MODIFY_TIMEOUT_EXPIRED, android.telephony.DataFailCause.PDP_INACTIVE_TIMEOUT_EXPIRED, android.telephony.DataFailCause.PDP_LOWERLAYER_ERROR, android.telephony.DataFailCause.PDP_MODIFY_COLLISION, android.telephony.DataFailCause.MAXINUM_SIZE_OF_L2_MESSAGE_EXCEEDED, android.telephony.DataFailCause.NAS_REQUEST_REJECTED_BY_NETWORK, android.telephony.DataFailCause.RRC_CONNECTION_INVALID_REQUEST, android.telephony.DataFailCause.RRC_CONNECTION_TRACKING_AREA_ID_CHANGED, android.telephony.DataFailCause.RRC_CONNECTION_RF_UNAVAILABLE, android.telephony.DataFailCause.RRC_CONNECTION_ABORTED_DUE_TO_IRAT_CHANGE, android.telephony.DataFailCause.RRC_CONNECTION_RELEASED_SECURITY_NOT_ACTIVE, android.telephony.DataFailCause.RRC_CONNECTION_ABORTED_AFTER_HANDOVER, android.telephony.DataFailCause.RRC_CONNECTION_ABORTED_AFTER_IRAT_CELL_CHANGE, android.telephony.DataFailCause.RRC_CONNECTION_ABORTED_DURING_IRAT_CELL_CHANGE, android.telephony.DataFailCause.IMSI_UNKNOWN_IN_HOME_SUBSCRIBER_SERVER, android.telephony.DataFailCause.IMEI_NOT_ACCEPTED, android.telephony.DataFailCause.EPS_SERVICES_AND_NON_EPS_SERVICES_NOT_ALLOWED, android.telephony.DataFailCause.EPS_SERVICES_NOT_ALLOWED_IN_PLMN, android.telephony.DataFailCause.MSC_TEMPORARILY_NOT_REACHABLE, android.telephony.DataFailCause.CS_DOMAIN_NOT_AVAILABLE, android.telephony.DataFailCause.ESM_FAILURE, android.telephony.DataFailCause.MAC_FAILURE, android.telephony.DataFailCause.SYNCHRONIZATION_FAILURE, android.telephony.DataFailCause.UE_SECURITY_CAPABILITIES_MISMATCH, android.telephony.DataFailCause.SECURITY_MODE_REJECTED, android.telephony.DataFailCause.UNACCEPTABLE_NON_EPS_AUTHENTICATION, android.telephony.DataFailCause.CS_FALLBACK_CALL_ESTABLISHMENT_NOT_ALLOWED, android.telephony.DataFailCause.NO_EPS_BEARER_CONTEXT_ACTIVATED, android.telephony.DataFailCause.INVALID_EMM_STATE, android.telephony.DataFailCause.NAS_LAYER_FAILURE, android.telephony.DataFailCause.MULTIPLE_PDP_CALL_NOT_ALLOWED, android.telephony.DataFailCause.EMBMS_NOT_ENABLED, android.telephony.DataFailCause.IRAT_HANDOVER_FAILED, android.telephony.DataFailCause.EMBMS_REGULAR_DEACTIVATION, android.telephony.DataFailCause.TEST_LOOPBACK_REGULAR_DEACTIVATION, android.telephony.DataFailCause.LOWER_LAYER_REGISTRATION_FAILURE, android.telephony.DataFailCause.DATA_PLAN_EXPIRED, android.telephony.DataFailCause.UMTS_HANDOVER_TO_IWLAN, android.telephony.DataFailCause.EVDO_CONNECTION_DENY_BY_GENERAL_OR_NETWORK_BUSY, android.telephony.DataFailCause.EVDO_CONNECTION_DENY_BY_BILLING_OR_AUTHENTICATION_FAILURE, android.telephony.DataFailCause.EVDO_HDR_CHANGED, android.telephony.DataFailCause.EVDO_HDR_EXITED, android.telephony.DataFailCause.EVDO_HDR_NO_SESSION, android.telephony.DataFailCause.EVDO_USING_GPS_FIX_INSTEAD_OF_HDR_CALL, android.telephony.DataFailCause.EVDO_HDR_CONNECTION_SETUP_TIMEOUT, android.telephony.DataFailCause.FAILED_TO_ACQUIRE_COLOCATED_HDR, android.telephony.DataFailCause.OTASP_COMMIT_IN_PROGRESS, android.telephony.DataFailCause.NO_HYBRID_HDR_SERVICE, android.telephony.DataFailCause.HDR_NO_LOCK_GRANTED, android.telephony.DataFailCause.DBM_OR_SMS_IN_PROGRESS, android.telephony.DataFailCause.HDR_FADE, android.telephony.DataFailCause.HDR_ACCESS_FAILURE, android.telephony.DataFailCause.UNSUPPORTED_1X_PREV, android.telephony.DataFailCause.LOCAL_END, android.telephony.DataFailCause.NO_SERVICE, android.telephony.DataFailCause.FADE, android.telephony.DataFailCause.NORMAL_RELEASE, android.telephony.DataFailCause.ACCESS_ATTEMPT_ALREADY_IN_PROGRESS, android.telephony.DataFailCause.REDIRECTION_OR_HANDOFF_IN_PROGRESS, android.telephony.DataFailCause.EMERGENCY_MODE, android.telephony.DataFailCause.PHONE_IN_USE, android.telephony.DataFailCause.INVALID_MODE, android.telephony.DataFailCause.INVALID_SIM_STATE, android.telephony.DataFailCause.NO_COLLOCATED_HDR, android.telephony.DataFailCause.UE_IS_ENTERING_POWERSAVE_MODE, android.telephony.DataFailCause.DUAL_SWITCH, android.telephony.DataFailCause.PPP_TIMEOUT, android.telephony.DataFailCause.PPP_AUTH_FAILURE, android.telephony.DataFailCause.PPP_OPTION_MISMATCH, android.telephony.DataFailCause.PPP_PAP_FAILURE, android.telephony.DataFailCause.PPP_CHAP_FAILURE, android.telephony.DataFailCause.PPP_CLOSE_IN_PROGRESS, android.telephony.DataFailCause.LIMITED_TO_IPV4, android.telephony.DataFailCause.LIMITED_TO_IPV6, android.telephony.DataFailCause.VSNCP_TIMEOUT, android.telephony.DataFailCause.VSNCP_GEN_ERROR, android.telephony.DataFailCause.VSNCP_APN_UNAUTHORIZED, android.telephony.DataFailCause.VSNCP_PDN_LIMIT_EXCEEDED, android.telephony.DataFailCause.VSNCP_NO_PDN_GATEWAY_ADDRESS, android.telephony.DataFailCause.VSNCP_PDN_GATEWAY_UNREACHABLE, android.telephony.DataFailCause.VSNCP_PDN_GATEWAY_REJECT, android.telephony.DataFailCause.VSNCP_INSUFFICIENT_PARAMETERS, android.telephony.DataFailCause.VSNCP_RESOURCE_UNAVAILABLE, android.telephony.DataFailCause.VSNCP_ADMINISTRATIVELY_PROHIBITED, android.telephony.DataFailCause.VSNCP_PDN_ID_IN_USE, android.telephony.DataFailCause.VSNCP_SUBSCRIBER_LIMITATION, android.telephony.DataFailCause.VSNCP_PDN_EXISTS_FOR_THIS_APN, android.telephony.DataFailCause.VSNCP_RECONNECT_NOT_ALLOWED, android.telephony.DataFailCause.IPV6_PREFIX_UNAVAILABLE, android.telephony.DataFailCause.HANDOFF_PREFERENCE_CHANGED, android.telephony.DataFailCause.SLICE_REJECTED, android.telephony.DataFailCause.MATCH_ALL_RULE_NOT_ALLOWED, android.telephony.DataFailCause.ALL_MATCHING_RULES_FAILED, android.telephony.DataFailCause.OEM_DCFAILCAUSE_1, android.telephony.DataFailCause.OEM_DCFAILCAUSE_2, android.telephony.DataFailCause.OEM_DCFAILCAUSE_3, android.telephony.DataFailCause.OEM_DCFAILCAUSE_4, android.telephony.DataFailCause.OEM_DCFAILCAUSE_5, android.telephony.DataFailCause.OEM_DCFAILCAUSE_6, android.telephony.DataFailCause.OEM_DCFAILCAUSE_7, android.telephony.DataFailCause.OEM_DCFAILCAUSE_8, android.telephony.DataFailCause.OEM_DCFAILCAUSE_9, android.telephony.DataFailCause.OEM_DCFAILCAUSE_10, android.telephony.DataFailCause.OEM_DCFAILCAUSE_11, android.telephony.DataFailCause.OEM_DCFAILCAUSE_12, android.telephony.DataFailCause.OEM_DCFAILCAUSE_13, android.telephony.DataFailCause.OEM_DCFAILCAUSE_14, android.telephony.DataFailCause.OEM_DCFAILCAUSE_15, android.telephony.DataFailCause.REGISTRATION_FAIL, android.telephony.DataFailCause.GPRS_REGISTRATION_FAIL, android.telephony.DataFailCause.SIGNAL_LOST, android.telephony.DataFailCause.PREF_RADIO_TECH_CHANGED, android.telephony.DataFailCause.RADIO_POWER_OFF, android.telephony.DataFailCause.TETHERED_CALL_ACTIVE, android.telephony.DataFailCause.ERROR_UNSPECIFIED, android.telephony.DataFailCause.UNKNOWN, android.telephony.DataFailCause.RADIO_NOT_AVAILABLE, android.telephony.DataFailCause.UNACCEPTABLE_NETWORK_PARAMETER, android.telephony.DataFailCause.LOST_CONNECTION}" />
    </annotation>
  </item>
  <item name="android.telephony.data.DataCallResponse.Builder android.telephony.data.DataCallResponse.Builder setHandoverFailureMode(int) 0">
    <annotation name="androidx.annotation.IntDef">
      <val name="value" val="{android.telephony.data.DataCallResponse.HANDOVER_FAILURE_MODE_UNKNOWN, android.telephony.data.DataCallResponse.HANDOVER_FAILURE_MODE_LEGACY, android.telephony.data.DataCallResponse.HANDOVER_FAILURE_MODE_DO_FALLBACK, android.telephony.data.DataCallResponse.HANDOVER_FAILURE_MODE_NO_FALLBACK_RETRY_HANDOVER, android.telephony.data.DataCallResponse.HANDOVER_FAILURE_MODE_NO_FALLBACK_RETRY_SETUP_NORMAL}" />
    </annotation>
  </item>
  <item name="android.telephony.data.DataCallResponse.Builder android.telephony.data.DataCallResponse.Builder setLinkStatus(int) 0">
    <annotation name="androidx.annotation.IntDef">
      <val name="value" val="{android.telephony.data.DataCallResponse.LINK_STATUS_UNKNOWN, android.telephony.data.DataCallResponse.LINK_STATUS_INACTIVE, android.telephony.data.DataCallResponse.LINK_STATUS_DORMANT, android.telephony.data.DataCallResponse.LINK_STATUS_ACTIVE}" />
    </annotation>
  </item>
  <item name="android.telephony.data.DataCallResponse.Builder android.telephony.data.DataCallResponse.Builder setPduSessionId(int) 0">
    <annotation name="androidx.annotation.IntRange">
      <val name="from" val="0" />
      <val name="to" val="15" />
    </annotation>
  </item>
  <item name="android.telephony.data.DataCallResponse.Builder android.telephony.data.DataCallResponse.Builder setProtocolType(int) 0">
    <annotation name="androidx.annotation.IntDef">
      <val name="value" val="{android.telephony.data.ApnSetting.PROTOCOL_IP, android.telephony.data.ApnSetting.PROTOCOL_IPV6, android.telephony.data.ApnSetting.PROTOCOL_IPV4V6, android.telephony.data.ApnSetting.PROTOCOL_PPP, android.telephony.data.ApnSetting.PROTOCOL_NON_IP, android.telephony.data.ApnSetting.PROTOCOL_UNSTRUCTURED}" />
    </annotation>
  </item>
  <item name="android.telephony.data.DataProfile int getAuthType()">
    <annotation name="androidx.annotation.IntDef">
      <val name="value" val="{android.telephony.data.ApnSetting.AUTH_TYPE_NONE, android.telephony.data.ApnSetting.AUTH_TYPE_PAP, android.telephony.data.ApnSetting.AUTH_TYPE_CHAP, android.telephony.data.ApnSetting.AUTH_TYPE_PAP_OR_CHAP}" />
    </annotation>
  </item>
  <item name="android.telephony.data.DataProfile int getBearerBitmask()">
    <annotation name="androidx.annotation.LongDef">
      <val name="value" val="{android.telephony.TelephonyManager.NETWORK_TYPE_BITMASK_UNKNOWN, android.telephony.TelephonyManager.NETWORK_TYPE_BITMASK_GSM, android.telephony.TelephonyManager.NETWORK_TYPE_BITMASK_GPRS, android.telephony.TelephonyManager.NETWORK_TYPE_BITMASK_EDGE, android.telephony.TelephonyManager.NETWORK_TYPE_BITMASK_CDMA, android.telephony.TelephonyManager.NETWORK_TYPE_BITMASK_1xRTT, android.telephony.TelephonyManager.NETWORK_TYPE_BITMASK_EVDO_0, android.telephony.TelephonyManager.NETWORK_TYPE_BITMASK_EVDO_A, android.telephony.TelephonyManager.NETWORK_TYPE_BITMASK_EVDO_B, android.telephony.TelephonyManager.NETWORK_TYPE_BITMASK_EHRPD, android.telephony.TelephonyManager.NETWORK_TYPE_BITMASK_HSUPA, android.telephony.TelephonyManager.NETWORK_TYPE_BITMASK_HSDPA, android.telephony.TelephonyManager.NETWORK_TYPE_BITMASK_HSPA, android.telephony.TelephonyManager.NETWORK_TYPE_BITMASK_HSPAP, android.telephony.TelephonyManager.NETWORK_TYPE_BITMASK_UMTS, android.telephony.TelephonyManager.NETWORK_TYPE_BITMASK_TD_SCDMA, android.telephony.TelephonyManager.NETWORK_TYPE_BITMASK_LTE, android.telephony.TelephonyManager.NETWORK_TYPE_BITMASK_LTE_CA, android.telephony.TelephonyManager.NETWORK_TYPE_BITMASK_NR, android.telephony.TelephonyManager.NETWORK_TYPE_BITMASK_IWLAN}" />
      <val name="flag" val="true" />
    </annotation>
  </item>
  <item name="android.telephony.data.DataProfile int getProtocolType()">
    <annotation name="androidx.annotation.IntDef">
      <val name="value" val="{android.telephony.data.ApnSetting.PROTOCOL_IP, android.telephony.data.ApnSetting.PROTOCOL_IPV6, android.telephony.data.ApnSetting.PROTOCOL_IPV4V6, android.telephony.data.ApnSetting.PROTOCOL_PPP, android.telephony.data.ApnSetting.PROTOCOL_NON_IP, android.telephony.data.ApnSetting.PROTOCOL_UNSTRUCTURED}" />
    </annotation>
  </item>
  <item name="android.telephony.data.DataProfile int getRoamingProtocolType()">
    <annotation name="androidx.annotation.IntDef">
      <val name="value" val="{android.telephony.data.ApnSetting.PROTOCOL_IP, android.telephony.data.ApnSetting.PROTOCOL_IPV6, android.telephony.data.ApnSetting.PROTOCOL_IPV4V6, android.telephony.data.ApnSetting.PROTOCOL_PPP, android.telephony.data.ApnSetting.PROTOCOL_NON_IP, android.telephony.data.ApnSetting.PROTOCOL_UNSTRUCTURED}" />
    </annotation>
  </item>
  <item name="android.telephony.data.DataProfile int getSupportedApnTypesBitmask()">
    <annotation name="androidx.annotation.IntDef">
      <val name="value" val="{android.telephony.data.ApnSetting.TYPE_DEFAULT, android.telephony.data.ApnSetting.TYPE_MMS, android.telephony.data.ApnSetting.TYPE_SUPL, android.telephony.data.ApnSetting.TYPE_DUN, android.telephony.data.ApnSetting.TYPE_HIPRI, android.telephony.data.ApnSetting.TYPE_FOTA, android.telephony.data.ApnSetting.TYPE_IMS, android.telephony.data.ApnSetting.TYPE_CBS, android.telephony.data.ApnSetting.TYPE_IA, android.telephony.data.ApnSetting.TYPE_EMERGENCY, android.telephony.data.ApnSetting.TYPE_MCX, android.telephony.data.ApnSetting.TYPE_XCAP, android.telephony.data.ApnSetting.TYPE_BIP, android.telephony.data.ApnSetting.TYPE_VSIM, android.telephony.data.ApnSetting.TYPE_ENTERPRISE}" />
      <val name="flag" val="true" />
    </annotation>
  </item>
  <item name="android.telephony.data.DataProfile int getType()">
    <annotation name="androidx.annotation.IntDef">
      <val name="value" val="{android.telephony.data.DataProfile.TYPE_COMMON, android.telephony.data.DataProfile.TYPE_3GPP, android.telephony.data.DataProfile.TYPE_3GPP2}" />
    </annotation>
  </item>
  <item name="android.telephony.data.DataProfile.Builder android.telephony.data.DataProfile.Builder setAuthType(int) 0">
    <annotation name="androidx.annotation.IntDef">
      <val name="value" val="{android.telephony.data.ApnSetting.AUTH_TYPE_NONE, android.telephony.data.ApnSetting.AUTH_TYPE_PAP, android.telephony.data.ApnSetting.AUTH_TYPE_CHAP, android.telephony.data.ApnSetting.AUTH_TYPE_PAP_OR_CHAP}" />
    </annotation>
  </item>
  <item name="android.telephony.data.DataProfile.Builder android.telephony.data.DataProfile.Builder setBearerBitmask(int) 0">
    <annotation name="androidx.annotation.LongDef">
      <val name="value" val="{android.telephony.TelephonyManager.NETWORK_TYPE_BITMASK_UNKNOWN, android.telephony.TelephonyManager.NETWORK_TYPE_BITMASK_GSM, android.telephony.TelephonyManager.NETWORK_TYPE_BITMASK_GPRS, android.telephony.TelephonyManager.NETWORK_TYPE_BITMASK_EDGE, android.telephony.TelephonyManager.NETWORK_TYPE_BITMASK_CDMA, android.telephony.TelephonyManager.NETWORK_TYPE_BITMASK_1xRTT, android.telephony.TelephonyManager.NETWORK_TYPE_BITMASK_EVDO_0, android.telephony.TelephonyManager.NETWORK_TYPE_BITMASK_EVDO_A, android.telephony.TelephonyManager.NETWORK_TYPE_BITMASK_EVDO_B, android.telephony.TelephonyManager.NETWORK_TYPE_BITMASK_EHRPD, android.telephony.TelephonyManager.NETWORK_TYPE_BITMASK_HSUPA, android.telephony.TelephonyManager.NETWORK_TYPE_BITMASK_HSDPA, android.telephony.TelephonyManager.NETWORK_TYPE_BITMASK_HSPA, android.telephony.TelephonyManager.NETWORK_TYPE_BITMASK_HSPAP, android.telephony.TelephonyManager.NETWORK_TYPE_BITMASK_UMTS, android.telephony.TelephonyManager.NETWORK_TYPE_BITMASK_TD_SCDMA, android.telephony.TelephonyManager.NETWORK_TYPE_BITMASK_LTE, android.telephony.TelephonyManager.NETWORK_TYPE_BITMASK_LTE_CA, android.telephony.TelephonyManager.NETWORK_TYPE_BITMASK_NR, android.telephony.TelephonyManager.NETWORK_TYPE_BITMASK_IWLAN}" />
      <val name="flag" val="true" />
    </annotation>
  </item>
  <item name="android.telephony.data.DataProfile.Builder android.telephony.data.DataProfile.Builder setProtocolType(int) 0">
    <annotation name="androidx.annotation.IntDef">
      <val name="value" val="{android.telephony.data.ApnSetting.PROTOCOL_IP, android.telephony.data.ApnSetting.PROTOCOL_IPV6, android.telephony.data.ApnSetting.PROTOCOL_IPV4V6, android.telephony.data.ApnSetting.PROTOCOL_PPP, android.telephony.data.ApnSetting.PROTOCOL_NON_IP, android.telephony.data.ApnSetting.PROTOCOL_UNSTRUCTURED}" />
    </annotation>
  </item>
  <item name="android.telephony.data.DataProfile.Builder android.telephony.data.DataProfile.Builder setRoamingProtocolType(int) 0">
    <annotation name="androidx.annotation.IntDef">
      <val name="value" val="{android.telephony.data.ApnSetting.PROTOCOL_IP, android.telephony.data.ApnSetting.PROTOCOL_IPV6, android.telephony.data.ApnSetting.PROTOCOL_IPV4V6, android.telephony.data.ApnSetting.PROTOCOL_PPP, android.telephony.data.ApnSetting.PROTOCOL_NON_IP, android.telephony.data.ApnSetting.PROTOCOL_UNSTRUCTURED}" />
    </annotation>
  </item>
  <item name="android.telephony.data.DataProfile.Builder android.telephony.data.DataProfile.Builder setSupportedApnTypesBitmask(int) 0">
    <annotation name="androidx.annotation.IntDef">
      <val name="value" val="{android.telephony.data.ApnSetting.TYPE_DEFAULT, android.telephony.data.ApnSetting.TYPE_MMS, android.telephony.data.ApnSetting.TYPE_SUPL, android.telephony.data.ApnSetting.TYPE_DUN, android.telephony.data.ApnSetting.TYPE_HIPRI, android.telephony.data.ApnSetting.TYPE_FOTA, android.telephony.data.ApnSetting.TYPE_IMS, android.telephony.data.ApnSetting.TYPE_CBS, android.telephony.data.ApnSetting.TYPE_IA, android.telephony.data.ApnSetting.TYPE_EMERGENCY, android.telephony.data.ApnSetting.TYPE_MCX, android.telephony.data.ApnSetting.TYPE_XCAP, android.telephony.data.ApnSetting.TYPE_BIP, android.telephony.data.ApnSetting.TYPE_VSIM, android.telephony.data.ApnSetting.TYPE_ENTERPRISE}" />
      <val name="flag" val="true" />
    </annotation>
  </item>
  <item name="android.telephony.data.DataProfile.Builder android.telephony.data.DataProfile.Builder setType(int) 0">
    <annotation name="androidx.annotation.IntDef">
      <val name="value" val="{android.telephony.data.DataProfile.TYPE_COMMON, android.telephony.data.DataProfile.TYPE_3GPP, android.telephony.data.DataProfile.TYPE_3GPP2}" />
    </annotation>
  </item>
  <item name="android.telephony.data.DataService.DataServiceProvider void deactivateDataCall(int, int, android.telephony.data.DataServiceCallback) 1">
    <annotation name="androidx.annotation.IntDef">
      <val name="value" val="{android.telephony.data.DataService.REQUEST_REASON_UNKNOWN, android.telephony.data.DataService.REQUEST_REASON_NORMAL, android.telephony.data.DataService.REQUEST_REASON_SHUTDOWN, android.telephony.data.DataService.REQUEST_REASON_HANDOVER}" />
    </annotation>
  </item>
  <item name="android.telephony.data.DataService.DataServiceProvider void setupDataCall(int, android.telephony.data.DataProfile, boolean, boolean, int, android.net.LinkProperties, android.telephony.data.DataServiceCallback) 0">
    <annotation name="androidx.annotation.IntDef">
      <val name="value" val="{android.telephony.AccessNetworkConstants.AccessNetworkType.UNKNOWN, android.telephony.AccessNetworkConstants.AccessNetworkType.GERAN, android.telephony.AccessNetworkConstants.AccessNetworkType.UTRAN, android.telephony.AccessNetworkConstants.AccessNetworkType.EUTRAN, android.telephony.AccessNetworkConstants.AccessNetworkType.CDMA2000, android.telephony.AccessNetworkConstants.AccessNetworkType.IWLAN, android.telephony.AccessNetworkConstants.AccessNetworkType.NGRAN}" />
    </annotation>
  </item>
  <item name="android.telephony.data.DataService.DataServiceProvider void setupDataCall(int, android.telephony.data.DataProfile, boolean, boolean, int, android.net.LinkProperties, android.telephony.data.DataServiceCallback) 4">
    <annotation name="androidx.annotation.IntDef">
      <val name="value" val="{android.telephony.data.DataService.REQUEST_REASON_UNKNOWN, android.telephony.data.DataService.REQUEST_REASON_NORMAL, android.telephony.data.DataService.REQUEST_REASON_HANDOVER}" />
    </annotation>
  </item>
  <item name="android.telephony.data.DataService.DataServiceProvider void setupDataCall(int, android.telephony.data.DataProfile, boolean, boolean, int, android.net.LinkProperties, int, android.telephony.data.NetworkSliceInfo, android.telephony.data.TrafficDescriptor, boolean, android.telephony.data.DataServiceCallback) 0">
    <annotation name="androidx.annotation.IntDef">
      <val name="value" val="{android.telephony.AccessNetworkConstants.AccessNetworkType.UNKNOWN, android.telephony.AccessNetworkConstants.AccessNetworkType.GERAN, android.telephony.AccessNetworkConstants.AccessNetworkType.UTRAN, android.telephony.AccessNetworkConstants.AccessNetworkType.EUTRAN, android.telephony.AccessNetworkConstants.AccessNetworkType.CDMA2000, android.telephony.AccessNetworkConstants.AccessNetworkType.IWLAN, android.telephony.AccessNetworkConstants.AccessNetworkType.NGRAN}" />
    </annotation>
  </item>
  <item name="android.telephony.data.DataService.DataServiceProvider void setupDataCall(int, android.telephony.data.DataProfile, boolean, boolean, int, android.net.LinkProperties, int, android.telephony.data.NetworkSliceInfo, android.telephony.data.TrafficDescriptor, boolean, android.telephony.data.DataServiceCallback) 4">
    <annotation name="androidx.annotation.IntDef">
      <val name="value" val="{android.telephony.data.DataService.REQUEST_REASON_UNKNOWN, android.telephony.data.DataService.REQUEST_REASON_NORMAL, android.telephony.data.DataService.REQUEST_REASON_HANDOVER}" />
    </annotation>
  </item>
  <item name="android.telephony.data.DataService.DataServiceProvider void setupDataCall(int, android.telephony.data.DataProfile, boolean, boolean, int, android.net.LinkProperties, int, android.telephony.data.NetworkSliceInfo, android.telephony.data.TrafficDescriptor, boolean, android.telephony.data.DataServiceCallback) 6">
    <annotation name="androidx.annotation.IntRange">
      <val name="from" val="0" />
      <val name="to" val="15" />
    </annotation>
  </item>
  <item name="android.telephony.data.DataServiceCallback void onDeactivateDataCallComplete(int) 0">
    <annotation name="androidx.annotation.IntDef">
      <val name="value" val="{android.telephony.data.DataServiceCallback.RESULT_SUCCESS, android.telephony.data.DataServiceCallback.RESULT_ERROR_UNSUPPORTED, android.telephony.data.DataServiceCallback.RESULT_ERROR_INVALID_ARG, android.telephony.data.DataServiceCallback.RESULT_ERROR_BUSY, android.telephony.data.DataServiceCallback.RESULT_ERROR_ILLEGAL_STATE}" />
    </annotation>
  </item>
  <item name="android.telephony.data.DataServiceCallback void onRequestDataCallListComplete(int, java.util.List&lt;android.telephony.data.DataCallResponse&gt;) 0">
    <annotation name="androidx.annotation.IntDef">
      <val name="value" val="{android.telephony.data.DataServiceCallback.RESULT_SUCCESS, android.telephony.data.DataServiceCallback.RESULT_ERROR_UNSUPPORTED, android.telephony.data.DataServiceCallback.RESULT_ERROR_INVALID_ARG, android.telephony.data.DataServiceCallback.RESULT_ERROR_BUSY, android.telephony.data.DataServiceCallback.RESULT_ERROR_ILLEGAL_STATE}" />
    </annotation>
  </item>
  <item name="android.telephony.data.DataServiceCallback void onSetDataProfileComplete(int) 0">
    <annotation name="androidx.annotation.IntDef">
      <val name="value" val="{android.telephony.data.DataServiceCallback.RESULT_SUCCESS, android.telephony.data.DataServiceCallback.RESULT_ERROR_UNSUPPORTED, android.telephony.data.DataServiceCallback.RESULT_ERROR_INVALID_ARG, android.telephony.data.DataServiceCallback.RESULT_ERROR_BUSY, android.telephony.data.DataServiceCallback.RESULT_ERROR_ILLEGAL_STATE}" />
    </annotation>
  </item>
  <item name="android.telephony.data.DataServiceCallback void onSetInitialAttachApnComplete(int) 0">
    <annotation name="androidx.annotation.IntDef">
      <val name="value" val="{android.telephony.data.DataServiceCallback.RESULT_SUCCESS, android.telephony.data.DataServiceCallback.RESULT_ERROR_UNSUPPORTED, android.telephony.data.DataServiceCallback.RESULT_ERROR_INVALID_ARG, android.telephony.data.DataServiceCallback.RESULT_ERROR_BUSY, android.telephony.data.DataServiceCallback.RESULT_ERROR_ILLEGAL_STATE}" />
    </annotation>
  </item>
  <item name="android.telephony.data.DataServiceCallback void onSetupDataCallComplete(int, android.telephony.data.DataCallResponse) 0">
    <annotation name="androidx.annotation.IntDef">
      <val name="value" val="{android.telephony.data.DataServiceCallback.RESULT_SUCCESS, android.telephony.data.DataServiceCallback.RESULT_ERROR_UNSUPPORTED, android.telephony.data.DataServiceCallback.RESULT_ERROR_INVALID_ARG, android.telephony.data.DataServiceCallback.RESULT_ERROR_BUSY, android.telephony.data.DataServiceCallback.RESULT_ERROR_ILLEGAL_STATE}" />
    </annotation>
  </item>
  <item name="android.telephony.data.NetworkSliceInfo int getMappedHplmnSliceDifferentiator()">
    <annotation name="androidx.annotation.IntRange">
      <val name="from" val="-1" />
      <val name="to" val="16777214" />
    </annotation>
  </item>
  <item name="android.telephony.data.NetworkSliceInfo int getMappedHplmnSliceServiceType()">
    <annotation name="androidx.annotation.IntDef">
      <val name="value" val="{android.telephony.data.NetworkSliceInfo.SLICE_SERVICE_TYPE_NONE, android.telephony.data.NetworkSliceInfo.SLICE_SERVICE_TYPE_EMBB, android.telephony.data.NetworkSliceInfo.SLICE_SERVICE_TYPE_URLLC, android.telephony.data.NetworkSliceInfo.SLICE_SERVICE_TYPE_MIOT}" />
    </annotation>
  </item>
  <item name="android.telephony.data.NetworkSliceInfo int getSliceDifferentiator()">
    <annotation name="androidx.annotation.IntRange">
      <val name="from" val="-1" />
      <val name="to" val="16777214" />
    </annotation>
  </item>
  <item name="android.telephony.data.NetworkSliceInfo int getSliceServiceType()">
    <annotation name="androidx.annotation.IntDef">
      <val name="value" val="{android.telephony.data.NetworkSliceInfo.SLICE_SERVICE_TYPE_NONE, android.telephony.data.NetworkSliceInfo.SLICE_SERVICE_TYPE_EMBB, android.telephony.data.NetworkSliceInfo.SLICE_SERVICE_TYPE_URLLC, android.telephony.data.NetworkSliceInfo.SLICE_SERVICE_TYPE_MIOT}" />
    </annotation>
  </item>
  <item name="android.telephony.data.NetworkSliceInfo int getStatus()">
    <annotation name="androidx.annotation.IntDef">
      <val name="value" val="{android.telephony.data.NetworkSliceInfo.SLICE_STATUS_UNKNOWN, android.telephony.data.NetworkSliceInfo.SLICE_STATUS_CONFIGURED, android.telephony.data.NetworkSliceInfo.SLICE_STATUS_ALLOWED, android.telephony.data.NetworkSliceInfo.SLICE_STATUS_REJECTED_NOT_AVAILABLE_IN_PLMN, android.telephony.data.NetworkSliceInfo.SLICE_STATUS_REJECTED_NOT_AVAILABLE_IN_REGISTERED_AREA, android.telephony.data.NetworkSliceInfo.SLICE_STATUS_DEFAULT_CONFIGURED}" />
    </annotation>
  </item>
  <item name="android.telephony.data.NetworkSliceInfo.Builder android.telephony.data.NetworkSliceInfo.Builder setMappedHplmnSliceDifferentiator(int) 0">
    <annotation name="androidx.annotation.IntRange">
      <val name="from" val="-1" />
      <val name="to" val="16777214" />
    </annotation>
  </item>
  <item name="android.telephony.data.NetworkSliceInfo.Builder android.telephony.data.NetworkSliceInfo.Builder setMappedHplmnSliceServiceType(int) 0">
    <annotation name="androidx.annotation.IntDef">
      <val name="value" val="{android.telephony.data.NetworkSliceInfo.SLICE_SERVICE_TYPE_NONE, android.telephony.data.NetworkSliceInfo.SLICE_SERVICE_TYPE_EMBB, android.telephony.data.NetworkSliceInfo.SLICE_SERVICE_TYPE_URLLC, android.telephony.data.NetworkSliceInfo.SLICE_SERVICE_TYPE_MIOT}" />
    </annotation>
  </item>
  <item name="android.telephony.data.NetworkSliceInfo.Builder android.telephony.data.NetworkSliceInfo.Builder setSliceDifferentiator(int) 0">
    <annotation name="androidx.annotation.IntRange">
      <val name="from" val="-1" />
      <val name="to" val="16777214" />
    </annotation>
  </item>
  <item name="android.telephony.data.NetworkSliceInfo.Builder android.telephony.data.NetworkSliceInfo.Builder setSliceServiceType(int) 0">
    <annotation name="androidx.annotation.IntDef">
      <val name="value" val="{android.telephony.data.NetworkSliceInfo.SLICE_SERVICE_TYPE_NONE, android.telephony.data.NetworkSliceInfo.SLICE_SERVICE_TYPE_EMBB, android.telephony.data.NetworkSliceInfo.SLICE_SERVICE_TYPE_URLLC, android.telephony.data.NetworkSliceInfo.SLICE_SERVICE_TYPE_MIOT}" />
    </annotation>
  </item>
  <item name="android.telephony.data.NetworkSliceInfo.Builder android.telephony.data.NetworkSliceInfo.Builder setStatus(int) 0">
    <annotation name="androidx.annotation.IntDef">
      <val name="value" val="{android.telephony.data.NetworkSliceInfo.SLICE_STATUS_UNKNOWN, android.telephony.data.NetworkSliceInfo.SLICE_STATUS_CONFIGURED, android.telephony.data.NetworkSliceInfo.SLICE_STATUS_ALLOWED, android.telephony.data.NetworkSliceInfo.SLICE_STATUS_REJECTED_NOT_AVAILABLE_IN_PLMN, android.telephony.data.NetworkSliceInfo.SLICE_STATUS_REJECTED_NOT_AVAILABLE_IN_REGISTERED_AREA, android.telephony.data.NetworkSliceInfo.SLICE_STATUS_DEFAULT_CONFIGURED}" />
    </annotation>
  </item>
  <item name="android.telephony.data.NrQosSessionAttributes int getQosFlowIdentifier()">
    <annotation name="androidx.annotation.IntRange">
      <val name="from" val="1" />
      <val name="to" val="63" />
    </annotation>
  </item>
  <item name="android.telephony.data.QualifiedNetworksService.NetworkAvailabilityProvider void updateQualifiedNetworkTypes(int, java.util.List&lt;java.lang.Integer&gt;) 0">
    <annotation name="androidx.annotation.IntDef">
      <val name="value" val="{android.telephony.data.ApnSetting.TYPE_DEFAULT, android.telephony.data.ApnSetting.TYPE_MMS, android.telephony.data.ApnSetting.TYPE_SUPL, android.telephony.data.ApnSetting.TYPE_DUN, android.telephony.data.ApnSetting.TYPE_HIPRI, android.telephony.data.ApnSetting.TYPE_FOTA, android.telephony.data.ApnSetting.TYPE_IMS, android.telephony.data.ApnSetting.TYPE_CBS, android.telephony.data.ApnSetting.TYPE_IA, android.telephony.data.ApnSetting.TYPE_EMERGENCY, android.telephony.data.ApnSetting.TYPE_MCX, android.telephony.data.ApnSetting.TYPE_XCAP, android.telephony.data.ApnSetting.TYPE_BIP, android.telephony.data.ApnSetting.TYPE_VSIM, android.telephony.data.ApnSetting.TYPE_ENTERPRISE}" />
      <val name="flag" val="true" />
    </annotation>
  </item>
  <item name="android.telephony.data.RouteSelectionDescriptor int getPrecedence()">
    <annotation name="androidx.annotation.IntRange">
      <val name="from" val="0" />
      <val name="to" val="255" />
    </annotation>
  </item>
  <item name="android.telephony.data.RouteSelectionDescriptor int getSessionType()">
    <annotation name="androidx.annotation.IntDef">
      <val name="value" val="{android.telephony.data.RouteSelectionDescriptor.SESSION_TYPE_IPV4, android.telephony.data.RouteSelectionDescriptor.SESSION_TYPE_IPV6, android.telephony.data.RouteSelectionDescriptor.SESSION_TYPE_IPV4V6}" />
    </annotation>
  </item>
  <item name="android.telephony.data.RouteSelectionDescriptor int getSscMode()">
    <annotation name="androidx.annotation.IntDef">
      <val name="value" val="{android.telephony.data.RouteSelectionDescriptor.ROUTE_SSC_MODE_1, android.telephony.data.RouteSelectionDescriptor.ROUTE_SSC_MODE_2, android.telephony.data.RouteSelectionDescriptor.ROUTE_SSC_MODE_3}" />
    </annotation>
  </item>
  <item name="android.telephony.data.ThrottleStatus int getApnType()">
    <annotation name="androidx.annotation.IntDef">
      <val name="value" val="{android.telephony.data.ApnSetting.TYPE_DEFAULT, android.telephony.data.ApnSetting.TYPE_MMS, android.telephony.data.ApnSetting.TYPE_SUPL, android.telephony.data.ApnSetting.TYPE_DUN, android.telephony.data.ApnSetting.TYPE_HIPRI, android.telephony.data.ApnSetting.TYPE_FOTA, android.telephony.data.ApnSetting.TYPE_IMS, android.telephony.data.ApnSetting.TYPE_CBS, android.telephony.data.ApnSetting.TYPE_IA, android.telephony.data.ApnSetting.TYPE_EMERGENCY, android.telephony.data.ApnSetting.TYPE_MCX, android.telephony.data.ApnSetting.TYPE_XCAP, android.telephony.data.ApnSetting.TYPE_BIP, android.telephony.data.ApnSetting.TYPE_VSIM, android.telephony.data.ApnSetting.TYPE_ENTERPRISE}" />
      <val name="flag" val="true" />
    </annotation>
  </item>
  <item name="android.telephony.data.ThrottleStatus int getRetryType()">
    <annotation name="androidx.annotation.IntDef">
      <val name="value" val="{android.telephony.data.ThrottleStatus.RETRY_TYPE_NONE, android.telephony.data.ThrottleStatus.RETRY_TYPE_NEW_CONNECTION, android.telephony.data.ThrottleStatus.RETRY_TYPE_HANDOVER}" />
      <val name="flag" val="true" />
    </annotation>
  </item>
  <item name="android.telephony.data.ThrottleStatus int getThrottleType()">
    <annotation name="androidx.annotation.IntDef">
      <val name="value" val="{android.telephony.data.ThrottleStatus.THROTTLE_TYPE_NONE, android.telephony.data.ThrottleStatus.THROTTLE_TYPE_ELAPSED_TIME}" />
      <val name="flag" val="true" />
    </annotation>
  </item>
  <item name="android.telephony.data.ThrottleStatus int getTransportType()">
    <annotation name="androidx.annotation.IntDef">
      <val name="value" val="{android.telephony.AccessNetworkConstants.TRANSPORT_TYPE_INVALID, android.telephony.AccessNetworkConstants.TRANSPORT_TYPE_WWAN, android.telephony.AccessNetworkConstants.TRANSPORT_TYPE_WLAN}" />
    </annotation>
  </item>
  <item name="android.telephony.data.ThrottleStatus.Builder android.telephony.data.ThrottleStatus.Builder setApnType(int) 0">
    <annotation name="androidx.annotation.IntDef">
      <val name="value" val="{android.telephony.data.ApnSetting.TYPE_DEFAULT, android.telephony.data.ApnSetting.TYPE_MMS, android.telephony.data.ApnSetting.TYPE_SUPL, android.telephony.data.ApnSetting.TYPE_DUN, android.telephony.data.ApnSetting.TYPE_HIPRI, android.telephony.data.ApnSetting.TYPE_FOTA, android.telephony.data.ApnSetting.TYPE_IMS, android.telephony.data.ApnSetting.TYPE_CBS, android.telephony.data.ApnSetting.TYPE_IA, android.telephony.data.ApnSetting.TYPE_EMERGENCY, android.telephony.data.ApnSetting.TYPE_MCX, android.telephony.data.ApnSetting.TYPE_XCAP, android.telephony.data.ApnSetting.TYPE_BIP, android.telephony.data.ApnSetting.TYPE_VSIM, android.telephony.data.ApnSetting.TYPE_ENTERPRISE}" />
      <val name="flag" val="true" />
    </annotation>
  </item>
  <item name="android.telephony.data.ThrottleStatus.Builder android.telephony.data.ThrottleStatus.Builder setRetryType(int) 0">
    <annotation name="androidx.annotation.IntDef">
      <val name="value" val="{android.telephony.data.ThrottleStatus.RETRY_TYPE_NONE, android.telephony.data.ThrottleStatus.RETRY_TYPE_NEW_CONNECTION, android.telephony.data.ThrottleStatus.RETRY_TYPE_HANDOVER}" />
      <val name="flag" val="true" />
    </annotation>
  </item>
  <item name="android.telephony.data.ThrottleStatus.Builder android.telephony.data.ThrottleStatus.Builder setTransportType(int) 0">
    <annotation name="androidx.annotation.IntDef">
      <val name="value" val="{android.telephony.AccessNetworkConstants.TRANSPORT_TYPE_INVALID, android.telephony.AccessNetworkConstants.TRANSPORT_TYPE_WWAN, android.telephony.AccessNetworkConstants.TRANSPORT_TYPE_WLAN}" />
    </annotation>
  </item>
  <item name="android.telephony.data.UrspRule int getPrecedence()">
    <annotation name="androidx.annotation.IntRange">
      <val name="from" val="0" />
      <val name="to" val="255" />
    </annotation>
  </item>
</root>

