<?xml version="1.0" encoding="UTF-8"?>
<root>
  <item name="android.hardware.hdmi.HdmiClient.OnDeviceSelectedListener void onDeviceSelected(int, int) 0">
    <annotation name="androidx.annotation.IntDef">
      <val name="value" val="{android.hardware.hdmi.HdmiControlManager.RESULT_SUCCESS, android.hardware.hdmi.HdmiControlManager.RESULT_TIMEOUT, android.hardware.hdmi.HdmiControlManager.RESULT_SOURCE_NOT_AVAILABLE, android.hardware.hdmi.HdmiControlManager.RESULT_TARGET_NOT_AVAILABLE, android.hardware.hdmi.HdmiControlManager.RESULT_ALREADY_IN_PROGRESS, android.hardware.hdmi.HdmiControlManager.RESULT_EXCEPTION, android.hardware.hdmi.HdmiControlManager.RESULT_INCORRECT_MODE, android.hardware.hdmi.HdmiControlManager.RESULT_COMMUNICATION_FAILED}" />
    </annotation>
  </item>
  <item name="android.hardware.hdmi.HdmiControlManager int getEarcEnabled()">
    <annotation name="androidx.annotation.IntDef">
      <val name="value" val="{android.hardware.hdmi.HdmiControlManager.EARC_FEATURE_ENABLED, android.hardware.hdmi.HdmiControlManager.EARC_FEATURE_DISABLED}" />
    </annotation>
    <annotation name="androidx.annotation.RequiresPermission">
      <val name="value" val="&quot;android.permission.HDMI_CEC&quot;" />
    </annotation>
  </item>
  <item name="android.hardware.hdmi.HdmiControlManager int getHdmiCecEnabled()">
    <annotation name="androidx.annotation.IntDef">
      <val name="value" val="{android.hardware.hdmi.HdmiControlManager.HDMI_CEC_CONTROL_ENABLED, android.hardware.hdmi.HdmiControlManager.HDMI_CEC_CONTROL_DISABLED}" />
    </annotation>
    <annotation name="androidx.annotation.RequiresPermission">
      <val name="value" val="&quot;android.permission.HDMI_CEC&quot;" />
    </annotation>
  </item>
  <item name="android.hardware.hdmi.HdmiControlManager int getHdmiCecVersion()">
    <annotation name="androidx.annotation.IntDef">
      <val name="value" val="{android.hardware.hdmi.HdmiControlManager.HDMI_CEC_VERSION_1_4_B, android.hardware.hdmi.HdmiControlManager.HDMI_CEC_VERSION_2_0}" />
    </annotation>
    <annotation name="androidx.annotation.RequiresPermission">
      <val name="value" val="&quot;android.permission.HDMI_CEC&quot;" />
    </annotation>
  </item>
  <item name="android.hardware.hdmi.HdmiControlManager int getHdmiCecVolumeControlEnabled()">
    <annotation name="androidx.annotation.RequiresPermission">
      <val name="value" val="&quot;android.permission.HDMI_CEC&quot;" />
    </annotation>
    <annotation name="androidx.annotation.IntDef">
      <val name="value" val="{android.hardware.hdmi.HdmiControlManager.VOLUME_CONTROL_ENABLED, android.hardware.hdmi.HdmiControlManager.VOLUME_CONTROL_DISABLED}" />
    </annotation>
  </item>
  <item name="android.hardware.hdmi.HdmiControlManager int getRoutingControl()">
    <annotation name="androidx.annotation.IntDef">
      <val name="value" val="{android.hardware.hdmi.HdmiControlManager.ROUTING_CONTROL_ENABLED, android.hardware.hdmi.HdmiControlManager.ROUTING_CONTROL_DISABLED}" />
    </annotation>
    <annotation name="androidx.annotation.RequiresPermission">
      <val name="value" val="&quot;android.permission.HDMI_CEC&quot;" />
    </annotation>
  </item>
  <item name="android.hardware.hdmi.HdmiControlManager int getSadPresenceInQuery(java.lang.String)">
    <annotation name="androidx.annotation.IntDef">
      <val name="value" val="{android.hardware.hdmi.HdmiControlManager.QUERY_SAD_ENABLED, android.hardware.hdmi.HdmiControlManager.QUERY_SAD_DISABLED}" />
    </annotation>
    <annotation name="androidx.annotation.RequiresPermission">
      <val name="value" val="&quot;android.permission.HDMI_CEC&quot;" />
    </annotation>
  </item>
  <item name="android.hardware.hdmi.HdmiControlManager int getSadPresenceInQuery(java.lang.String) 0">
    <annotation name="androidx.annotation.StringDef">
      <val name="value" val="{android.hardware.hdmi.HdmiControlManager.CEC_SETTING_NAME_QUERY_SAD_LPCM, android.hardware.hdmi.HdmiControlManager.CEC_SETTING_NAME_QUERY_SAD_DD, android.hardware.hdmi.HdmiControlManager.CEC_SETTING_NAME_QUERY_SAD_MPEG1, android.hardware.hdmi.HdmiControlManager.CEC_SETTING_NAME_QUERY_SAD_MP3, android.hardware.hdmi.HdmiControlManager.CEC_SETTING_NAME_QUERY_SAD_MPEG2, android.hardware.hdmi.HdmiControlManager.CEC_SETTING_NAME_QUERY_SAD_AAC, android.hardware.hdmi.HdmiControlManager.CEC_SETTING_NAME_QUERY_SAD_DTS, android.hardware.hdmi.HdmiControlManager.CEC_SETTING_NAME_QUERY_SAD_ATRAC, android.hardware.hdmi.HdmiControlManager.CEC_SETTING_NAME_QUERY_SAD_ONEBITAUDIO, android.hardware.hdmi.HdmiControlManager.CEC_SETTING_NAME_QUERY_SAD_DDP, android.hardware.hdmi.HdmiControlManager.CEC_SETTING_NAME_QUERY_SAD_DTSHD, android.hardware.hdmi.HdmiControlManager.CEC_SETTING_NAME_QUERY_SAD_TRUEHD, android.hardware.hdmi.HdmiControlManager.CEC_SETTING_NAME_QUERY_SAD_DST, android.hardware.hdmi.HdmiControlManager.CEC_SETTING_NAME_QUERY_SAD_WMAPRO, android.hardware.hdmi.HdmiControlManager.CEC_SETTING_NAME_QUERY_SAD_MAX}" />
    </annotation>
  </item>
  <item name="android.hardware.hdmi.HdmiControlManager int getSoundbarMode()">
    <annotation name="androidx.annotation.IntDef">
      <val name="value" val="{android.hardware.hdmi.HdmiControlManager.SOUNDBAR_MODE_ENABLED, android.hardware.hdmi.HdmiControlManager.SOUNDBAR_MODE_DISABLED}" />
    </annotation>
    <annotation name="androidx.annotation.RequiresPermission">
      <val name="value" val="&quot;android.permission.HDMI_CEC&quot;" />
    </annotation>
  </item>
  <item name="android.hardware.hdmi.HdmiControlManager int getSystemAudioControl()">
    <annotation name="androidx.annotation.IntDef">
      <val name="value" val="{android.hardware.hdmi.HdmiControlManager.SYSTEM_AUDIO_CONTROL_ENABLED, android.hardware.hdmi.HdmiControlManager.SYSTEM_AUDIO_CONTROL_DISABLED}" />
    </annotation>
    <annotation name="androidx.annotation.RequiresPermission">
      <val name="value" val="&quot;android.permission.HDMI_CEC&quot;" />
    </annotation>
  </item>
  <item name="android.hardware.hdmi.HdmiControlManager int getSystemAudioModeMuting()">
    <annotation name="androidx.annotation.IntDef">
      <val name="value" val="{android.hardware.hdmi.HdmiControlManager.SYSTEM_AUDIO_MODE_MUTING_ENABLED, android.hardware.hdmi.HdmiControlManager.SYSTEM_AUDIO_MODE_MUTING_DISABLED}" />
    </annotation>
    <annotation name="androidx.annotation.RequiresPermission">
      <val name="value" val="&quot;android.permission.HDMI_CEC&quot;" />
    </annotation>
  </item>
  <item name="android.hardware.hdmi.HdmiControlManager int getTvSendStandbyOnSleep()">
    <annotation name="androidx.annotation.IntDef">
      <val name="value" val="{android.hardware.hdmi.HdmiControlManager.TV_SEND_STANDBY_ON_SLEEP_ENABLED, android.hardware.hdmi.HdmiControlManager.TV_SEND_STANDBY_ON_SLEEP_DISABLED}" />
    </annotation>
    <annotation name="androidx.annotation.RequiresPermission">
      <val name="value" val="&quot;android.permission.HDMI_CEC&quot;" />
    </annotation>
  </item>
  <item name="android.hardware.hdmi.HdmiControlManager int getTvWakeOnOneTouchPlay()">
    <annotation name="androidx.annotation.IntDef">
      <val name="value" val="{android.hardware.hdmi.HdmiControlManager.TV_WAKE_ON_ONE_TOUCH_PLAY_ENABLED, android.hardware.hdmi.HdmiControlManager.TV_WAKE_ON_ONE_TOUCH_PLAY_DISABLED}" />
    </annotation>
    <annotation name="androidx.annotation.RequiresPermission">
      <val name="value" val="&quot;android.permission.HDMI_CEC&quot;" />
    </annotation>
  </item>
  <item name="android.hardware.hdmi.HdmiControlManager java.lang.String getPowerControlMode()">
    <annotation name="androidx.annotation.StringDef">
      <val name="value" val="{android.hardware.hdmi.HdmiControlManager.POWER_CONTROL_MODE_TV, android.hardware.hdmi.HdmiControlManager.POWER_CONTROL_MODE_TV_AND_AUDIO_SYSTEM, android.hardware.hdmi.HdmiControlManager.POWER_CONTROL_MODE_BROADCAST, android.hardware.hdmi.HdmiControlManager.POWER_CONTROL_MODE_NONE}" />
    </annotation>
    <annotation name="androidx.annotation.RequiresPermission">
      <val name="value" val="&quot;android.permission.HDMI_CEC&quot;" />
    </annotation>
  </item>
  <item name="android.hardware.hdmi.HdmiControlManager java.lang.String getPowerStateChangeOnActiveSourceLost()">
    <annotation name="androidx.annotation.StringDef">
      <val name="value" val="{android.hardware.hdmi.HdmiControlManager.POWER_STATE_CHANGE_ON_ACTIVE_SOURCE_LOST_NONE, android.hardware.hdmi.HdmiControlManager.POWER_STATE_CHANGE_ON_ACTIVE_SOURCE_LOST_STANDBY_NOW}" />
    </annotation>
    <annotation name="androidx.annotation.RequiresPermission">
      <val name="value" val="&quot;android.permission.HDMI_CEC&quot;" />
    </annotation>
  </item>
  <item name="android.hardware.hdmi.HdmiControlManager java.util.List&lt;java.lang.Integer&gt; getAllowedCecSettingIntValues(java.lang.String)">
    <annotation name="androidx.annotation.RequiresPermission">
      <val name="value" val="&quot;android.permission.HDMI_CEC&quot;" />
    </annotation>
  </item>
  <item name="android.hardware.hdmi.HdmiControlManager java.util.List&lt;java.lang.Integer&gt; getAllowedCecSettingIntValues(java.lang.String) 0">
    <annotation name="androidx.annotation.StringDef">
      <val name="value" val="{android.hardware.hdmi.HdmiControlManager.CEC_SETTING_NAME_HDMI_CEC_ENABLED, android.hardware.hdmi.HdmiControlManager.CEC_SETTING_NAME_HDMI_CEC_VERSION, android.hardware.hdmi.HdmiControlManager.CEC_SETTING_NAME_ROUTING_CONTROL, android.hardware.hdmi.HdmiControlManager.CEC_SETTING_NAME_SOUNDBAR_MODE, android.hardware.hdmi.HdmiControlManager.CEC_SETTING_NAME_POWER_CONTROL_MODE, android.hardware.hdmi.HdmiControlManager.CEC_SETTING_NAME_POWER_STATE_CHANGE_ON_ACTIVE_SOURCE_LOST, android.hardware.hdmi.HdmiControlManager.CEC_SETTING_NAME_SYSTEM_AUDIO_CONTROL, android.hardware.hdmi.HdmiControlManager.CEC_SETTING_NAME_SYSTEM_AUDIO_MODE_MUTING, android.hardware.hdmi.HdmiControlManager.CEC_SETTING_NAME_VOLUME_CONTROL_MODE, android.hardware.hdmi.HdmiControlManager.CEC_SETTING_NAME_TV_WAKE_ON_ONE_TOUCH_PLAY, android.hardware.hdmi.HdmiControlManager.CEC_SETTING_NAME_TV_SEND_STANDBY_ON_SLEEP, android.hardware.hdmi.HdmiControlManager.CEC_SETTING_NAME_QUERY_SAD_LPCM, android.hardware.hdmi.HdmiControlManager.CEC_SETTING_NAME_QUERY_SAD_DD, android.hardware.hdmi.HdmiControlManager.CEC_SETTING_NAME_QUERY_SAD_MPEG1, android.hardware.hdmi.HdmiControlManager.CEC_SETTING_NAME_QUERY_SAD_MP3, android.hardware.hdmi.HdmiControlManager.CEC_SETTING_NAME_QUERY_SAD_MPEG2, android.hardware.hdmi.HdmiControlManager.CEC_SETTING_NAME_QUERY_SAD_AAC, android.hardware.hdmi.HdmiControlManager.CEC_SETTING_NAME_QUERY_SAD_DTS, android.hardware.hdmi.HdmiControlManager.CEC_SETTING_NAME_QUERY_SAD_ATRAC, android.hardware.hdmi.HdmiControlManager.CEC_SETTING_NAME_QUERY_SAD_ONEBITAUDIO, android.hardware.hdmi.HdmiControlManager.CEC_SETTING_NAME_QUERY_SAD_DDP, android.hardware.hdmi.HdmiControlManager.CEC_SETTING_NAME_QUERY_SAD_DTSHD, android.hardware.hdmi.HdmiControlManager.CEC_SETTING_NAME_QUERY_SAD_TRUEHD, android.hardware.hdmi.HdmiControlManager.CEC_SETTING_NAME_QUERY_SAD_DST, android.hardware.hdmi.HdmiControlManager.CEC_SETTING_NAME_QUERY_SAD_WMAPRO, android.hardware.hdmi.HdmiControlManager.CEC_SETTING_NAME_QUERY_SAD_MAX, android.hardware.hdmi.HdmiControlManager.SETTING_NAME_EARC_ENABLED}" />
    </annotation>
  </item>
  <item name="android.hardware.hdmi.HdmiControlManager java.util.List&lt;java.lang.String&gt; getAllowedCecSettingStringValues(java.lang.String)">
    <annotation name="androidx.annotation.RequiresPermission">
      <val name="value" val="&quot;android.permission.HDMI_CEC&quot;" />
    </annotation>
  </item>
  <item name="android.hardware.hdmi.HdmiControlManager java.util.List&lt;java.lang.String&gt; getAllowedCecSettingStringValues(java.lang.String) 0">
    <annotation name="androidx.annotation.StringDef">
      <val name="value" val="{android.hardware.hdmi.HdmiControlManager.CEC_SETTING_NAME_HDMI_CEC_ENABLED, android.hardware.hdmi.HdmiControlManager.CEC_SETTING_NAME_HDMI_CEC_VERSION, android.hardware.hdmi.HdmiControlManager.CEC_SETTING_NAME_ROUTING_CONTROL, android.hardware.hdmi.HdmiControlManager.CEC_SETTING_NAME_SOUNDBAR_MODE, android.hardware.hdmi.HdmiControlManager.CEC_SETTING_NAME_POWER_CONTROL_MODE, android.hardware.hdmi.HdmiControlManager.CEC_SETTING_NAME_POWER_STATE_CHANGE_ON_ACTIVE_SOURCE_LOST, android.hardware.hdmi.HdmiControlManager.CEC_SETTING_NAME_SYSTEM_AUDIO_CONTROL, android.hardware.hdmi.HdmiControlManager.CEC_SETTING_NAME_SYSTEM_AUDIO_MODE_MUTING, android.hardware.hdmi.HdmiControlManager.CEC_SETTING_NAME_VOLUME_CONTROL_MODE, android.hardware.hdmi.HdmiControlManager.CEC_SETTING_NAME_TV_WAKE_ON_ONE_TOUCH_PLAY, android.hardware.hdmi.HdmiControlManager.CEC_SETTING_NAME_TV_SEND_STANDBY_ON_SLEEP, android.hardware.hdmi.HdmiControlManager.CEC_SETTING_NAME_QUERY_SAD_LPCM, android.hardware.hdmi.HdmiControlManager.CEC_SETTING_NAME_QUERY_SAD_DD, android.hardware.hdmi.HdmiControlManager.CEC_SETTING_NAME_QUERY_SAD_MPEG1, android.hardware.hdmi.HdmiControlManager.CEC_SETTING_NAME_QUERY_SAD_MP3, android.hardware.hdmi.HdmiControlManager.CEC_SETTING_NAME_QUERY_SAD_MPEG2, android.hardware.hdmi.HdmiControlManager.CEC_SETTING_NAME_QUERY_SAD_AAC, android.hardware.hdmi.HdmiControlManager.CEC_SETTING_NAME_QUERY_SAD_DTS, android.hardware.hdmi.HdmiControlManager.CEC_SETTING_NAME_QUERY_SAD_ATRAC, android.hardware.hdmi.HdmiControlManager.CEC_SETTING_NAME_QUERY_SAD_ONEBITAUDIO, android.hardware.hdmi.HdmiControlManager.CEC_SETTING_NAME_QUERY_SAD_DDP, android.hardware.hdmi.HdmiControlManager.CEC_SETTING_NAME_QUERY_SAD_DTSHD, android.hardware.hdmi.HdmiControlManager.CEC_SETTING_NAME_QUERY_SAD_TRUEHD, android.hardware.hdmi.HdmiControlManager.CEC_SETTING_NAME_QUERY_SAD_DST, android.hardware.hdmi.HdmiControlManager.CEC_SETTING_NAME_QUERY_SAD_WMAPRO, android.hardware.hdmi.HdmiControlManager.CEC_SETTING_NAME_QUERY_SAD_MAX, android.hardware.hdmi.HdmiControlManager.SETTING_NAME_EARC_ENABLED}" />
    </annotation>
  </item>
  <item name="android.hardware.hdmi.HdmiControlManager java.util.List&lt;java.lang.String&gt; getUserCecSettings()">
    <annotation name="androidx.annotation.StringDef">
      <val name="value" val="{android.hardware.hdmi.HdmiControlManager.CEC_SETTING_NAME_HDMI_CEC_ENABLED, android.hardware.hdmi.HdmiControlManager.CEC_SETTING_NAME_HDMI_CEC_VERSION, android.hardware.hdmi.HdmiControlManager.CEC_SETTING_NAME_ROUTING_CONTROL, android.hardware.hdmi.HdmiControlManager.CEC_SETTING_NAME_SOUNDBAR_MODE, android.hardware.hdmi.HdmiControlManager.CEC_SETTING_NAME_POWER_CONTROL_MODE, android.hardware.hdmi.HdmiControlManager.CEC_SETTING_NAME_POWER_STATE_CHANGE_ON_ACTIVE_SOURCE_LOST, android.hardware.hdmi.HdmiControlManager.CEC_SETTING_NAME_SYSTEM_AUDIO_CONTROL, android.hardware.hdmi.HdmiControlManager.CEC_SETTING_NAME_SYSTEM_AUDIO_MODE_MUTING, android.hardware.hdmi.HdmiControlManager.CEC_SETTING_NAME_VOLUME_CONTROL_MODE, android.hardware.hdmi.HdmiControlManager.CEC_SETTING_NAME_TV_WAKE_ON_ONE_TOUCH_PLAY, android.hardware.hdmi.HdmiControlManager.CEC_SETTING_NAME_TV_SEND_STANDBY_ON_SLEEP, android.hardware.hdmi.HdmiControlManager.CEC_SETTING_NAME_QUERY_SAD_LPCM, android.hardware.hdmi.HdmiControlManager.CEC_SETTING_NAME_QUERY_SAD_DD, android.hardware.hdmi.HdmiControlManager.CEC_SETTING_NAME_QUERY_SAD_MPEG1, android.hardware.hdmi.HdmiControlManager.CEC_SETTING_NAME_QUERY_SAD_MP3, android.hardware.hdmi.HdmiControlManager.CEC_SETTING_NAME_QUERY_SAD_MPEG2, android.hardware.hdmi.HdmiControlManager.CEC_SETTING_NAME_QUERY_SAD_AAC, android.hardware.hdmi.HdmiControlManager.CEC_SETTING_NAME_QUERY_SAD_DTS, android.hardware.hdmi.HdmiControlManager.CEC_SETTING_NAME_QUERY_SAD_ATRAC, android.hardware.hdmi.HdmiControlManager.CEC_SETTING_NAME_QUERY_SAD_ONEBITAUDIO, android.hardware.hdmi.HdmiControlManager.CEC_SETTING_NAME_QUERY_SAD_DDP, android.hardware.hdmi.HdmiControlManager.CEC_SETTING_NAME_QUERY_SAD_DTSHD, android.hardware.hdmi.HdmiControlManager.CEC_SETTING_NAME_QUERY_SAD_TRUEHD, android.hardware.hdmi.HdmiControlManager.CEC_SETTING_NAME_QUERY_SAD_DST, android.hardware.hdmi.HdmiControlManager.CEC_SETTING_NAME_QUERY_SAD_WMAPRO, android.hardware.hdmi.HdmiControlManager.CEC_SETTING_NAME_QUERY_SAD_MAX, android.hardware.hdmi.HdmiControlManager.SETTING_NAME_EARC_ENABLED}" />
    </annotation>
    <annotation name="androidx.annotation.RequiresPermission">
      <val name="value" val="&quot;android.permission.HDMI_CEC&quot;" />
    </annotation>
  </item>
  <item name="android.hardware.hdmi.HdmiControlManager void addHdmiCecEnabledChangeListener(android.hardware.hdmi.HdmiControlManager.CecSettingChangeListener)">
    <annotation name="androidx.annotation.RequiresPermission">
      <val name="value" val="&quot;android.permission.HDMI_CEC&quot;" />
    </annotation>
  </item>
  <item name="android.hardware.hdmi.HdmiControlManager void addHdmiCecEnabledChangeListener(java.util.concurrent.Executor, android.hardware.hdmi.HdmiControlManager.CecSettingChangeListener)">
    <annotation name="androidx.annotation.RequiresPermission">
      <val name="value" val="&quot;android.permission.HDMI_CEC&quot;" />
    </annotation>
  </item>
  <item name="android.hardware.hdmi.HdmiControlManager void addHotplugEventListener(android.hardware.hdmi.HdmiControlManager.HotplugEventListener)">
    <annotation name="androidx.annotation.RequiresPermission">
      <val name="value" val="&quot;android.permission.HDMI_CEC&quot;" />
    </annotation>
  </item>
  <item name="android.hardware.hdmi.HdmiControlManager void addHotplugEventListener(java.util.concurrent.Executor, android.hardware.hdmi.HdmiControlManager.HotplugEventListener)">
    <annotation name="androidx.annotation.RequiresPermission">
      <val name="value" val="&quot;android.permission.HDMI_CEC&quot;" />
    </annotation>
  </item>
  <item name="android.hardware.hdmi.HdmiControlManager void removeHdmiCecEnabledChangeListener(android.hardware.hdmi.HdmiControlManager.CecSettingChangeListener)">
    <annotation name="androidx.annotation.RequiresPermission">
      <val name="value" val="&quot;android.permission.HDMI_CEC&quot;" />
    </annotation>
  </item>
  <item name="android.hardware.hdmi.HdmiControlManager void removeHotplugEventListener(android.hardware.hdmi.HdmiControlManager.HotplugEventListener)">
    <annotation name="androidx.annotation.RequiresPermission">
      <val name="value" val="&quot;android.permission.HDMI_CEC&quot;" />
    </annotation>
  </item>
  <item name="android.hardware.hdmi.HdmiControlManager void setEarcEnabled(int)">
    <annotation name="androidx.annotation.RequiresPermission">
      <val name="value" val="&quot;android.permission.HDMI_CEC&quot;" />
    </annotation>
  </item>
  <item name="android.hardware.hdmi.HdmiControlManager void setEarcEnabled(int) 0">
    <annotation name="androidx.annotation.IntDef">
      <val name="value" val="{android.hardware.hdmi.HdmiControlManager.EARC_FEATURE_ENABLED, android.hardware.hdmi.HdmiControlManager.EARC_FEATURE_DISABLED}" />
    </annotation>
  </item>
  <item name="android.hardware.hdmi.HdmiControlManager void setHdmiCecEnabled(int)">
    <annotation name="androidx.annotation.RequiresPermission">
      <val name="value" val="&quot;android.permission.HDMI_CEC&quot;" />
    </annotation>
  </item>
  <item name="android.hardware.hdmi.HdmiControlManager void setHdmiCecEnabled(int) 0">
    <annotation name="androidx.annotation.IntDef">
      <val name="value" val="{android.hardware.hdmi.HdmiControlManager.HDMI_CEC_CONTROL_ENABLED, android.hardware.hdmi.HdmiControlManager.HDMI_CEC_CONTROL_DISABLED}" />
    </annotation>
  </item>
  <item name="android.hardware.hdmi.HdmiControlManager void setHdmiCecVersion(int)">
    <annotation name="androidx.annotation.RequiresPermission">
      <val name="value" val="&quot;android.permission.HDMI_CEC&quot;" />
    </annotation>
  </item>
  <item name="android.hardware.hdmi.HdmiControlManager void setHdmiCecVersion(int) 0">
    <annotation name="androidx.annotation.IntDef">
      <val name="value" val="{android.hardware.hdmi.HdmiControlManager.HDMI_CEC_VERSION_1_4_B, android.hardware.hdmi.HdmiControlManager.HDMI_CEC_VERSION_2_0}" />
    </annotation>
  </item>
  <item name="android.hardware.hdmi.HdmiControlManager void setHdmiCecVolumeControlEnabled(int)">
    <annotation name="androidx.annotation.RequiresPermission">
      <val name="value" val="&quot;android.permission.HDMI_CEC&quot;" />
    </annotation>
  </item>
  <item name="android.hardware.hdmi.HdmiControlManager void setHdmiCecVolumeControlEnabled(int) 0">
    <annotation name="androidx.annotation.IntDef">
      <val name="value" val="{android.hardware.hdmi.HdmiControlManager.VOLUME_CONTROL_ENABLED, android.hardware.hdmi.HdmiControlManager.VOLUME_CONTROL_DISABLED}" />
    </annotation>
  </item>
  <item name="android.hardware.hdmi.HdmiControlManager void setPowerControlMode(java.lang.String)">
    <annotation name="androidx.annotation.RequiresPermission">
      <val name="value" val="&quot;android.permission.HDMI_CEC&quot;" />
    </annotation>
  </item>
  <item name="android.hardware.hdmi.HdmiControlManager void setPowerControlMode(java.lang.String) 0">
    <annotation name="androidx.annotation.StringDef">
      <val name="value" val="{android.hardware.hdmi.HdmiControlManager.POWER_CONTROL_MODE_TV, android.hardware.hdmi.HdmiControlManager.POWER_CONTROL_MODE_TV_AND_AUDIO_SYSTEM, android.hardware.hdmi.HdmiControlManager.POWER_CONTROL_MODE_BROADCAST, android.hardware.hdmi.HdmiControlManager.POWER_CONTROL_MODE_NONE}" />
    </annotation>
  </item>
  <item name="android.hardware.hdmi.HdmiControlManager void setPowerStateChangeOnActiveSourceLost(java.lang.String)">
    <annotation name="androidx.annotation.RequiresPermission">
      <val name="value" val="&quot;android.permission.HDMI_CEC&quot;" />
    </annotation>
  </item>
  <item name="android.hardware.hdmi.HdmiControlManager void setPowerStateChangeOnActiveSourceLost(java.lang.String) 0">
    <annotation name="androidx.annotation.StringDef">
      <val name="value" val="{android.hardware.hdmi.HdmiControlManager.POWER_STATE_CHANGE_ON_ACTIVE_SOURCE_LOST_NONE, android.hardware.hdmi.HdmiControlManager.POWER_STATE_CHANGE_ON_ACTIVE_SOURCE_LOST_STANDBY_NOW}" />
    </annotation>
  </item>
  <item name="android.hardware.hdmi.HdmiControlManager void setRoutingControl(int)">
    <annotation name="androidx.annotation.RequiresPermission">
      <val name="value" val="&quot;android.permission.HDMI_CEC&quot;" />
    </annotation>
  </item>
  <item name="android.hardware.hdmi.HdmiControlManager void setRoutingControl(int) 0">
    <annotation name="androidx.annotation.IntDef">
      <val name="value" val="{android.hardware.hdmi.HdmiControlManager.ROUTING_CONTROL_ENABLED, android.hardware.hdmi.HdmiControlManager.ROUTING_CONTROL_DISABLED}" />
    </annotation>
  </item>
  <item name="android.hardware.hdmi.HdmiControlManager void setSadPresenceInQuery(java.lang.String, int)">
    <annotation name="androidx.annotation.RequiresPermission">
      <val name="value" val="&quot;android.permission.HDMI_CEC&quot;" />
    </annotation>
  </item>
  <item name="android.hardware.hdmi.HdmiControlManager void setSadPresenceInQuery(java.lang.String, int) 0">
    <annotation name="androidx.annotation.StringDef">
      <val name="value" val="{android.hardware.hdmi.HdmiControlManager.CEC_SETTING_NAME_QUERY_SAD_LPCM, android.hardware.hdmi.HdmiControlManager.CEC_SETTING_NAME_QUERY_SAD_DD, android.hardware.hdmi.HdmiControlManager.CEC_SETTING_NAME_QUERY_SAD_MPEG1, android.hardware.hdmi.HdmiControlManager.CEC_SETTING_NAME_QUERY_SAD_MP3, android.hardware.hdmi.HdmiControlManager.CEC_SETTING_NAME_QUERY_SAD_MPEG2, android.hardware.hdmi.HdmiControlManager.CEC_SETTING_NAME_QUERY_SAD_AAC, android.hardware.hdmi.HdmiControlManager.CEC_SETTING_NAME_QUERY_SAD_DTS, android.hardware.hdmi.HdmiControlManager.CEC_SETTING_NAME_QUERY_SAD_ATRAC, android.hardware.hdmi.HdmiControlManager.CEC_SETTING_NAME_QUERY_SAD_ONEBITAUDIO, android.hardware.hdmi.HdmiControlManager.CEC_SETTING_NAME_QUERY_SAD_DDP, android.hardware.hdmi.HdmiControlManager.CEC_SETTING_NAME_QUERY_SAD_DTSHD, android.hardware.hdmi.HdmiControlManager.CEC_SETTING_NAME_QUERY_SAD_TRUEHD, android.hardware.hdmi.HdmiControlManager.CEC_SETTING_NAME_QUERY_SAD_DST, android.hardware.hdmi.HdmiControlManager.CEC_SETTING_NAME_QUERY_SAD_WMAPRO, android.hardware.hdmi.HdmiControlManager.CEC_SETTING_NAME_QUERY_SAD_MAX}" />
    </annotation>
  </item>
  <item name="android.hardware.hdmi.HdmiControlManager void setSadPresenceInQuery(java.lang.String, int) 1">
    <annotation name="androidx.annotation.IntDef">
      <val name="value" val="{android.hardware.hdmi.HdmiControlManager.QUERY_SAD_ENABLED, android.hardware.hdmi.HdmiControlManager.QUERY_SAD_DISABLED}" />
    </annotation>
  </item>
  <item name="android.hardware.hdmi.HdmiControlManager void setSadsPresenceInQuery(java.util.List&lt;java.lang.String&gt;, int)">
    <annotation name="androidx.annotation.RequiresPermission">
      <val name="value" val="&quot;android.permission.HDMI_CEC&quot;" />
    </annotation>
  </item>
  <item name="android.hardware.hdmi.HdmiControlManager void setSadsPresenceInQuery(java.util.List&lt;java.lang.String&gt;, int) 0">
    <annotation name="androidx.annotation.StringDef">
      <val name="value" val="{android.hardware.hdmi.HdmiControlManager.CEC_SETTING_NAME_QUERY_SAD_LPCM, android.hardware.hdmi.HdmiControlManager.CEC_SETTING_NAME_QUERY_SAD_DD, android.hardware.hdmi.HdmiControlManager.CEC_SETTING_NAME_QUERY_SAD_MPEG1, android.hardware.hdmi.HdmiControlManager.CEC_SETTING_NAME_QUERY_SAD_MP3, android.hardware.hdmi.HdmiControlManager.CEC_SETTING_NAME_QUERY_SAD_MPEG2, android.hardware.hdmi.HdmiControlManager.CEC_SETTING_NAME_QUERY_SAD_AAC, android.hardware.hdmi.HdmiControlManager.CEC_SETTING_NAME_QUERY_SAD_DTS, android.hardware.hdmi.HdmiControlManager.CEC_SETTING_NAME_QUERY_SAD_ATRAC, android.hardware.hdmi.HdmiControlManager.CEC_SETTING_NAME_QUERY_SAD_ONEBITAUDIO, android.hardware.hdmi.HdmiControlManager.CEC_SETTING_NAME_QUERY_SAD_DDP, android.hardware.hdmi.HdmiControlManager.CEC_SETTING_NAME_QUERY_SAD_DTSHD, android.hardware.hdmi.HdmiControlManager.CEC_SETTING_NAME_QUERY_SAD_TRUEHD, android.hardware.hdmi.HdmiControlManager.CEC_SETTING_NAME_QUERY_SAD_DST, android.hardware.hdmi.HdmiControlManager.CEC_SETTING_NAME_QUERY_SAD_WMAPRO, android.hardware.hdmi.HdmiControlManager.CEC_SETTING_NAME_QUERY_SAD_MAX}" />
    </annotation>
  </item>
  <item name="android.hardware.hdmi.HdmiControlManager void setSadsPresenceInQuery(java.util.List&lt;java.lang.String&gt;, int) 1">
    <annotation name="androidx.annotation.IntDef">
      <val name="value" val="{android.hardware.hdmi.HdmiControlManager.QUERY_SAD_ENABLED, android.hardware.hdmi.HdmiControlManager.QUERY_SAD_DISABLED}" />
    </annotation>
  </item>
  <item name="android.hardware.hdmi.HdmiControlManager void setSoundbarMode(int)">
    <annotation name="androidx.annotation.RequiresPermission">
      <val name="value" val="&quot;android.permission.HDMI_CEC&quot;" />
    </annotation>
  </item>
  <item name="android.hardware.hdmi.HdmiControlManager void setSoundbarMode(int) 0">
    <annotation name="androidx.annotation.IntDef">
      <val name="value" val="{android.hardware.hdmi.HdmiControlManager.SOUNDBAR_MODE_ENABLED, android.hardware.hdmi.HdmiControlManager.SOUNDBAR_MODE_DISABLED}" />
    </annotation>
  </item>
  <item name="android.hardware.hdmi.HdmiControlManager void setStandbyMode(boolean)">
    <annotation name="androidx.annotation.RequiresPermission">
      <val name="value" val="&quot;android.permission.HDMI_CEC&quot;" />
    </annotation>
  </item>
  <item name="android.hardware.hdmi.HdmiControlManager void setSystemAudioControl(int)">
    <annotation name="androidx.annotation.RequiresPermission">
      <val name="value" val="&quot;android.permission.HDMI_CEC&quot;" />
    </annotation>
  </item>
  <item name="android.hardware.hdmi.HdmiControlManager void setSystemAudioControl(int) 0">
    <annotation name="androidx.annotation.IntDef">
      <val name="value" val="{android.hardware.hdmi.HdmiControlManager.SYSTEM_AUDIO_CONTROL_ENABLED, android.hardware.hdmi.HdmiControlManager.SYSTEM_AUDIO_CONTROL_DISABLED}" />
    </annotation>
  </item>
  <item name="android.hardware.hdmi.HdmiControlManager void setSystemAudioModeMuting(int)">
    <annotation name="androidx.annotation.RequiresPermission">
      <val name="value" val="&quot;android.permission.HDMI_CEC&quot;" />
    </annotation>
  </item>
  <item name="android.hardware.hdmi.HdmiControlManager void setSystemAudioModeMuting(int) 0">
    <annotation name="androidx.annotation.IntDef">
      <val name="value" val="{android.hardware.hdmi.HdmiControlManager.SYSTEM_AUDIO_MODE_MUTING_ENABLED, android.hardware.hdmi.HdmiControlManager.SYSTEM_AUDIO_MODE_MUTING_DISABLED}" />
    </annotation>
  </item>
  <item name="android.hardware.hdmi.HdmiControlManager void setTvSendStandbyOnSleep(int)">
    <annotation name="androidx.annotation.RequiresPermission">
      <val name="value" val="&quot;android.permission.HDMI_CEC&quot;" />
    </annotation>
  </item>
  <item name="android.hardware.hdmi.HdmiControlManager void setTvSendStandbyOnSleep(int) 0">
    <annotation name="androidx.annotation.IntDef">
      <val name="value" val="{android.hardware.hdmi.HdmiControlManager.TV_SEND_STANDBY_ON_SLEEP_ENABLED, android.hardware.hdmi.HdmiControlManager.TV_SEND_STANDBY_ON_SLEEP_DISABLED}" />
    </annotation>
  </item>
  <item name="android.hardware.hdmi.HdmiControlManager void setTvWakeOnOneTouchPlay(int)">
    <annotation name="androidx.annotation.RequiresPermission">
      <val name="value" val="&quot;android.permission.HDMI_CEC&quot;" />
    </annotation>
  </item>
  <item name="android.hardware.hdmi.HdmiControlManager void setTvWakeOnOneTouchPlay(int) 0">
    <annotation name="androidx.annotation.IntDef">
      <val name="value" val="{android.hardware.hdmi.HdmiControlManager.TV_WAKE_ON_ONE_TOUCH_PLAY_ENABLED, android.hardware.hdmi.HdmiControlManager.TV_WAKE_ON_ONE_TOUCH_PLAY_DISABLED}" />
    </annotation>
  </item>
  <item name="android.hardware.hdmi.HdmiControlManager.CecSettingChangeListener void onChange(java.lang.String) 0">
    <annotation name="androidx.annotation.StringDef">
      <val name="value" val="{android.hardware.hdmi.HdmiControlManager.CEC_SETTING_NAME_HDMI_CEC_ENABLED, android.hardware.hdmi.HdmiControlManager.CEC_SETTING_NAME_HDMI_CEC_VERSION, android.hardware.hdmi.HdmiControlManager.CEC_SETTING_NAME_ROUTING_CONTROL, android.hardware.hdmi.HdmiControlManager.CEC_SETTING_NAME_SOUNDBAR_MODE, android.hardware.hdmi.HdmiControlManager.CEC_SETTING_NAME_POWER_CONTROL_MODE, android.hardware.hdmi.HdmiControlManager.CEC_SETTING_NAME_POWER_STATE_CHANGE_ON_ACTIVE_SOURCE_LOST, android.hardware.hdmi.HdmiControlManager.CEC_SETTING_NAME_SYSTEM_AUDIO_CONTROL, android.hardware.hdmi.HdmiControlManager.CEC_SETTING_NAME_SYSTEM_AUDIO_MODE_MUTING, android.hardware.hdmi.HdmiControlManager.CEC_SETTING_NAME_VOLUME_CONTROL_MODE, android.hardware.hdmi.HdmiControlManager.CEC_SETTING_NAME_TV_WAKE_ON_ONE_TOUCH_PLAY, android.hardware.hdmi.HdmiControlManager.CEC_SETTING_NAME_TV_SEND_STANDBY_ON_SLEEP, android.hardware.hdmi.HdmiControlManager.CEC_SETTING_NAME_QUERY_SAD_LPCM, android.hardware.hdmi.HdmiControlManager.CEC_SETTING_NAME_QUERY_SAD_DD, android.hardware.hdmi.HdmiControlManager.CEC_SETTING_NAME_QUERY_SAD_MPEG1, android.hardware.hdmi.HdmiControlManager.CEC_SETTING_NAME_QUERY_SAD_MP3, android.hardware.hdmi.HdmiControlManager.CEC_SETTING_NAME_QUERY_SAD_MPEG2, android.hardware.hdmi.HdmiControlManager.CEC_SETTING_NAME_QUERY_SAD_AAC, android.hardware.hdmi.HdmiControlManager.CEC_SETTING_NAME_QUERY_SAD_DTS, android.hardware.hdmi.HdmiControlManager.CEC_SETTING_NAME_QUERY_SAD_ATRAC, android.hardware.hdmi.HdmiControlManager.CEC_SETTING_NAME_QUERY_SAD_ONEBITAUDIO, android.hardware.hdmi.HdmiControlManager.CEC_SETTING_NAME_QUERY_SAD_DDP, android.hardware.hdmi.HdmiControlManager.CEC_SETTING_NAME_QUERY_SAD_DTSHD, android.hardware.hdmi.HdmiControlManager.CEC_SETTING_NAME_QUERY_SAD_TRUEHD, android.hardware.hdmi.HdmiControlManager.CEC_SETTING_NAME_QUERY_SAD_DST, android.hardware.hdmi.HdmiControlManager.CEC_SETTING_NAME_QUERY_SAD_WMAPRO, android.hardware.hdmi.HdmiControlManager.CEC_SETTING_NAME_QUERY_SAD_MAX, android.hardware.hdmi.HdmiControlManager.SETTING_NAME_EARC_ENABLED}" />
    </annotation>
  </item>
  <item name="android.hardware.hdmi.HdmiSwitchClient.OnSelectListener void onSelect(int) 0">
    <annotation name="androidx.annotation.IntDef">
      <val name="value" val="{android.hardware.hdmi.HdmiControlManager.RESULT_SUCCESS, android.hardware.hdmi.HdmiControlManager.RESULT_TIMEOUT, android.hardware.hdmi.HdmiControlManager.RESULT_SOURCE_NOT_AVAILABLE, android.hardware.hdmi.HdmiControlManager.RESULT_TARGET_NOT_AVAILABLE, android.hardware.hdmi.HdmiControlManager.RESULT_ALREADY_IN_PROGRESS, android.hardware.hdmi.HdmiControlManager.RESULT_EXCEPTION, android.hardware.hdmi.HdmiControlManager.RESULT_INCORRECT_MODE, android.hardware.hdmi.HdmiControlManager.RESULT_COMMUNICATION_FAILED}" />
    </annotation>
  </item>
</root>

