<?xml version="1.0" encoding="UTF-8"?>
<root>
  <item name="android.service.ambientcontext.AmbientContextDetectionService void onQueryServiceStatus(int[], java.lang.String, java.util.function.Consumer&lt;android.service.ambientcontext.AmbientContextDetectionServiceStatus&gt;)">
    <annotation name="androidx.annotation.BinderThread"/>
  </item>
  <item name="android.service.ambientcontext.AmbientContextDetectionService void onStartDetection(android.app.ambientcontext.AmbientContextEventRequest, java.lang.String, java.util.function.Consumer&lt;android.service.ambientcontext.AmbientContextDetectionResult&gt;, java.util.function.Consumer&lt;android.service.ambientcontext.AmbientContextDetectionServiceStatus&gt;)">
    <annotation name="androidx.annotation.BinderThread"/>
  </item>
  <item name="android.service.ambientcontext.AmbientContextDetectionServiceStatus int getStatusCode()">
    <annotation name="androidx.annotation.IntDef">
      <val name="value" val="{android.app.ambientcontext.AmbientContextManager.STATUS_UNKNOWN, android.app.ambientcontext.AmbientContextManager.STATUS_SUCCESS, android.app.ambientcontext.AmbientContextManager.STATUS_NOT_SUPPORTED, android.app.ambientcontext.AmbientContextManager.STATUS_SERVICE_UNAVAILABLE, android.app.ambientcontext.AmbientContextManager.STATUS_MICROPHONE_DISABLED, android.app.ambientcontext.AmbientContextManager.STATUS_ACCESS_DENIED}" />
    </annotation>
  </item>
  <item name="android.service.ambientcontext.AmbientContextDetectionServiceStatus.Builder android.service.ambientcontext.AmbientContextDetectionServiceStatus.Builder setStatusCode(int) 0">
    <annotation name="androidx.annotation.IntDef">
      <val name="value" val="{android.app.ambientcontext.AmbientContextManager.STATUS_UNKNOWN, android.app.ambientcontext.AmbientContextManager.STATUS_SUCCESS, android.app.ambientcontext.AmbientContextManager.STATUS_NOT_SUPPORTED, android.app.ambientcontext.AmbientContextManager.STATUS_SERVICE_UNAVAILABLE, android.app.ambientcontext.AmbientContextManager.STATUS_MICROPHONE_DISABLED, android.app.ambientcontext.AmbientContextManager.STATUS_ACCESS_DENIED}" />
    </annotation>
  </item>
</root>

