<?xml version="1.0" encoding="UTF-8"?>
<root>
  <item name="android.content.integrity.Rule Rule(android.content.integrity.IntegrityFormula, int) 1">
    <annotation name="androidx.annotation.IntDef">
      <val name="value" val="{android.content.integrity.Rule.DENY, android.content.integrity.Rule.FORCE_ALLOW}" />
    </annotation>
  </item>
  <item name="android.content.integrity.Rule int getEffect()">
    <annotation name="androidx.annotation.IntDef">
      <val name="value" val="{android.content.integrity.Rule.DENY, android.content.integrity.Rule.FORCE_ALLOW}" />
    </annotation>
  </item>
</root>

