<?xml version="1.0" encoding="UTF-8"?>
<root>
  <item name="android.app.appfunctions.AppFunctionManager void executeAppFunction(android.app.appfunctions.ExecuteAppFunctionRequest, java.util.concurrent.Executor, java.util.function.Consumer&lt;android.app.appfunctions.ExecuteAppFunctionResponse&gt;)">
    <annotation name="androidx.annotation.RequiresPermission">
      <val name="anyOf" val="{&quot;android.permission.EXECUTE_APP_FUNCTIONS_TRUSTED&quot;, &quot;android.permission.EXECUTE_APP_FUNCTIONS&quot;}" />
      <val name="conditional" val="true" />
    </annotation>
  </item>
  <item name="android.app.appfunctions.AppFunctionService void onExecuteFunction(android.app.appfunctions.ExecuteAppFunctionRequest, java.util.function.Consumer&lt;android.app.appfunctions.ExecuteAppFunctionResponse&gt;)">
    <annotation name="androidx.annotation.MainThread"/>
  </item>
  <item name="android.app.appfunctions.ExecuteAppFunctionResponse android.app.appfunctions.ExecuteAppFunctionResponse newFailure(int, java.lang.String, android.os.Bundle) 0">
    <annotation name="androidx.annotation.IntDef">
      <val name="value" val="{android.app.appfunctions.ExecuteAppFunctionResponse.RESULT_OK, android.app.appfunctions.ExecuteAppFunctionResponse.RESULT_DENIED, android.app.appfunctions.ExecuteAppFunctionResponse.RESULT_APP_UNKNOWN_ERROR, android.app.appfunctions.ExecuteAppFunctionResponse.RESULT_INTERNAL_ERROR, android.app.appfunctions.ExecuteAppFunctionResponse.RESULT_INVALID_ARGUMENT, android.app.appfunctions.ExecuteAppFunctionResponse.RESULT_TIMED_OUT}" />
    </annotation>
  </item>
  <item name="android.app.appfunctions.ExecuteAppFunctionResponse int getResultCode()">
    <annotation name="androidx.annotation.IntDef">
      <val name="value" val="{android.app.appfunctions.ExecuteAppFunctionResponse.RESULT_OK, android.app.appfunctions.ExecuteAppFunctionResponse.RESULT_DENIED, android.app.appfunctions.ExecuteAppFunctionResponse.RESULT_APP_UNKNOWN_ERROR, android.app.appfunctions.ExecuteAppFunctionResponse.RESULT_INTERNAL_ERROR, android.app.appfunctions.ExecuteAppFunctionResponse.RESULT_INVALID_ARGUMENT, android.app.appfunctions.ExecuteAppFunctionResponse.RESULT_TIMED_OUT}" />
    </annotation>
  </item>
</root>

