<?xml version="1.0" encoding="UTF-8"?>
<root>
  <item name="android.ranging.wifi.rtt.RttRangingParams int getRangingUpdateRate()">
    <annotation name="androidx.annotation.IntDef">
      <val name="value" val="{android.ranging.raw.RawRangingDevice.UPDATE_RATE_NORMAL, android.ranging.raw.RawRangingDevice.UPDATE_RATE_INFREQUENT, android.ranging.raw.RawRangingDevice.UPDATE_RATE_FREQUENT}" />
    </annotation>
  </item>
  <item name="android.ranging.wifi.rtt.RttRangingParams.Builder android.ranging.wifi.rtt.RttRangingParams.Builder setRangingUpdateRate(int) 0">
    <annotation name="androidx.annotation.IntDef">
      <val name="value" val="{android.ranging.raw.RawRangingDevice.UPDATE_RATE_NORMAL, android.ranging.raw.RawRangingDevice.UPDATE_RATE_INFREQUENT, android.ranging.raw.RawRangingDevice.UPDATE_RATE_FREQUENT}" />
    </annotation>
  </item>
</root>

