<?xml version="1.0" encoding="UTF-8"?>
<root>
  <item name="android.speech.tts.SynthesisRequest SynthesisRequest(java.lang.String, android.os.Bundle) 1">
    <annotation name="android.support.annotation.NonNull" />
  </item>
  <item name="android.speech.tts.SynthesisRequest android.os.Bundle getParams()">
    <annotation name="android.support.annotation.NonNull" />
  </item>
  <item name="android.speech.tts.TextToSpeech int addEarcon(java.lang.String, java.lang.String, int) 2">
    <annotation name="android.support.annotation.RawRes" />
  </item>
  <item name="android.speech.tts.TextToSpeech int addSpeech(java.lang.CharSequence, java.lang.String, int) 2">
    <annotation name="android.support.annotation.RawRes" />
  </item>
  <item name="android.speech.tts.TextToSpeech int addSpeech(java.lang.String, java.lang.String, int) 2">
    <annotation name="android.support.annotation.RawRes" />
  </item>
  <item name="android.speech.tts.TextToSpeech int isLanguageAvailable(java.util.Locale) 0">
    <annotation name="android.support.annotation.NonNull" />
  </item>
  <item name="android.speech.tts.TextToSpeech java.util.List&lt;android.speech.tts.TextToSpeech.EngineInfo&gt; getEngines()">
    <annotation name="android.support.annotation.NonNull" />
  </item>
  <item name="android.speech.tts.TextToSpeech java.util.Set&lt;java.lang.String&gt; getFeatures(java.util.Locale) 0">
    <annotation name="android.support.annotation.NonNull" />
  </item>
  <item name="android.speech.tts.TextToSpeechService android.os.IBinder onBind(android.content.Intent) 0">
    <annotation name="android.support.annotation.NonNull" />
  </item>
</root>

