<?xml version="1.0" encoding="UTF-8"?>
<root>
  <item name="com.android.server.art.ArtManagerLocal com.android.server.art.model.DeleteResult deleteOptimizedArtifacts(com.android.server.pm.PackageManagerLocal.FilteredSnapshot, java.lang.String, int) 2">
    <annotation name="androidx.annotation.IntDef">
      <val name="value" val="{com.android.server.art.model.ArtFlags.FLAG_FOR_PRIMARY_DEX, com.android.server.art.model.ArtFlags.FLAG_FOR_SECONDARY_DEX}" />
      <val name="flag" val="true" />
    </annotation>
  </item>
  <item name="com.android.server.art.ArtManagerLocal com.android.server.art.model.OptimizationStatus getOptimizationStatus(com.android.server.pm.PackageManagerLocal.FilteredSnapshot, java.lang.String, int) 2">
    <annotation name="androidx.annotation.IntDef">
      <val name="value" val="{com.android.server.art.model.ArtFlags.FLAG_FOR_PRIMARY_DEX, com.android.server.art.model.ArtFlags.FLAG_FOR_SECONDARY_DEX}" />
      <val name="flag" val="true" />
    </annotation>
  </item>
  <item name="com.android.server.art.ArtManagerLocal int scheduleBackgroundDexoptJob()">
    <annotation name="androidx.annotation.IntDef">
      <val name="value" val="{com.android.server.art.model.ArtFlags.SCHEDULE_SUCCESS, com.android.server.art.model.ArtFlags.SCHEDULE_JOB_SCHEDULER_FAILURE, com.android.server.art.model.ArtFlags.SCHEDULE_DISABLED_BY_SYSPROP}" />
    </annotation>
  </item>
  <item name="com.android.server.art.ArtManagerLocal void onBoot(java.lang.String, java.util.concurrent.Executor, java.util.function.Consumer&lt;com.android.server.art.model.OperationProgress&gt;) 0">
    <annotation name="androidx.annotation.StringDef">
      <val name="value" val="{com.android.server.art.ReasonMapping.REASON_FIRST_BOOT, com.android.server.art.ReasonMapping.REASON_BOOT_AFTER_OTA, com.android.server.art.ReasonMapping.REASON_BOOT_AFTER_MAINLINE_UPDATE}" />
    </annotation>
  </item>
  <item name="com.android.server.art.ArtManagerLocal.OptimizePackagesCallback void onOverrideBatchOptimizeParams(com.android.server.pm.PackageManagerLocal.FilteredSnapshot, java.lang.String, java.util.List&lt;java.lang.String&gt;, com.android.server.art.model.BatchOptimizeParams.Builder) 1">
    <annotation name="androidx.annotation.StringDef">
      <val name="value" val="{com.android.server.art.ReasonMapping.REASON_FIRST_BOOT, com.android.server.art.ReasonMapping.REASON_BOOT_AFTER_OTA, com.android.server.art.ReasonMapping.REASON_BOOT_AFTER_MAINLINE_UPDATE, com.android.server.art.ReasonMapping.REASON_BG_DEXOPT}" />
    </annotation>
  </item>
</root>

