<?xml version="1.0" encoding="UTF-8"?>
<root>
  <item name="android.system.virtualmachine.VirtualMachine android.os.IBinder connectToVsockServer(long)">
    <annotation name="androidx.annotation.WorkerThread"/>
  </item>
  <item name="android.system.virtualmachine.VirtualMachine android.os.IBinder connectToVsockServer(long) 0">
    <annotation name="androidx.annotation.IntRange">
      <val name="from" val="1024" />
      <val name="to" val="4294967295" />
    </annotation>
  </item>
  <item name="android.system.virtualmachine.VirtualMachine android.os.ParcelFileDescriptor connectVsock(long)">
    <annotation name="androidx.annotation.WorkerThread"/>
  </item>
  <item name="android.system.virtualmachine.VirtualMachine android.os.ParcelFileDescriptor connectVsock(long) 0">
    <annotation name="androidx.annotation.IntRange">
      <val name="from" val="1024" />
      <val name="to" val="4294967295" />
    </annotation>
  </item>
  <item name="android.system.virtualmachine.VirtualMachine android.system.virtualmachine.VirtualMachineConfig getConfig()">
    <annotation name="androidx.annotation.WorkerThread"/>
  </item>
  <item name="android.system.virtualmachine.VirtualMachine android.system.virtualmachine.VirtualMachineConfig setConfig(android.system.virtualmachine.VirtualMachineConfig)">
    <annotation name="androidx.annotation.WorkerThread"/>
  </item>
  <item name="android.system.virtualmachine.VirtualMachine android.system.virtualmachine.VirtualMachineDescriptor toDescriptor()">
    <annotation name="androidx.annotation.WorkerThread"/>
  </item>
  <item name="android.system.virtualmachine.VirtualMachine int getStatus()">
    <annotation name="androidx.annotation.WorkerThread"/>
    <annotation name="androidx.annotation.IntDef">
      <val name="value" val="{android.system.virtualmachine.VirtualMachine.STATUS_STOPPED, android.system.virtualmachine.VirtualMachine.STATUS_RUNNING, android.system.virtualmachine.VirtualMachine.STATUS_DELETED}" />
    </annotation>
  </item>
  <item name="android.system.virtualmachine.VirtualMachine java.io.InputStream getConsoleOutput()">
    <annotation name="androidx.annotation.WorkerThread"/>
  </item>
  <item name="android.system.virtualmachine.VirtualMachine java.io.InputStream getLogOutput()">
    <annotation name="androidx.annotation.WorkerThread"/>
  </item>
  <item name="android.system.virtualmachine.VirtualMachine void close()">
    <annotation name="androidx.annotation.WorkerThread"/>
  </item>
  <item name="android.system.virtualmachine.VirtualMachine void run()">
    <annotation name="androidx.annotation.WorkerThread"/>
    <annotation name="androidx.annotation.RequiresPermission">
      <val name="value" val="&quot;android.permission.MANAGE_VIRTUAL_MACHINE&quot;" />
    </annotation>
  </item>
  <item name="android.system.virtualmachine.VirtualMachine void stop()">
    <annotation name="androidx.annotation.WorkerThread"/>
  </item>
  <item name="android.system.virtualmachine.VirtualMachineCallback void onError(android.system.virtualmachine.VirtualMachine, int, java.lang.String) 1">
    <annotation name="androidx.annotation.IntDef">
      <val name="value" val="{android.system.virtualmachine.VirtualMachineCallback.ERROR_UNKNOWN, android.system.virtualmachine.VirtualMachineCallback.ERROR_PAYLOAD_VERIFICATION_FAILED, android.system.virtualmachine.VirtualMachineCallback.ERROR_PAYLOAD_CHANGED, android.system.virtualmachine.VirtualMachineCallback.ERROR_PAYLOAD_INVALID_CONFIG}" />
    </annotation>
  </item>
  <item name="android.system.virtualmachine.VirtualMachineCallback void onStopped(android.system.virtualmachine.VirtualMachine, int) 1">
    <annotation name="androidx.annotation.IntDef">
      <val name="value" val="{android.system.virtualmachine.VirtualMachineCallback.STOP_REASON_VIRTUALIZATION_SERVICE_DIED, android.system.virtualmachine.VirtualMachineCallback.STOP_REASON_INFRASTRUCTURE_ERROR, android.system.virtualmachine.VirtualMachineCallback.STOP_REASON_KILLED, android.system.virtualmachine.VirtualMachineCallback.STOP_REASON_UNKNOWN, android.system.virtualmachine.VirtualMachineCallback.STOP_REASON_SHUTDOWN, android.system.virtualmachine.VirtualMachineCallback.STOP_REASON_START_FAILED, android.system.virtualmachine.VirtualMachineCallback.STOP_REASON_REBOOT, android.system.virtualmachine.VirtualMachineCallback.STOP_REASON_CRASH, android.system.virtualmachine.VirtualMachineCallback.STOP_REASON_PVM_FIRMWARE_PUBLIC_KEY_MISMATCH, android.system.virtualmachine.VirtualMachineCallback.STOP_REASON_PVM_FIRMWARE_INSTANCE_IMAGE_CHANGED, android.system.virtualmachine.VirtualMachineCallback.STOP_REASON_BOOTLOADER_PUBLIC_KEY_MISMATCH, android.system.virtualmachine.VirtualMachineCallback.STOP_REASON_BOOTLOADER_INSTANCE_IMAGE_CHANGED, android.system.virtualmachine.VirtualMachineCallback.STOP_REASON_MICRODROID_FAILED_TO_CONNECT_TO_VIRTUALIZATION_SERVICE, android.system.virtualmachine.VirtualMachineCallback.STOP_REASON_MICRODROID_PAYLOAD_HAS_CHANGED, android.system.virtualmachine.VirtualMachineCallback.STOP_REASON_MICRODROID_PAYLOAD_VERIFICATION_FAILED, android.system.virtualmachine.VirtualMachineCallback.STOP_REASON_MICRODROID_INVALID_PAYLOAD_CONFIG, android.system.virtualmachine.VirtualMachineCallback.STOP_REASON_MICRODROID_UNKNOWN_RUNTIME_ERROR, android.system.virtualmachine.VirtualMachineCallback.STOP_REASON_HANGUP}" />
    </annotation>
  </item>
  <item name="android.system.virtualmachine.VirtualMachineConfig int getDebugLevel()">
    <annotation name="androidx.annotation.IntDef">
      <val name="value" val="{android.system.virtualmachine.VirtualMachineConfig.DEBUG_LEVEL_NONE, android.system.virtualmachine.VirtualMachineConfig.DEBUG_LEVEL_FULL}" />
    </annotation>
  </item>
  <item name="android.system.virtualmachine.VirtualMachineConfig int getNumCpus()">
    <annotation name="androidx.annotation.IntRange">
      <val name="from" val="1" />
    </annotation>
  </item>
  <item name="android.system.virtualmachine.VirtualMachineConfig long getEncryptedStorageBytes()">
    <annotation name="androidx.annotation.IntRange">
      <val name="from" val="0" />
    </annotation>
  </item>
  <item name="android.system.virtualmachine.VirtualMachineConfig long getMemoryBytes()">
    <annotation name="androidx.annotation.IntRange">
      <val name="from" val="0" />
    </annotation>
  </item>
  <item name="android.system.virtualmachine.VirtualMachineConfig.Builder android.system.virtualmachine.VirtualMachineConfig.Builder setDebugLevel(int) 0">
    <annotation name="androidx.annotation.IntDef">
      <val name="value" val="{android.system.virtualmachine.VirtualMachineConfig.DEBUG_LEVEL_NONE, android.system.virtualmachine.VirtualMachineConfig.DEBUG_LEVEL_FULL}" />
    </annotation>
  </item>
  <item name="android.system.virtualmachine.VirtualMachineConfig.Builder android.system.virtualmachine.VirtualMachineConfig.Builder setEncryptedStorageBytes(long) 0">
    <annotation name="androidx.annotation.IntRange">
      <val name="from" val="1" />
    </annotation>
  </item>
  <item name="android.system.virtualmachine.VirtualMachineConfig.Builder android.system.virtualmachine.VirtualMachineConfig.Builder setMemoryBytes(long) 0">
    <annotation name="androidx.annotation.IntRange">
      <val name="from" val="1" />
    </annotation>
  </item>
  <item name="android.system.virtualmachine.VirtualMachineConfig.Builder android.system.virtualmachine.VirtualMachineConfig.Builder setNumCpus(int) 0">
    <annotation name="androidx.annotation.IntRange">
      <val name="from" val="1" />
    </annotation>
  </item>
  <item name="android.system.virtualmachine.VirtualMachineManager android.system.virtualmachine.VirtualMachine create(java.lang.String, android.system.virtualmachine.VirtualMachineConfig)">
    <annotation name="androidx.annotation.WorkerThread"/>
    <annotation name="androidx.annotation.RequiresPermission">
      <val name="value" val="&quot;android.permission.MANAGE_VIRTUAL_MACHINE&quot;" />
    </annotation>
  </item>
  <item name="android.system.virtualmachine.VirtualMachineManager android.system.virtualmachine.VirtualMachine get(java.lang.String)">
    <annotation name="androidx.annotation.WorkerThread"/>
  </item>
  <item name="android.system.virtualmachine.VirtualMachineManager android.system.virtualmachine.VirtualMachine getOrCreate(java.lang.String, android.system.virtualmachine.VirtualMachineConfig)">
    <annotation name="androidx.annotation.WorkerThread"/>
  </item>
  <item name="android.system.virtualmachine.VirtualMachineManager android.system.virtualmachine.VirtualMachine importFromDescriptor(java.lang.String, android.system.virtualmachine.VirtualMachineDescriptor)">
    <annotation name="androidx.annotation.WorkerThread"/>
  </item>
  <item name="android.system.virtualmachine.VirtualMachineManager int getCapabilities()">
    <annotation name="androidx.annotation.IntDef">
      <val name="value" val="{android.system.virtualmachine.VirtualMachineManager.CAPABILITY_PROTECTED_VM, android.system.virtualmachine.VirtualMachineManager.CAPABILITY_NON_PROTECTED_VM}" />
      <val name="flag" val="true" />
    </annotation>
  </item>
  <item name="android.system.virtualmachine.VirtualMachineManager void delete(java.lang.String)">
    <annotation name="androidx.annotation.WorkerThread"/>
  </item>
</root>

