<?xml version="1.0" encoding="UTF-8"?>
<root>
  <item name="android.companion.AssociationRequest DEVICE_PROFILE_APP_STREAMING">
    <annotation name="androidx.annotation.RequiresPermission">
      <val name="value" val="&quot;android.permission.REQUEST_COMPANION_PROFILE_APP_STREAMING&quot;" />
    </annotation>
  </item>
  <item name="android.companion.AssociationRequest DEVICE_PROFILE_AUTOMOTIVE_PROJECTION">
    <annotation name="androidx.annotation.RequiresPermission">
      <val name="value" val="&quot;android.permission.REQUEST_COMPANION_PROFILE_AUTOMOTIVE_PROJECTION&quot;" />
    </annotation>
  </item>
  <item name="android.companion.AssociationRequest DEVICE_PROFILE_COMPUTER">
    <annotation name="androidx.annotation.RequiresPermission">
      <val name="value" val="&quot;android.permission.REQUEST_COMPANION_PROFILE_COMPUTER&quot;" />
    </annotation>
  </item>
  <item name="android.companion.AssociationRequest DEVICE_PROFILE_GLASSES">
    <annotation name="androidx.annotation.RequiresPermission">
      <val name="value" val="&quot;android.permission.REQUEST_COMPANION_PROFILE_GLASSES&quot;" />
    </annotation>
  </item>
  <item name="android.companion.AssociationRequest DEVICE_PROFILE_NEARBY_DEVICE_STREAMING">
    <annotation name="androidx.annotation.RequiresPermission">
      <val name="value" val="&quot;android.permission.REQUEST_COMPANION_PROFILE_NEARBY_DEVICE_STREAMING&quot;" />
    </annotation>
  </item>
  <item name="android.companion.AssociationRequest java.lang.String getDeviceProfile()">
    <annotation name="androidx.annotation.StringDef">
      <val name="value" val="{android.companion.AssociationRequest.DEVICE_PROFILE_WATCH, android.companion.AssociationRequest.DEVICE_PROFILE_COMPUTER, android.companion.AssociationRequest.DEVICE_PROFILE_AUTOMOTIVE_PROJECTION, android.companion.AssociationRequest.DEVICE_PROFILE_APP_STREAMING, android.companion.AssociationRequest.DEVICE_PROFILE_GLASSES, android.companion.AssociationRequest.DEVICE_PROFILE_NEARBY_DEVICE_STREAMING}" />
    </annotation>
  </item>
  <item name="android.companion.AssociationRequest.Builder android.companion.AssociationRequest.Builder setDeviceProfile(java.lang.String) 0">
    <annotation name="androidx.annotation.StringDef">
      <val name="value" val="{android.companion.AssociationRequest.DEVICE_PROFILE_WATCH, android.companion.AssociationRequest.DEVICE_PROFILE_COMPUTER, android.companion.AssociationRequest.DEVICE_PROFILE_AUTOMOTIVE_PROJECTION, android.companion.AssociationRequest.DEVICE_PROFILE_APP_STREAMING, android.companion.AssociationRequest.DEVICE_PROFILE_GLASSES, android.companion.AssociationRequest.DEVICE_PROFILE_NEARBY_DEVICE_STREAMING}" />
    </annotation>
  </item>
  <item name="android.companion.AssociationRequest.Builder android.companion.AssociationRequest.Builder setForceConfirmation(boolean)">
    <annotation name="androidx.annotation.RequiresPermission">
      <val name="value" val="&quot;android.permission.REQUEST_COMPANION_SELF_MANAGED&quot;" />
    </annotation>
  </item>
  <item name="android.companion.AssociationRequest.Builder android.companion.AssociationRequest.Builder setSelfManaged(boolean)">
    <annotation name="androidx.annotation.RequiresPermission">
      <val name="value" val="&quot;android.permission.REQUEST_COMPANION_SELF_MANAGED&quot;" />
    </annotation>
  </item>
  <item name="android.companion.CompanionDeviceManager boolean canPairWithoutPrompt(java.lang.String, java.lang.String, android.os.UserHandle)">
    <annotation name="androidx.annotation.RequiresPermission">
      <val name="value" val="&quot;android.permission.MANAGE_COMPANION_DEVICES&quot;" />
    </annotation>
  </item>
  <item name="android.companion.CompanionDeviceManager boolean isDeviceAssociatedForWifiConnection(java.lang.String, android.net.MacAddress, android.os.UserHandle)">
    <annotation name="androidx.annotation.RequiresPermission">
      <val name="value" val="&quot;android.permission.MANAGE_COMPANION_DEVICES&quot;" />
    </annotation>
  </item>
  <item name="android.companion.CompanionDeviceManager java.util.List&lt;android.companion.AssociationInfo&gt; getAllAssociations()">
    <annotation name="androidx.annotation.RequiresPermission">
      <val name="value" val="&quot;android.permission.MANAGE_COMPANION_DEVICES&quot;" />
    </annotation>
  </item>
  <item name="android.companion.CompanionDeviceManager void addOnAssociationsChangedListener(java.util.concurrent.Executor, android.companion.CompanionDeviceManager.OnAssociationsChangedListener)">
    <annotation name="androidx.annotation.RequiresPermission">
      <val name="value" val="&quot;android.permission.MANAGE_COMPANION_DEVICES&quot;" />
    </annotation>
  </item>
  <item name="android.companion.CompanionDeviceManager void associate(android.companion.AssociationRequest, android.companion.CompanionDeviceManager.Callback, android.os.Handler)">
    <annotation name="androidx.annotation.RequiresPermission">
      <val name="anyOf" val="{&quot;android.permission.REQUEST_COMPANION_PROFILE_WATCH&quot;, &quot;android.permission.REQUEST_COMPANION_PROFILE_COMPUTER&quot;, &quot;android.permission.REQUEST_COMPANION_PROFILE_APP_STREAMING&quot;, &quot;android.permission.REQUEST_COMPANION_PROFILE_AUTOMOTIVE_PROJECTION&quot;}" />
      <val name="conditional" val="true" />
    </annotation>
  </item>
  <item name="android.companion.CompanionDeviceManager void associate(android.companion.AssociationRequest, java.util.concurrent.Executor, android.companion.CompanionDeviceManager.Callback)">
    <annotation name="androidx.annotation.RequiresPermission">
      <val name="anyOf" val="{&quot;android.permission.REQUEST_COMPANION_PROFILE_WATCH&quot;, &quot;android.permission.REQUEST_COMPANION_PROFILE_COMPUTER&quot;, &quot;android.permission.REQUEST_COMPANION_PROFILE_APP_STREAMING&quot;, &quot;android.permission.REQUEST_COMPANION_PROFILE_AUTOMOTIVE_PROJECTION&quot;}" />
      <val name="conditional" val="true" />
    </annotation>
  </item>
  <item name="android.companion.CompanionDeviceManager void associate(java.lang.String, android.net.MacAddress, byte[])">
    <annotation name="androidx.annotation.RequiresPermission">
      <val name="value" val="&quot;android.permission.ASSOCIATE_COMPANION_DEVICES&quot;" />
    </annotation>
  </item>
  <item name="android.companion.CompanionDeviceManager void disableSystemDataSync(int, int) 1">
    <annotation name="androidx.annotation.IntDef">
      <val name="value" val="{android.companion.CompanionDeviceManager.FLAG_CALL_METADATA}" />
      <val name="flag" val="true" />
    </annotation>
  </item>
  <item name="android.companion.CompanionDeviceManager void enableSystemDataSync(int, int) 1">
    <annotation name="androidx.annotation.IntDef">
      <val name="value" val="{android.companion.CompanionDeviceManager.FLAG_CALL_METADATA}" />
      <val name="flag" val="true" />
    </annotation>
  </item>
  <item name="android.companion.CompanionDeviceManager void notifyDeviceAppeared(int)">
    <annotation name="androidx.annotation.RequiresPermission">
      <val name="value" val="&quot;android.permission.REQUEST_COMPANION_SELF_MANAGED&quot;" />
    </annotation>
  </item>
  <item name="android.companion.CompanionDeviceManager void notifyDeviceDisappeared(int)">
    <annotation name="androidx.annotation.RequiresPermission">
      <val name="value" val="&quot;android.permission.REQUEST_COMPANION_SELF_MANAGED&quot;" />
    </annotation>
  </item>
  <item name="android.companion.CompanionDeviceManager void removeOnAssociationsChangedListener(android.companion.CompanionDeviceManager.OnAssociationsChangedListener)">
    <annotation name="androidx.annotation.RequiresPermission">
      <val name="value" val="&quot;android.permission.MANAGE_COMPANION_DEVICES&quot;" />
    </annotation>
  </item>
  <item name="android.companion.CompanionDeviceManager void startObservingDevicePresence(java.lang.String)">
    <annotation name="androidx.annotation.RequiresPermission">
      <val name="value" val="&quot;android.permission.REQUEST_OBSERVE_COMPANION_DEVICE_PRESENCE&quot;" />
    </annotation>
  </item>
  <item name="android.companion.CompanionDeviceManager void stopObservingDevicePresence(java.lang.String)">
    <annotation name="androidx.annotation.RequiresPermission">
      <val name="value" val="&quot;android.permission.REQUEST_OBSERVE_COMPANION_DEVICE_PRESENCE&quot;" />
    </annotation>
  </item>
  <item name="android.companion.CompanionDeviceService void onDeviceAppeared(android.companion.AssociationInfo)">
    <annotation name="androidx.annotation.MainThread"/>
  </item>
  <item name="android.companion.CompanionDeviceService void onDeviceAppeared(java.lang.String)">
    <annotation name="androidx.annotation.MainThread"/>
  </item>
  <item name="android.companion.CompanionDeviceService void onDeviceDisappeared(android.companion.AssociationInfo)">
    <annotation name="androidx.annotation.MainThread"/>
  </item>
  <item name="android.companion.CompanionDeviceService void onDeviceDisappeared(java.lang.String)">
    <annotation name="androidx.annotation.MainThread"/>
  </item>
</root>

