<?xml version="1.0" encoding="UTF-8"?>
<root>
  <item name="android.net.http.BidirectionalStream int getPriority()">
    <annotation name="androidx.annotation.IntDef">
      <val name="value" val="{android.net.http.BidirectionalStream.STREAM_PRIORITY_IDLE, android.net.http.BidirectionalStream.STREAM_PRIORITY_LOWEST, android.net.http.BidirectionalStream.STREAM_PRIORITY_LOW, android.net.http.BidirectionalStream.STREAM_PRIORITY_MEDIUM, android.net.http.BidirectionalStream.STREAM_PRIORITY_HIGHEST}" />
    </annotation>
  </item>
  <item name="android.net.http.BidirectionalStream.Builder android.net.http.BidirectionalStream.Builder setPriority(int) 0">
    <annotation name="androidx.annotation.IntDef">
      <val name="value" val="{android.net.http.BidirectionalStream.STREAM_PRIORITY_IDLE, android.net.http.BidirectionalStream.STREAM_PRIORITY_LOWEST, android.net.http.BidirectionalStream.STREAM_PRIORITY_LOW, android.net.http.BidirectionalStream.STREAM_PRIORITY_MEDIUM, android.net.http.BidirectionalStream.STREAM_PRIORITY_HIGHEST}" />
    </annotation>
  </item>
  <item name="android.net.http.ConnectionMigrationOptions int getAllowNonDefaultNetworkUsageEnabled()">
    <annotation name="androidx.annotation.IntDef">
      <val name="value" val="{android.net.http.ConnectionMigrationOptions.MIGRATION_OPTION_UNSPECIFIED, android.net.http.ConnectionMigrationOptions.MIGRATION_OPTION_ENABLED, android.net.http.ConnectionMigrationOptions.MIGRATION_OPTION_DISABLED}" />
      <val name="flag" val="false" />
    </annotation>
  </item>
  <item name="android.net.http.ConnectionMigrationOptions int getDefaultNetworkMigrationEnabled()">
    <annotation name="androidx.annotation.IntDef">
      <val name="value" val="{android.net.http.ConnectionMigrationOptions.MIGRATION_OPTION_UNSPECIFIED, android.net.http.ConnectionMigrationOptions.MIGRATION_OPTION_ENABLED, android.net.http.ConnectionMigrationOptions.MIGRATION_OPTION_DISABLED}" />
      <val name="flag" val="false" />
    </annotation>
  </item>
  <item name="android.net.http.ConnectionMigrationOptions int getPathDegradationMigrationEnabled()">
    <annotation name="androidx.annotation.IntDef">
      <val name="value" val="{android.net.http.ConnectionMigrationOptions.MIGRATION_OPTION_UNSPECIFIED, android.net.http.ConnectionMigrationOptions.MIGRATION_OPTION_ENABLED, android.net.http.ConnectionMigrationOptions.MIGRATION_OPTION_DISABLED}" />
      <val name="flag" val="false" />
    </annotation>
  </item>
  <item name="android.net.http.ConnectionMigrationOptions.Builder android.net.http.ConnectionMigrationOptions.Builder setAllowNonDefaultNetworkUsageEnabled(int) 0">
    <annotation name="androidx.annotation.IntDef">
      <val name="value" val="{android.net.http.ConnectionMigrationOptions.MIGRATION_OPTION_UNSPECIFIED, android.net.http.ConnectionMigrationOptions.MIGRATION_OPTION_ENABLED, android.net.http.ConnectionMigrationOptions.MIGRATION_OPTION_DISABLED}" />
      <val name="flag" val="false" />
    </annotation>
  </item>
  <item name="android.net.http.ConnectionMigrationOptions.Builder android.net.http.ConnectionMigrationOptions.Builder setDefaultNetworkMigrationEnabled(int) 0">
    <annotation name="androidx.annotation.IntDef">
      <val name="value" val="{android.net.http.ConnectionMigrationOptions.MIGRATION_OPTION_UNSPECIFIED, android.net.http.ConnectionMigrationOptions.MIGRATION_OPTION_ENABLED, android.net.http.ConnectionMigrationOptions.MIGRATION_OPTION_DISABLED}" />
      <val name="flag" val="false" />
    </annotation>
  </item>
  <item name="android.net.http.ConnectionMigrationOptions.Builder android.net.http.ConnectionMigrationOptions.Builder setPathDegradationMigrationEnabled(int) 0">
    <annotation name="androidx.annotation.IntDef">
      <val name="value" val="{android.net.http.ConnectionMigrationOptions.MIGRATION_OPTION_UNSPECIFIED, android.net.http.ConnectionMigrationOptions.MIGRATION_OPTION_ENABLED, android.net.http.ConnectionMigrationOptions.MIGRATION_OPTION_DISABLED}" />
      <val name="flag" val="false" />
    </annotation>
  </item>
  <item name="android.net.http.DnsOptions int getPersistHostCacheEnabled()">
    <annotation name="androidx.annotation.IntDef">
      <val name="value" val="{android.net.http.DnsOptions.DNS_OPTION_UNSPECIFIED, android.net.http.DnsOptions.DNS_OPTION_ENABLED, android.net.http.DnsOptions.DNS_OPTION_DISABLED}" />
      <val name="flag" val="false" />
    </annotation>
  </item>
  <item name="android.net.http.DnsOptions int getPreestablishConnectionsToStaleDnsResultsEnabled()">
    <annotation name="androidx.annotation.IntDef">
      <val name="value" val="{android.net.http.DnsOptions.DNS_OPTION_UNSPECIFIED, android.net.http.DnsOptions.DNS_OPTION_ENABLED, android.net.http.DnsOptions.DNS_OPTION_DISABLED}" />
      <val name="flag" val="false" />
    </annotation>
  </item>
  <item name="android.net.http.DnsOptions int getStaleDnsEnabled()">
    <annotation name="androidx.annotation.IntDef">
      <val name="value" val="{android.net.http.DnsOptions.DNS_OPTION_UNSPECIFIED, android.net.http.DnsOptions.DNS_OPTION_ENABLED, android.net.http.DnsOptions.DNS_OPTION_DISABLED}" />
      <val name="flag" val="false" />
    </annotation>
  </item>
  <item name="android.net.http.DnsOptions int getUseHttpStackDnsResolverEnabled()">
    <annotation name="androidx.annotation.IntDef">
      <val name="value" val="{android.net.http.DnsOptions.DNS_OPTION_UNSPECIFIED, android.net.http.DnsOptions.DNS_OPTION_ENABLED, android.net.http.DnsOptions.DNS_OPTION_DISABLED}" />
      <val name="flag" val="false" />
    </annotation>
  </item>
  <item name="android.net.http.DnsOptions.Builder android.net.http.DnsOptions.Builder setPersistHostCacheEnabled(int) 0">
    <annotation name="androidx.annotation.IntDef">
      <val name="value" val="{android.net.http.DnsOptions.DNS_OPTION_UNSPECIFIED, android.net.http.DnsOptions.DNS_OPTION_ENABLED, android.net.http.DnsOptions.DNS_OPTION_DISABLED}" />
      <val name="flag" val="false" />
    </annotation>
  </item>
  <item name="android.net.http.DnsOptions.Builder android.net.http.DnsOptions.Builder setPreestablishConnectionsToStaleDnsResultsEnabled(int) 0">
    <annotation name="androidx.annotation.IntDef">
      <val name="value" val="{android.net.http.DnsOptions.DNS_OPTION_UNSPECIFIED, android.net.http.DnsOptions.DNS_OPTION_ENABLED, android.net.http.DnsOptions.DNS_OPTION_DISABLED}" />
      <val name="flag" val="false" />
    </annotation>
  </item>
  <item name="android.net.http.DnsOptions.Builder android.net.http.DnsOptions.Builder setStaleDnsEnabled(int) 0">
    <annotation name="androidx.annotation.IntDef">
      <val name="value" val="{android.net.http.DnsOptions.DNS_OPTION_UNSPECIFIED, android.net.http.DnsOptions.DNS_OPTION_ENABLED, android.net.http.DnsOptions.DNS_OPTION_DISABLED}" />
      <val name="flag" val="false" />
    </annotation>
  </item>
  <item name="android.net.http.DnsOptions.Builder android.net.http.DnsOptions.Builder setUseHttpStackDnsResolverEnabled(int) 0">
    <annotation name="androidx.annotation.IntDef">
      <val name="value" val="{android.net.http.DnsOptions.DNS_OPTION_UNSPECIFIED, android.net.http.DnsOptions.DNS_OPTION_ENABLED, android.net.http.DnsOptions.DNS_OPTION_DISABLED}" />
      <val name="flag" val="false" />
    </annotation>
  </item>
  <item name="android.net.http.DnsOptions.StaleDnsOptions int getAllowCrossNetworkUsageEnabled()">
    <annotation name="androidx.annotation.IntDef">
      <val name="value" val="{android.net.http.DnsOptions.DNS_OPTION_UNSPECIFIED, android.net.http.DnsOptions.DNS_OPTION_ENABLED, android.net.http.DnsOptions.DNS_OPTION_DISABLED}" />
      <val name="flag" val="false" />
    </annotation>
  </item>
  <item name="android.net.http.DnsOptions.StaleDnsOptions int getUseStaleOnNameNotResolvedEnabled()">
    <annotation name="androidx.annotation.IntDef">
      <val name="value" val="{android.net.http.DnsOptions.DNS_OPTION_UNSPECIFIED, android.net.http.DnsOptions.DNS_OPTION_ENABLED, android.net.http.DnsOptions.DNS_OPTION_DISABLED}" />
      <val name="flag" val="false" />
    </annotation>
  </item>
  <item name="android.net.http.DnsOptions.StaleDnsOptions.Builder android.net.http.DnsOptions.StaleDnsOptions.Builder setAllowCrossNetworkUsageEnabled(int) 0">
    <annotation name="androidx.annotation.IntDef">
      <val name="value" val="{android.net.http.DnsOptions.DNS_OPTION_UNSPECIFIED, android.net.http.DnsOptions.DNS_OPTION_ENABLED, android.net.http.DnsOptions.DNS_OPTION_DISABLED}" />
      <val name="flag" val="false" />
    </annotation>
  </item>
  <item name="android.net.http.DnsOptions.StaleDnsOptions.Builder android.net.http.DnsOptions.StaleDnsOptions.Builder setUseStaleOnNameNotResolvedEnabled(int) 0">
    <annotation name="androidx.annotation.IntDef">
      <val name="value" val="{android.net.http.DnsOptions.DNS_OPTION_UNSPECIFIED, android.net.http.DnsOptions.DNS_OPTION_ENABLED, android.net.http.DnsOptions.DNS_OPTION_DISABLED}" />
      <val name="flag" val="false" />
    </annotation>
  </item>
  <item name="android.net.http.UrlRequest.StatusListener void onStatus(int) 0">
    <annotation name="androidx.annotation.IntDef">
      <val name="value" val="{android.net.http.UrlRequest.Status.INVALID, android.net.http.UrlRequest.Status.IDLE, android.net.http.UrlRequest.Status.WAITING_FOR_STALLED_SOCKET_POOL, android.net.http.UrlRequest.Status.WAITING_FOR_AVAILABLE_SOCKET, android.net.http.UrlRequest.Status.WAITING_FOR_DELEGATE, android.net.http.UrlRequest.Status.WAITING_FOR_CACHE, android.net.http.UrlRequest.Status.DOWNLOADING_PAC_FILE, android.net.http.UrlRequest.Status.RESOLVING_PROXY_FOR_URL, android.net.http.UrlRequest.Status.RESOLVING_PROXY_FOR_URL, android.net.http.UrlRequest.Status.RESOLVING_HOST_IN_PAC_FILE, android.net.http.UrlRequest.Status.ESTABLISHING_PROXY_TUNNEL, android.net.http.UrlRequest.Status.RESOLVING_HOST, android.net.http.UrlRequest.Status.CONNECTING, android.net.http.UrlRequest.Status.SSL_HANDSHAKE, android.net.http.UrlRequest.Status.SENDING_REQUEST, android.net.http.UrlRequest.Status.WAITING_FOR_RESPONSE, android.net.http.UrlRequest.Status.READING_RESPONSE}" />
    </annotation>
  </item>
</root>

