<?xml version="1.0" encoding="UTF-8"?>
<root>
  <item name="android.content.rollback.RollbackManager java.util.List&lt;android.content.rollback.RollbackInfo&gt; getAvailableRollbacks()">
    <annotation name="androidx.annotation.RequiresPermission">
      <val name="anyOf" val="{&quot;android.permission.MANAGE_ROLLBACKS&quot;, &quot;android.permission.TEST_MANAGE_ROLLBACKS&quot;}" />
    </annotation>
  </item>
  <item name="android.content.rollback.RollbackManager java.util.List&lt;android.content.rollback.RollbackInfo&gt; getRecentlyCommittedRollbacks()">
    <annotation name="androidx.annotation.RequiresPermission">
      <val name="anyOf" val="{&quot;android.permission.MANAGE_ROLLBACKS&quot;, &quot;android.permission.TEST_MANAGE_ROLLBACKS&quot;}" />
    </annotation>
  </item>
  <item name="android.content.rollback.RollbackManager void commitRollback(int, java.util.List&lt;android.content.pm.VersionedPackage&gt;, android.content.IntentSender)">
    <annotation name="androidx.annotation.RequiresPermission">
      <val name="anyOf" val="{&quot;android.permission.MANAGE_ROLLBACKS&quot;, &quot;android.permission.TEST_MANAGE_ROLLBACKS&quot;}" />
    </annotation>
  </item>
</root>

