<?xml version="1.0" encoding="UTF-8"?>
<root>
  <item name="android.hardware.camera2.CameraAccessException CameraAccessException(int) 0">
    <annotation name="androidx.annotation.IntDef">
      <val name="value" val="{android.hardware.camera2.CameraAccessException.CAMERA_IN_USE, android.hardware.camera2.CameraAccessException.MAX_CAMERAS_IN_USE, android.hardware.camera2.CameraAccessException.CAMERA_DISABLED, android.hardware.camera2.CameraAccessException.CAMERA_DISCONNECTED, android.hardware.camera2.CameraAccessException.CAMERA_ERROR}" />
    </annotation>
  </item>
  <item name="android.hardware.camera2.CameraAccessException CameraAccessException(int, java.lang.String) 0">
    <annotation name="androidx.annotation.IntDef">
      <val name="value" val="{android.hardware.camera2.CameraAccessException.CAMERA_IN_USE, android.hardware.camera2.CameraAccessException.MAX_CAMERAS_IN_USE, android.hardware.camera2.CameraAccessException.CAMERA_DISABLED, android.hardware.camera2.CameraAccessException.CAMERA_DISCONNECTED, android.hardware.camera2.CameraAccessException.CAMERA_ERROR}" />
    </annotation>
  </item>
  <item name="android.hardware.camera2.CameraAccessException CameraAccessException(int, java.lang.String, java.lang.Throwable) 0">
    <annotation name="androidx.annotation.IntDef">
      <val name="value" val="{android.hardware.camera2.CameraAccessException.CAMERA_IN_USE, android.hardware.camera2.CameraAccessException.MAX_CAMERAS_IN_USE, android.hardware.camera2.CameraAccessException.CAMERA_DISABLED, android.hardware.camera2.CameraAccessException.CAMERA_DISCONNECTED, android.hardware.camera2.CameraAccessException.CAMERA_ERROR}" />
    </annotation>
  </item>
  <item name="android.hardware.camera2.CameraAccessException CameraAccessException(int, java.lang.Throwable) 0">
    <annotation name="androidx.annotation.IntDef">
      <val name="value" val="{android.hardware.camera2.CameraAccessException.CAMERA_IN_USE, android.hardware.camera2.CameraAccessException.MAX_CAMERAS_IN_USE, android.hardware.camera2.CameraAccessException.CAMERA_DISABLED, android.hardware.camera2.CameraAccessException.CAMERA_DISCONNECTED, android.hardware.camera2.CameraAccessException.CAMERA_ERROR}" />
    </annotation>
  </item>
  <item name="android.hardware.camera2.CameraAccessException int getReason()">
    <annotation name="androidx.annotation.IntDef">
      <val name="value" val="{android.hardware.camera2.CameraAccessException.CAMERA_IN_USE, android.hardware.camera2.CameraAccessException.MAX_CAMERAS_IN_USE, android.hardware.camera2.CameraAccessException.CAMERA_DISABLED, android.hardware.camera2.CameraAccessException.CAMERA_DISCONNECTED, android.hardware.camera2.CameraAccessException.CAMERA_ERROR}" />
    </annotation>
  </item>
  <item name="android.hardware.camera2.CameraCharacteristics android.hardware.camera2.params.RecommendedStreamConfigurationMap getRecommendedStreamConfigurationMap(int) 0">
    <annotation name="androidx.annotation.IntDef">
      <val name="value" val="{android.hardware.camera2.params.RecommendedStreamConfigurationMap.USECASE_PREVIEW, android.hardware.camera2.params.RecommendedStreamConfigurationMap.USECASE_RECORD, android.hardware.camera2.params.RecommendedStreamConfigurationMap.USECASE_VIDEO_SNAPSHOT, android.hardware.camera2.params.RecommendedStreamConfigurationMap.USECASE_SNAPSHOT, android.hardware.camera2.params.RecommendedStreamConfigurationMap.USECASE_ZSL, android.hardware.camera2.params.RecommendedStreamConfigurationMap.USECASE_RAW, android.hardware.camera2.params.RecommendedStreamConfigurationMap.USECASE_LOW_LATENCY_SNAPSHOT, android.hardware.camera2.params.RecommendedStreamConfigurationMap.USECASE_10BIT_OUTPUT}" />
    </annotation>
  </item>
  <item name="android.hardware.camera2.CameraDevice android.hardware.camera2.CaptureRequest.Builder createCaptureRequest(int) 0">
    <annotation name="androidx.annotation.IntDef">
      <val name="value" val="{android.hardware.camera2.CameraDevice.TEMPLATE_PREVIEW, android.hardware.camera2.CameraDevice.TEMPLATE_STILL_CAPTURE, android.hardware.camera2.CameraDevice.TEMPLATE_RECORD, android.hardware.camera2.CameraDevice.TEMPLATE_VIDEO_SNAPSHOT, android.hardware.camera2.CameraDevice.TEMPLATE_ZERO_SHUTTER_LAG, android.hardware.camera2.CameraDevice.TEMPLATE_MANUAL}" />
    </annotation>
  </item>
  <item name="android.hardware.camera2.CameraDevice android.hardware.camera2.CaptureRequest.Builder createCaptureRequest(int, java.util.Set&lt;java.lang.String&gt;) 0">
    <annotation name="androidx.annotation.IntDef">
      <val name="value" val="{android.hardware.camera2.CameraDevice.TEMPLATE_PREVIEW, android.hardware.camera2.CameraDevice.TEMPLATE_STILL_CAPTURE, android.hardware.camera2.CameraDevice.TEMPLATE_RECORD, android.hardware.camera2.CameraDevice.TEMPLATE_VIDEO_SNAPSHOT, android.hardware.camera2.CameraDevice.TEMPLATE_ZERO_SHUTTER_LAG, android.hardware.camera2.CameraDevice.TEMPLATE_MANUAL}" />
    </annotation>
  </item>
  <item name="android.hardware.camera2.CameraDevice int getCameraAudioRestriction()">
    <annotation name="androidx.annotation.IntDef">
      <val name="value" val="{android.hardware.camera2.CameraDevice.AUDIO_RESTRICTION_NONE, android.hardware.camera2.CameraDevice.AUDIO_RESTRICTION_VIBRATION, android.hardware.camera2.CameraDevice.AUDIO_RESTRICTION_VIBRATION_SOUND}" />
    </annotation>
  </item>
  <item name="android.hardware.camera2.CameraDevice void createCustomCaptureSession(android.hardware.camera2.params.InputConfiguration, java.util.List&lt;android.hardware.camera2.params.OutputConfiguration&gt;, int, android.hardware.camera2.CameraCaptureSession.StateCallback, android.os.Handler) 2">
    <annotation name="androidx.annotation.IntDef">
      <val name="value" val="{android.hardware.camera2.CameraDevice.SESSION_OPERATION_MODE_NORMAL, android.hardware.camera2.CameraDevice.SESSION_OPERATION_MODE_CONSTRAINED_HIGH_SPEED, android.hardware.camera2.CameraDevice.SESSION_OPERATION_MODE_VENDOR_START}" />
    </annotation>
  </item>
  <item name="android.hardware.camera2.CameraDevice void setCameraAudioRestriction(int) 0">
    <annotation name="androidx.annotation.IntDef">
      <val name="value" val="{android.hardware.camera2.CameraDevice.AUDIO_RESTRICTION_NONE, android.hardware.camera2.CameraDevice.AUDIO_RESTRICTION_VIBRATION, android.hardware.camera2.CameraDevice.AUDIO_RESTRICTION_VIBRATION_SOUND}" />
    </annotation>
  </item>
  <item name="android.hardware.camera2.CameraDevice.StateCallback void onError(android.hardware.camera2.CameraDevice, int) 1">
    <annotation name="androidx.annotation.IntDef">
      <val name="value" val="{android.hardware.camera2.CameraDevice.StateCallback.ERROR_CAMERA_IN_USE, android.hardware.camera2.CameraDevice.StateCallback.ERROR_MAX_CAMERAS_IN_USE, android.hardware.camera2.CameraDevice.StateCallback.ERROR_CAMERA_DISABLED, android.hardware.camera2.CameraDevice.StateCallback.ERROR_CAMERA_DEVICE, android.hardware.camera2.CameraDevice.StateCallback.ERROR_CAMERA_SERVICE}" />
    </annotation>
  </item>
  <item name="android.hardware.camera2.CameraExtensionCharacteristics android.util.Range&lt;java.lang.Long&gt; getEstimatedCaptureLatencyRangeMillis(int, android.util.Size, int) 0">
    <annotation name="androidx.annotation.IntDef">
      <val name="value" val="{android.hardware.camera2.CameraExtensionCharacteristics.EXTENSION_AUTOMATIC, android.hardware.camera2.CameraExtensionCharacteristics.EXTENSION_FACE_RETOUCH, android.hardware.camera2.CameraExtensionCharacteristics.EXTENSION_BOKEH, android.hardware.camera2.CameraExtensionCharacteristics.EXTENSION_HDR, android.hardware.camera2.CameraExtensionCharacteristics.EXTENSION_NIGHT}" />
      <val name="flag" val="true" />
    </annotation>
  </item>
  <item name="android.hardware.camera2.CameraExtensionCharacteristics android.util.Range&lt;java.lang.Long&gt; getEstimatedCaptureLatencyRangeMillis(int, android.util.Size, int) 2">
    <annotation name="androidx.annotation.IntDef">
      <val name="value" val="{android.graphics.ImageFormat.UNKNOWN, android.graphics.PixelFormat.RGBA_8888, android.graphics.PixelFormat.RGBX_8888, android.graphics.PixelFormat.RGB_888, android.graphics.ImageFormat.RGB_565, android.graphics.ImageFormat.YV12, android.graphics.ImageFormat.Y8, android.graphics.ImageFormat.YCBCR_P010, android.graphics.ImageFormat.NV16, android.graphics.ImageFormat.NV21, android.graphics.ImageFormat.YUY2, android.graphics.ImageFormat.JPEG, android.graphics.ImageFormat.DEPTH_JPEG, android.graphics.ImageFormat.YUV_420_888, android.graphics.ImageFormat.YUV_422_888, android.graphics.ImageFormat.YUV_444_888, android.graphics.ImageFormat.FLEX_RGB_888, android.graphics.ImageFormat.FLEX_RGBA_8888, android.graphics.ImageFormat.RAW_SENSOR, android.graphics.ImageFormat.RAW_PRIVATE, android.graphics.ImageFormat.RAW10, android.graphics.ImageFormat.RAW12, android.graphics.ImageFormat.DEPTH16, android.graphics.ImageFormat.DEPTH_POINT_CLOUD, android.graphics.ImageFormat.PRIVATE, android.graphics.ImageFormat.HEIC, android.graphics.ImageFormat.JPEG_R}" />
    </annotation>
  </item>
  <item name="android.hardware.camera2.CameraExtensionCharacteristics boolean isCaptureProcessProgressAvailable(int) 0">
    <annotation name="androidx.annotation.IntDef">
      <val name="value" val="{android.hardware.camera2.CameraExtensionCharacteristics.EXTENSION_AUTOMATIC, android.hardware.camera2.CameraExtensionCharacteristics.EXTENSION_FACE_RETOUCH, android.hardware.camera2.CameraExtensionCharacteristics.EXTENSION_BOKEH, android.hardware.camera2.CameraExtensionCharacteristics.EXTENSION_HDR, android.hardware.camera2.CameraExtensionCharacteristics.EXTENSION_NIGHT}" />
      <val name="flag" val="true" />
    </annotation>
  </item>
  <item name="android.hardware.camera2.CameraExtensionCharacteristics boolean isPostviewAvailable(int) 0">
    <annotation name="androidx.annotation.IntDef">
      <val name="value" val="{android.hardware.camera2.CameraExtensionCharacteristics.EXTENSION_AUTOMATIC, android.hardware.camera2.CameraExtensionCharacteristics.EXTENSION_FACE_RETOUCH, android.hardware.camera2.CameraExtensionCharacteristics.EXTENSION_BOKEH, android.hardware.camera2.CameraExtensionCharacteristics.EXTENSION_HDR, android.hardware.camera2.CameraExtensionCharacteristics.EXTENSION_NIGHT}" />
      <val name="flag" val="true" />
    </annotation>
  </item>
  <item name="android.hardware.camera2.CameraExtensionCharacteristics java.util.List&lt;android.util.Size&gt; getExtensionSupportedSizes(int, int) 0">
    <annotation name="androidx.annotation.IntDef">
      <val name="value" val="{android.hardware.camera2.CameraExtensionCharacteristics.EXTENSION_AUTOMATIC, android.hardware.camera2.CameraExtensionCharacteristics.EXTENSION_FACE_RETOUCH, android.hardware.camera2.CameraExtensionCharacteristics.EXTENSION_BOKEH, android.hardware.camera2.CameraExtensionCharacteristics.EXTENSION_HDR, android.hardware.camera2.CameraExtensionCharacteristics.EXTENSION_NIGHT}" />
      <val name="flag" val="true" />
    </annotation>
  </item>
  <item name="android.hardware.camera2.CameraExtensionCharacteristics java.util.List&lt;android.util.Size&gt; getExtensionSupportedSizes(int, java.lang.Class&lt;T&gt;) 0">
    <annotation name="androidx.annotation.IntDef">
      <val name="value" val="{android.hardware.camera2.CameraExtensionCharacteristics.EXTENSION_AUTOMATIC, android.hardware.camera2.CameraExtensionCharacteristics.EXTENSION_FACE_RETOUCH, android.hardware.camera2.CameraExtensionCharacteristics.EXTENSION_BOKEH, android.hardware.camera2.CameraExtensionCharacteristics.EXTENSION_HDR, android.hardware.camera2.CameraExtensionCharacteristics.EXTENSION_NIGHT}" />
      <val name="flag" val="true" />
    </annotation>
  </item>
  <item name="android.hardware.camera2.CameraExtensionCharacteristics java.util.List&lt;android.util.Size&gt; getPostviewSupportedSizes(int, android.util.Size, int) 0">
    <annotation name="androidx.annotation.IntDef">
      <val name="value" val="{android.hardware.camera2.CameraExtensionCharacteristics.EXTENSION_AUTOMATIC, android.hardware.camera2.CameraExtensionCharacteristics.EXTENSION_FACE_RETOUCH, android.hardware.camera2.CameraExtensionCharacteristics.EXTENSION_BOKEH, android.hardware.camera2.CameraExtensionCharacteristics.EXTENSION_HDR, android.hardware.camera2.CameraExtensionCharacteristics.EXTENSION_NIGHT}" />
      <val name="flag" val="true" />
    </annotation>
  </item>
  <item name="android.hardware.camera2.CameraExtensionCharacteristics java.util.Set&lt;android.hardware.camera2.CaptureRequest.Key&gt; getAvailableCaptureRequestKeys(int) 0">
    <annotation name="androidx.annotation.IntDef">
      <val name="value" val="{android.hardware.camera2.CameraExtensionCharacteristics.EXTENSION_AUTOMATIC, android.hardware.camera2.CameraExtensionCharacteristics.EXTENSION_FACE_RETOUCH, android.hardware.camera2.CameraExtensionCharacteristics.EXTENSION_BOKEH, android.hardware.camera2.CameraExtensionCharacteristics.EXTENSION_HDR, android.hardware.camera2.CameraExtensionCharacteristics.EXTENSION_NIGHT}" />
      <val name="flag" val="true" />
    </annotation>
  </item>
  <item name="android.hardware.camera2.CameraExtensionCharacteristics java.util.Set&lt;android.hardware.camera2.CaptureResult.Key&gt; getAvailableCaptureResultKeys(int) 0">
    <annotation name="androidx.annotation.IntDef">
      <val name="value" val="{android.hardware.camera2.CameraExtensionCharacteristics.EXTENSION_AUTOMATIC, android.hardware.camera2.CameraExtensionCharacteristics.EXTENSION_FACE_RETOUCH, android.hardware.camera2.CameraExtensionCharacteristics.EXTENSION_BOKEH, android.hardware.camera2.CameraExtensionCharacteristics.EXTENSION_HDR, android.hardware.camera2.CameraExtensionCharacteristics.EXTENSION_NIGHT}" />
      <val name="flag" val="true" />
    </annotation>
  </item>
  <item name="android.hardware.camera2.CameraExtensionSession.ExtensionCaptureCallback void onCaptureProcessProgressed(android.hardware.camera2.CameraExtensionSession, android.hardware.camera2.CaptureRequest, int) 2">
    <annotation name="androidx.annotation.IntRange">
      <val name="from" val="0" />
      <val name="to" val="100" />
    </annotation>
  </item>
  <item name="android.hardware.camera2.CameraManager boolean isConcurrentSessionConfigurationSupported(java.util.Map&lt;java.lang.String,android.hardware.camera2.params.SessionConfiguration&gt;)">
    <annotation name="androidx.annotation.RequiresPermission">
      <val name="value" val="&quot;android.permission.CAMERA&quot;" />
    </annotation>
  </item>
  <item name="android.hardware.camera2.CameraManager void openCamera(java.lang.String, android.hardware.camera2.CameraDevice.StateCallback, android.os.Handler)">
    <annotation name="androidx.annotation.RequiresPermission">
      <val name="value" val="&quot;android.permission.CAMERA&quot;" />
    </annotation>
  </item>
  <item name="android.hardware.camera2.CameraManager void openCamera(java.lang.String, int, java.util.concurrent.Executor, android.hardware.camera2.CameraDevice.StateCallback)">
    <annotation name="androidx.annotation.RequiresPermission">
      <val name="allOf" val="{&quot;android.permission.SYSTEM_CAMERA&quot;, &quot;android.permission.CAMERA&quot;}" />
    </annotation>
  </item>
  <item name="android.hardware.camera2.CameraManager void openCamera(java.lang.String, java.util.concurrent.Executor, android.hardware.camera2.CameraDevice.StateCallback)">
    <annotation name="androidx.annotation.RequiresPermission">
      <val name="value" val="&quot;android.permission.CAMERA&quot;" />
    </annotation>
  </item>
  <item name="android.hardware.camera2.CameraManager.AvailabilityCallback void onCameraClosed(java.lang.String)">
    <annotation name="androidx.annotation.RequiresPermission">
      <val name="value" val="&quot;android.permission.CAMERA_OPEN_CLOSE_LISTENER&quot;" />
    </annotation>
  </item>
  <item name="android.hardware.camera2.CameraManager.AvailabilityCallback void onCameraOpened(java.lang.String, java.lang.String)">
    <annotation name="androidx.annotation.RequiresPermission">
      <val name="value" val="&quot;android.permission.CAMERA_OPEN_CLOSE_LISTENER&quot;" />
    </annotation>
  </item>
  <item name="android.hardware.camera2.CameraOfflineSession.CameraOfflineSessionCallback void onError(android.hardware.camera2.CameraOfflineSession, int) 1">
    <annotation name="androidx.annotation.IntDef">
      <val name="value" val="{android.hardware.camera2.CameraOfflineSession.CameraOfflineSessionCallback.STATUS_INTERNAL_ERROR}" />
    </annotation>
  </item>
  <item name="android.hardware.camera2.CaptureFailure int getReason()">
    <annotation name="androidx.annotation.IntDef">
      <val name="value" val="{android.hardware.camera2.CaptureFailure.REASON_ERROR, android.hardware.camera2.CaptureFailure.REASON_FLUSHED}" />
    </annotation>
  </item>
  <item name="android.hardware.camera2.DngCreator void writeByteBuffer(java.io.OutputStream, android.util.Size, java.nio.ByteBuffer, long) 3">
    <annotation name="androidx.annotation.IntRange">
      <val name="from" val="0" />
    </annotation>
  </item>
  <item name="android.hardware.camera2.DngCreator void writeInputStream(java.io.OutputStream, android.util.Size, java.io.InputStream, long) 3">
    <annotation name="androidx.annotation.IntRange">
      <val name="from" val="0" />
    </annotation>
  </item>
  <item name="android.hardware.camera2.MultiResolutionImageReader MultiResolutionImageReader(java.util.Collection&lt;android.hardware.camera2.params.MultiResolutionStreamInfo&gt;, int, int) 1">
    <annotation name="androidx.annotation.IntDef">
      <val name="value" val="{android.graphics.ImageFormat.UNKNOWN, android.graphics.PixelFormat.RGBA_8888, android.graphics.PixelFormat.RGBX_8888, android.graphics.PixelFormat.RGB_888, android.graphics.ImageFormat.RGB_565, android.graphics.ImageFormat.YV12, android.graphics.ImageFormat.Y8, android.graphics.ImageFormat.YCBCR_P010, android.graphics.ImageFormat.NV16, android.graphics.ImageFormat.NV21, android.graphics.ImageFormat.YUY2, android.graphics.ImageFormat.JPEG, android.graphics.ImageFormat.DEPTH_JPEG, android.graphics.ImageFormat.YUV_420_888, android.graphics.ImageFormat.YUV_422_888, android.graphics.ImageFormat.YUV_444_888, android.graphics.ImageFormat.FLEX_RGB_888, android.graphics.ImageFormat.FLEX_RGBA_8888, android.graphics.ImageFormat.RAW_SENSOR, android.graphics.ImageFormat.RAW_PRIVATE, android.graphics.ImageFormat.RAW10, android.graphics.ImageFormat.RAW12, android.graphics.ImageFormat.DEPTH16, android.graphics.ImageFormat.DEPTH_POINT_CLOUD, android.graphics.ImageFormat.PRIVATE, android.graphics.ImageFormat.HEIC, android.graphics.ImageFormat.JPEG_R}" />
    </annotation>
  </item>
  <item name="android.hardware.camera2.MultiResolutionImageReader MultiResolutionImageReader(java.util.Collection&lt;android.hardware.camera2.params.MultiResolutionStreamInfo&gt;, int, int) 2">
    <annotation name="androidx.annotation.IntRange">
      <val name="from" val="1" />
    </annotation>
  </item>
</root>

