<?xml version="1.0" encoding="UTF-8"?>
<root>
  <item name="android.content.om.FabricatedOverlay void setResourceValue(java.lang.String, int, int, java.lang.String) 1">
    <annotation name="androidx.annotation.IntRange">
      <val name="from" val="16" />
      <val name="to" val="31" />
    </annotation>
  </item>
  <item name="android.content.om.FabricatedOverlay void setResourceValue(java.lang.String, int, java.lang.String, java.lang.String) 1">
    <annotation name="androidx.annotation.IntDef">
      <val name="value" val="{android.util.TypedValue.TYPE_STRING}" />
    </annotation>
  </item>
  <item name="android.content.om.OverlayManager java.util.List&lt;android.content.om.OverlayInfo&gt; getOverlayInfosForTarget(java.lang.String)">
    <annotation name="androidx.annotation.NonUiContext"/>
  </item>
  <item name="android.content.om.OverlayManager java.util.List&lt;android.content.om.OverlayInfo&gt; getOverlayInfosForTarget(java.lang.String, android.os.UserHandle)">
    <annotation name="androidx.annotation.RequiresPermission">
      <val name="anyOf" val="{&quot;android.permission.INTERACT_ACROSS_USERS&quot;, &quot;android.permission.INTERACT_ACROSS_USERS_FULL&quot;}" />
    </annotation>
  </item>
  <item name="android.content.om.OverlayManager void setEnabled(java.lang.String, boolean, android.os.UserHandle)">
    <annotation name="androidx.annotation.RequiresPermission">
      <val name="anyOf" val="{&quot;android.permission.INTERACT_ACROSS_USERS&quot;, &quot;android.permission.INTERACT_ACROSS_USERS_FULL&quot;}" />
    </annotation>
  </item>
  <item name="android.content.om.OverlayManager void setEnabledExclusiveInCategory(java.lang.String, android.os.UserHandle)">
    <annotation name="androidx.annotation.RequiresPermission">
      <val name="anyOf" val="{&quot;android.permission.INTERACT_ACROSS_USERS&quot;, &quot;android.permission.INTERACT_ACROSS_USERS_FULL&quot;}" />
    </annotation>
  </item>
</root>

