<?xml version="1.0" encoding="UTF-8"?>
<root>
  <item name="android.app.ondeviceintelligence.OnDeviceIntelligenceManager java.lang.String getRemoteServicePackageName()">
    <annotation name="androidx.annotation.RequiresPermission">
      <val name="value" val="&quot;android.permission.USE_ON_DEVICE_INTELLIGENCE&quot;" />
    </annotation>
  </item>
  <item name="android.app.ondeviceintelligence.OnDeviceIntelligenceManager void getFeature(int, java.util.concurrent.Executor, android.os.OutcomeReceiver&lt;android.app.ondeviceintelligence.Feature,android.app.ondeviceintelligence.OnDeviceIntelligenceException&gt;)">
    <annotation name="androidx.annotation.RequiresPermission">
      <val name="value" val="&quot;android.permission.USE_ON_DEVICE_INTELLIGENCE&quot;" />
    </annotation>
  </item>
  <item name="android.app.ondeviceintelligence.OnDeviceIntelligenceManager void getFeatureDetails(android.app.ondeviceintelligence.Feature, java.util.concurrent.Executor, android.os.OutcomeReceiver&lt;android.app.ondeviceintelligence.FeatureDetails,android.app.ondeviceintelligence.OnDeviceIntelligenceException&gt;)">
    <annotation name="androidx.annotation.RequiresPermission">
      <val name="value" val="&quot;android.permission.USE_ON_DEVICE_INTELLIGENCE&quot;" />
    </annotation>
  </item>
  <item name="android.app.ondeviceintelligence.OnDeviceIntelligenceManager void getVersion(java.util.concurrent.Executor, java.util.function.LongConsumer)">
    <annotation name="androidx.annotation.RequiresPermission">
      <val name="value" val="&quot;android.permission.USE_ON_DEVICE_INTELLIGENCE&quot;" />
    </annotation>
  </item>
  <item name="android.app.ondeviceintelligence.OnDeviceIntelligenceManager void listFeatures(java.util.concurrent.Executor, android.os.OutcomeReceiver&lt;java.util.List&lt;android.app.ondeviceintelligence.Feature&gt;,android.app.ondeviceintelligence.OnDeviceIntelligenceException&gt;)">
    <annotation name="androidx.annotation.RequiresPermission">
      <val name="value" val="&quot;android.permission.USE_ON_DEVICE_INTELLIGENCE&quot;" />
    </annotation>
  </item>
  <item name="android.app.ondeviceintelligence.OnDeviceIntelligenceManager void processRequest(android.app.ondeviceintelligence.Feature, android.os.Bundle, int, android.os.CancellationSignal, android.app.ondeviceintelligence.ProcessingSignal, java.util.concurrent.Executor, android.app.ondeviceintelligence.ProcessingCallback)">
    <annotation name="androidx.annotation.RequiresPermission">
      <val name="value" val="&quot;android.permission.USE_ON_DEVICE_INTELLIGENCE&quot;" />
    </annotation>
  </item>
  <item name="android.app.ondeviceintelligence.OnDeviceIntelligenceManager void processRequestStreaming(android.app.ondeviceintelligence.Feature, android.os.Bundle, int, android.os.CancellationSignal, android.app.ondeviceintelligence.ProcessingSignal, java.util.concurrent.Executor, android.app.ondeviceintelligence.StreamingProcessingCallback)">
    <annotation name="androidx.annotation.RequiresPermission">
      <val name="value" val="&quot;android.permission.USE_ON_DEVICE_INTELLIGENCE&quot;" />
    </annotation>
  </item>
  <item name="android.app.ondeviceintelligence.OnDeviceIntelligenceManager void requestFeatureDownload(android.app.ondeviceintelligence.Feature, android.os.CancellationSignal, java.util.concurrent.Executor, android.app.ondeviceintelligence.DownloadCallback)">
    <annotation name="androidx.annotation.RequiresPermission">
      <val name="value" val="&quot;android.permission.USE_ON_DEVICE_INTELLIGENCE&quot;" />
    </annotation>
  </item>
  <item name="android.app.ondeviceintelligence.OnDeviceIntelligenceManager void requestTokenInfo(android.app.ondeviceintelligence.Feature, android.os.Bundle, android.os.CancellationSignal, java.util.concurrent.Executor, android.os.OutcomeReceiver&lt;android.app.ondeviceintelligence.TokenInfo,android.app.ondeviceintelligence.OnDeviceIntelligenceException&gt;)">
    <annotation name="androidx.annotation.RequiresPermission">
      <val name="value" val="&quot;android.permission.USE_ON_DEVICE_INTELLIGENCE&quot;" />
    </annotation>
  </item>
</root>

