<?xml version="1.0" encoding="UTF-8"?>
<root>
  <item name="android.nfc.NfcAdapter ACTION_PREFERRED_PAYMENT_CHANGED">
    <annotation name="androidx.annotation.RequiresPermission">
      <val name="value" val="&quot;android.permission.NFC_PREFERRED_PAYMENT_INFO&quot;" />
    </annotation>
  </item>
  <item name="android.nfc.NfcAdapter ACTION_SHOW_NFC_RESOLVER">
    <annotation name="androidx.annotation.RequiresPermission">
      <val name="value" val="&quot;android.permission.SHOW_CUSTOMIZED_RESOLVER&quot;" />
    </annotation>
  </item>
  <item name="android.nfc.NfcAdapter ACTION_TRANSACTION_DETECTED">
    <annotation name="androidx.annotation.RequiresPermission">
      <val name="value" val="&quot;android.permission.NFC_TRANSACTION_EVENT&quot;" />
    </annotation>
  </item>
  <item name="android.nfc.NfcAdapter FLAG_SET_DEFAULT_TECH">
    <annotation name="androidx.annotation.RequiresPermission">
      <val name="value" val="&quot;android.permission.WRITE_SECURE_SETTINGS&quot;" />
    </annotation>
  </item>
  <item name="android.nfc.NfcAdapter boolean addNfcUnlockHandler(android.nfc.NfcAdapter.NfcUnlockHandler, java.lang.String[])">
    <annotation name="androidx.annotation.RequiresPermission">
      <val name="value" val="&quot;android.permission.WRITE_SECURE_SETTINGS&quot;" />
    </annotation>
  </item>
  <item name="android.nfc.NfcAdapter boolean disable()">
    <annotation name="androidx.annotation.RequiresPermission">
      <val name="value" val="&quot;android.permission.WRITE_SECURE_SETTINGS&quot;" />
    </annotation>
  </item>
  <item name="android.nfc.NfcAdapter boolean disable(boolean)">
    <annotation name="androidx.annotation.RequiresPermission">
      <val name="value" val="&quot;android.permission.WRITE_SECURE_SETTINGS&quot;" />
    </annotation>
  </item>
  <item name="android.nfc.NfcAdapter boolean enable()">
    <annotation name="androidx.annotation.RequiresPermission">
      <val name="value" val="&quot;android.permission.WRITE_SECURE_SETTINGS&quot;" />
    </annotation>
  </item>
  <item name="android.nfc.NfcAdapter boolean enableReaderOption(boolean)">
    <annotation name="androidx.annotation.RequiresPermission">
      <val name="value" val="&quot;android.permission.WRITE_SECURE_SETTINGS&quot;" />
    </annotation>
  </item>
  <item name="android.nfc.NfcAdapter boolean enableSecureNfc(boolean)">
    <annotation name="androidx.annotation.RequiresPermission">
      <val name="value" val="&quot;android.permission.WRITE_SECURE_SETTINGS&quot;" />
    </annotation>
  </item>
  <item name="android.nfc.NfcAdapter boolean isControllerAlwaysOn()">
    <annotation name="androidx.annotation.RequiresPermission">
      <val name="value" val="&quot;android.permission.NFC_SET_CONTROLLER_ALWAYS_ON&quot;" />
    </annotation>
  </item>
  <item name="android.nfc.NfcAdapter boolean isControllerAlwaysOnSupported()">
    <annotation name="androidx.annotation.RequiresPermission">
      <val name="value" val="&quot;android.permission.NFC_SET_CONTROLLER_ALWAYS_ON&quot;" />
    </annotation>
  </item>
  <item name="android.nfc.NfcAdapter boolean removeNfcUnlockHandler(android.nfc.NfcAdapter.NfcUnlockHandler)">
    <annotation name="androidx.annotation.RequiresPermission">
      <val name="value" val="&quot;android.permission.WRITE_SECURE_SETTINGS&quot;" />
    </annotation>
  </item>
  <item name="android.nfc.NfcAdapter boolean setControllerAlwaysOn(boolean)">
    <annotation name="androidx.annotation.RequiresPermission">
      <val name="value" val="&quot;android.permission.NFC_SET_CONTROLLER_ALWAYS_ON&quot;" />
    </annotation>
  </item>
  <item name="android.nfc.NfcAdapter boolean setWlcEnabled(boolean)">
    <annotation name="androidx.annotation.RequiresPermission">
      <val name="value" val="&quot;android.permission.WRITE_SECURE_SETTINGS&quot;" />
    </annotation>
  </item>
  <item name="android.nfc.NfcAdapter int getAdapterState()">
    <annotation name="androidx.annotation.IntDef">
      <val name="value" val="{android.nfc.NfcAdapter.STATE_OFF, android.nfc.NfcAdapter.STATE_TURNING_ON, android.nfc.NfcAdapter.STATE_ON, android.nfc.NfcAdapter.STATE_TURNING_OFF}" />
    </annotation>
  </item>
  <item name="android.nfc.NfcAdapter int sendVendorNciMessage(int, int, int, byte[])">
    <annotation name="androidx.annotation.RequiresPermission">
      <val name="value" val="&quot;android.permission.WRITE_SECURE_SETTINGS&quot;" />
    </annotation>
    <annotation name="androidx.annotation.IntDef">
      <val name="value" val="{android.nfc.NfcAdapter.SEND_VENDOR_NCI_STATUS_SUCCESS, android.nfc.NfcAdapter.SEND_VENDOR_NCI_STATUS_REJECTED, android.nfc.NfcAdapter.SEND_VENDOR_NCI_STATUS_MESSAGE_CORRUPTED, android.nfc.NfcAdapter.SEND_VENDOR_NCI_STATUS_FAILED}" />
    </annotation>
  </item>
  <item name="android.nfc.NfcAdapter int sendVendorNciMessage(int, int, int, byte[]) 0">
    <annotation name="androidx.annotation.IntDef">
      <val name="value" val="{android.nfc.NfcAdapter.MESSAGE_TYPE_COMMAND}" />
    </annotation>
  </item>
  <item name="android.nfc.NfcAdapter int sendVendorNciMessage(int, int, int, byte[]) 1">
    <annotation name="androidx.annotation.IntRange">
      <val name="from" val="0" />
      <val name="to" val="15" />
    </annotation>
  </item>
  <item name="android.nfc.NfcAdapter int sendVendorNciMessage(int, int, int, byte[]) 2">
    <annotation name="androidx.annotation.IntRange">
      <val name="from" val="0" />
    </annotation>
  </item>
  <item name="android.nfc.NfcAdapter int setTagIntentAppPreferenceForUser(int, java.lang.String, boolean)">
    <annotation name="androidx.annotation.RequiresPermission">
      <val name="value" val="&quot;android.permission.WRITE_SECURE_SETTINGS&quot;" />
    </annotation>
    <annotation name="androidx.annotation.IntDef">
      <val name="value" val="{android.nfc.NfcAdapter.TAG_INTENT_APP_PREF_RESULT_SUCCESS, android.nfc.NfcAdapter.TAG_INTENT_APP_PREF_RESULT_PACKAGE_NOT_FOUND, android.nfc.NfcAdapter.TAG_INTENT_APP_PREF_RESULT_UNAVAILABLE}" />
    </annotation>
  </item>
  <item name="android.nfc.NfcAdapter java.util.Map&lt;java.lang.String,java.lang.Boolean&gt; getTagIntentAppPreferenceForUser(int)">
    <annotation name="androidx.annotation.RequiresPermission">
      <val name="value" val="&quot;android.permission.WRITE_SECURE_SETTINGS&quot;" />
    </annotation>
  </item>
  <item name="android.nfc.NfcAdapter void registerControllerAlwaysOnListener(java.util.concurrent.Executor, android.nfc.NfcAdapter.ControllerAlwaysOnListener)">
    <annotation name="androidx.annotation.RequiresPermission">
      <val name="value" val="&quot;android.permission.NFC_SET_CONTROLLER_ALWAYS_ON&quot;" />
    </annotation>
  </item>
  <item name="android.nfc.NfcAdapter void registerNfcVendorNciCallback(java.util.concurrent.Executor, android.nfc.NfcAdapter.NfcVendorNciCallback)">
    <annotation name="androidx.annotation.RequiresPermission">
      <val name="value" val="&quot;android.permission.WRITE_SECURE_SETTINGS&quot;" />
    </annotation>
  </item>
  <item name="android.nfc.NfcAdapter void setDiscoveryTechnology(android.app.Activity, int, int) 1">
    <annotation name="androidx.annotation.IntDef">
      <val name="value" val="{android.nfc.NfcAdapter.FLAG_SET_DEFAULT_TECH, android.nfc.NfcAdapter.FLAG_READER_KEEP, android.nfc.NfcAdapter.FLAG_READER_DISABLE, android.nfc.NfcAdapter.FLAG_READER_NFC_A, android.nfc.NfcAdapter.FLAG_READER_NFC_B, android.nfc.NfcAdapter.FLAG_READER_NFC_F, android.nfc.NfcAdapter.FLAG_READER_NFC_V, android.nfc.NfcAdapter.FLAG_READER_NFC_BARCODE}" />
      <val name="flag" val="true" />
    </annotation>
  </item>
  <item name="android.nfc.NfcAdapter void setDiscoveryTechnology(android.app.Activity, int, int) 2">
    <annotation name="androidx.annotation.IntDef">
      <val name="value" val="{android.nfc.NfcAdapter.FLAG_SET_DEFAULT_TECH, android.nfc.NfcAdapter.FLAG_LISTEN_KEEP, android.nfc.NfcAdapter.FLAG_LISTEN_DISABLE, android.nfc.NfcAdapter.FLAG_LISTEN_NFC_PASSIVE_A, android.nfc.NfcAdapter.FLAG_LISTEN_NFC_PASSIVE_B, android.nfc.NfcAdapter.FLAG_LISTEN_NFC_PASSIVE_F}" />
      <val name="flag" val="true" />
    </annotation>
  </item>
  <item name="android.nfc.NfcAdapter void setReaderModePollingEnabled(boolean)">
    <annotation name="androidx.annotation.RequiresPermission">
      <val name="value" val="&quot;android.permission.WRITE_SECURE_SETTINGS&quot;" />
    </annotation>
  </item>
  <item name="android.nfc.NfcAdapter void unregisterControllerAlwaysOnListener(android.nfc.NfcAdapter.ControllerAlwaysOnListener)">
    <annotation name="androidx.annotation.RequiresPermission">
      <val name="value" val="&quot;android.permission.NFC_SET_CONTROLLER_ALWAYS_ON&quot;" />
    </annotation>
  </item>
  <item name="android.nfc.NfcAdapter void unregisterNfcVendorNciCallback(android.nfc.NfcAdapter.NfcVendorNciCallback)">
    <annotation name="androidx.annotation.RequiresPermission">
      <val name="value" val="&quot;android.permission.WRITE_SECURE_SETTINGS&quot;" />
    </annotation>
  </item>
  <item name="android.nfc.NfcAdapter.NfcVendorNciCallback void onVendorNciNotification(int, int, byte[]) 0">
    <annotation name="androidx.annotation.IntRange">
      <val name="from" val="9" />
      <val name="to" val="15" />
    </annotation>
  </item>
  <item name="android.nfc.NfcAdapter.NfcVendorNciCallback void onVendorNciResponse(int, int, byte[]) 0">
    <annotation name="androidx.annotation.IntRange">
      <val name="from" val="0" />
      <val name="to" val="15" />
    </annotation>
  </item>
  <item name="android.nfc.NfcOemExtension android.nfc.RoutingStatus getRoutingStatus()">
    <annotation name="androidx.annotation.RequiresPermission">
      <val name="value" val="&quot;android.permission.WRITE_SECURE_SETTINGS&quot;" />
    </annotation>
  </item>
  <item name="android.nfc.NfcOemExtension boolean hasUserEnabledNfc()">
    <annotation name="androidx.annotation.RequiresPermission">
      <val name="value" val="&quot;android.permission.WRITE_SECURE_SETTINGS&quot;" />
    </annotation>
  </item>
  <item name="android.nfc.NfcOemExtension boolean isAutoChangeEnabled()">
    <annotation name="androidx.annotation.RequiresPermission">
      <val name="value" val="&quot;android.permission.WRITE_SECURE_SETTINGS&quot;" />
    </annotation>
  </item>
  <item name="android.nfc.NfcOemExtension boolean isTagPresent()">
    <annotation name="androidx.annotation.RequiresPermission">
      <val name="value" val="&quot;android.permission.WRITE_SECURE_SETTINGS&quot;" />
    </annotation>
  </item>
  <item name="android.nfc.NfcOemExtension int forceRoutingTableCommit()">
    <annotation name="androidx.annotation.RequiresPermission">
      <val name="value" val="&quot;android.permission.WRITE_SECURE_SETTINGS&quot;" />
    </annotation>
    <annotation name="androidx.annotation.IntDef">
      <val name="value" val="{android.nfc.NfcOemExtension.COMMIT_ROUTING_STATUS_OK, android.nfc.NfcOemExtension.COMMIT_ROUTING_STATUS_FAILED, android.nfc.NfcOemExtension.COMMIT_ROUTING_STATUS_FAILED_UPDATE_IN_PROGRESS}" />
    </annotation>
  </item>
  <item name="android.nfc.NfcOemExtension int pausePolling(long)">
    <annotation name="androidx.annotation.RequiresPermission">
      <val name="value" val="&quot;android.permission.WRITE_SECURE_SETTINGS&quot;" />
    </annotation>
    <annotation name="androidx.annotation.IntDef">
      <val name="value" val="{android.nfc.NfcOemExtension.POLLING_STATE_CHANGE_SUCCEEDED, android.nfc.NfcOemExtension.POLLING_STATE_CHANGE_ALREADY_IN_REQUESTED_STATE}" />
    </annotation>
  </item>
  <item name="android.nfc.NfcOemExtension int resumePolling()">
    <annotation name="androidx.annotation.RequiresPermission">
      <val name="value" val="&quot;android.permission.WRITE_SECURE_SETTINGS&quot;" />
    </annotation>
    <annotation name="androidx.annotation.IntDef">
      <val name="value" val="{android.nfc.NfcOemExtension.POLLING_STATE_CHANGE_SUCCEEDED, android.nfc.NfcOemExtension.POLLING_STATE_CHANGE_ALREADY_IN_REQUESTED_STATE}" />
    </annotation>
  </item>
  <item name="android.nfc.NfcOemExtension java.util.List&lt;android.nfc.NfcRoutingTableEntry&gt; getRoutingTable()">
    <annotation name="androidx.annotation.RequiresPermission">
      <val name="value" val="&quot;android.permission.WRITE_SECURE_SETTINGS&quot;" />
    </annotation>
  </item>
  <item name="android.nfc.NfcOemExtension long getMaxPausePollingTimeoutMills()">
    <annotation name="androidx.annotation.RequiresPermission">
      <val name="value" val="&quot;android.permission.WRITE_SECURE_SETTINGS&quot;" />
    </annotation>
  </item>
  <item name="android.nfc.NfcOemExtension void clearPreference()">
    <annotation name="androidx.annotation.RequiresPermission">
      <val name="value" val="&quot;android.permission.WRITE_SECURE_SETTINGS&quot;" />
    </annotation>
  </item>
  <item name="android.nfc.NfcOemExtension void maybeTriggerFirmwareUpdate()">
    <annotation name="androidx.annotation.RequiresPermission">
      <val name="value" val="&quot;android.permission.WRITE_SECURE_SETTINGS&quot;" />
    </annotation>
  </item>
  <item name="android.nfc.NfcOemExtension void overwriteRoutingTable(int, int, int, int)">
    <annotation name="androidx.annotation.RequiresPermission">
      <val name="value" val="&quot;android.permission.WRITE_SECURE_SETTINGS&quot;" />
    </annotation>
  </item>
  <item name="android.nfc.NfcOemExtension void overwriteRoutingTable(int, int, int, int) 0">
    <annotation name="androidx.annotation.IntDef">
      <val name="value" val="{android.nfc.cardemulation.CardEmulation.PROTOCOL_AND_TECHNOLOGY_ROUTE_DH, android.nfc.cardemulation.CardEmulation.PROTOCOL_AND_TECHNOLOGY_ROUTE_ESE, android.nfc.cardemulation.CardEmulation.PROTOCOL_AND_TECHNOLOGY_ROUTE_UICC, android.nfc.cardemulation.CardEmulation.PROTOCOL_AND_TECHNOLOGY_ROUTE_UNSET, android.nfc.cardemulation.CardEmulation.PROTOCOL_AND_TECHNOLOGY_ROUTE_DEFAULT}" />
    </annotation>
  </item>
  <item name="android.nfc.NfcOemExtension void overwriteRoutingTable(int, int, int, int) 1">
    <annotation name="androidx.annotation.IntDef">
      <val name="value" val="{android.nfc.cardemulation.CardEmulation.PROTOCOL_AND_TECHNOLOGY_ROUTE_DH, android.nfc.cardemulation.CardEmulation.PROTOCOL_AND_TECHNOLOGY_ROUTE_ESE, android.nfc.cardemulation.CardEmulation.PROTOCOL_AND_TECHNOLOGY_ROUTE_UICC, android.nfc.cardemulation.CardEmulation.PROTOCOL_AND_TECHNOLOGY_ROUTE_UNSET, android.nfc.cardemulation.CardEmulation.PROTOCOL_AND_TECHNOLOGY_ROUTE_DEFAULT}" />
    </annotation>
  </item>
  <item name="android.nfc.NfcOemExtension void overwriteRoutingTable(int, int, int, int) 2">
    <annotation name="androidx.annotation.IntDef">
      <val name="value" val="{android.nfc.cardemulation.CardEmulation.PROTOCOL_AND_TECHNOLOGY_ROUTE_DH, android.nfc.cardemulation.CardEmulation.PROTOCOL_AND_TECHNOLOGY_ROUTE_ESE, android.nfc.cardemulation.CardEmulation.PROTOCOL_AND_TECHNOLOGY_ROUTE_UICC, android.nfc.cardemulation.CardEmulation.PROTOCOL_AND_TECHNOLOGY_ROUTE_UNSET, android.nfc.cardemulation.CardEmulation.PROTOCOL_AND_TECHNOLOGY_ROUTE_DEFAULT}" />
    </annotation>
  </item>
  <item name="android.nfc.NfcOemExtension void overwriteRoutingTable(int, int, int, int) 3">
    <annotation name="androidx.annotation.IntDef">
      <val name="value" val="{android.nfc.cardemulation.CardEmulation.PROTOCOL_AND_TECHNOLOGY_ROUTE_DH, android.nfc.cardemulation.CardEmulation.PROTOCOL_AND_TECHNOLOGY_ROUTE_ESE, android.nfc.cardemulation.CardEmulation.PROTOCOL_AND_TECHNOLOGY_ROUTE_UICC, android.nfc.cardemulation.CardEmulation.PROTOCOL_AND_TECHNOLOGY_ROUTE_UNSET, android.nfc.cardemulation.CardEmulation.PROTOCOL_AND_TECHNOLOGY_ROUTE_DEFAULT}" />
    </annotation>
  </item>
  <item name="android.nfc.NfcOemExtension void registerCallback(java.util.concurrent.Executor, android.nfc.NfcOemExtension.Callback)">
    <annotation name="androidx.annotation.RequiresPermission">
      <val name="value" val="&quot;android.permission.WRITE_SECURE_SETTINGS&quot;" />
    </annotation>
  </item>
  <item name="android.nfc.NfcOemExtension void setAutoChangeEnabled(boolean)">
    <annotation name="androidx.annotation.RequiresPermission">
      <val name="value" val="&quot;android.permission.WRITE_SECURE_SETTINGS&quot;" />
    </annotation>
  </item>
  <item name="android.nfc.NfcOemExtension void setControllerAlwaysOnMode(int)">
    <annotation name="androidx.annotation.RequiresPermission">
      <val name="value" val="&quot;android.permission.NFC_SET_CONTROLLER_ALWAYS_ON&quot;" />
    </annotation>
  </item>
  <item name="android.nfc.NfcOemExtension void setControllerAlwaysOnMode(int) 0">
    <annotation name="androidx.annotation.IntDef">
      <val name="value" val="{android.nfc.NfcOemExtension.ENABLE_DEFAULT, android.nfc.NfcOemExtension.ENABLE_TRANSPARENT, android.nfc.NfcOemExtension.ENABLE_EE, android.nfc.NfcOemExtension.DISABLE}" />
    </annotation>
  </item>
  <item name="android.nfc.NfcOemExtension void synchronizeScreenState()">
    <annotation name="androidx.annotation.RequiresPermission">
      <val name="value" val="&quot;android.permission.WRITE_SECURE_SETTINGS&quot;" />
    </annotation>
  </item>
  <item name="android.nfc.NfcOemExtension void triggerInitialization()">
    <annotation name="androidx.annotation.RequiresPermission">
      <val name="value" val="&quot;android.permission.WRITE_SECURE_SETTINGS&quot;" />
    </annotation>
  </item>
  <item name="android.nfc.NfcOemExtension void unregisterCallback(android.nfc.NfcOemExtension.Callback)">
    <annotation name="androidx.annotation.RequiresPermission">
      <val name="value" val="&quot;android.permission.WRITE_SECURE_SETTINGS&quot;" />
    </annotation>
  </item>
  <item name="android.nfc.NfcOemExtension.Callback void onBootFinished(int) 0">
    <annotation name="androidx.annotation.IntDef">
      <val name="value" val="{android.nfc.NfcOemExtension.STATUS_OK, android.nfc.NfcOemExtension.STATUS_UNKNOWN_ERROR}" />
    </annotation>
  </item>
  <item name="android.nfc.NfcOemExtension.Callback void onDisableFinished(int) 0">
    <annotation name="androidx.annotation.IntDef">
      <val name="value" val="{android.nfc.NfcOemExtension.STATUS_OK, android.nfc.NfcOemExtension.STATUS_UNKNOWN_ERROR}" />
    </annotation>
  </item>
  <item name="android.nfc.NfcOemExtension.Callback void onEnableFinished(int) 0">
    <annotation name="androidx.annotation.IntDef">
      <val name="value" val="{android.nfc.NfcOemExtension.STATUS_OK, android.nfc.NfcOemExtension.STATUS_UNKNOWN_ERROR}" />
    </annotation>
  </item>
  <item name="android.nfc.NfcOemExtension.Callback void onHceEventReceived(int) 0">
    <annotation name="androidx.annotation.IntDef">
      <val name="value" val="{android.nfc.NfcOemExtension.HCE_ACTIVATE, android.nfc.NfcOemExtension.HCE_DATA_TRANSFERRED, android.nfc.NfcOemExtension.HCE_DEACTIVATE}" />
    </annotation>
  </item>
  <item name="android.nfc.NfcOemExtension.Callback void onStateUpdated(int) 0">
    <annotation name="androidx.annotation.IntDef">
      <val name="value" val="{android.nfc.NfcAdapter.STATE_OFF, android.nfc.NfcAdapter.STATE_TURNING_ON, android.nfc.NfcAdapter.STATE_ON, android.nfc.NfcAdapter.STATE_TURNING_OFF}" />
    </annotation>
  </item>
  <item name="android.nfc.NfcRoutingTableEntry int getRouteType()">
    <annotation name="androidx.annotation.IntDef">
      <val name="value" val="{android.nfc.cardemulation.CardEmulation.PROTOCOL_AND_TECHNOLOGY_ROUTE_DH, android.nfc.cardemulation.CardEmulation.PROTOCOL_AND_TECHNOLOGY_ROUTE_ESE, android.nfc.cardemulation.CardEmulation.PROTOCOL_AND_TECHNOLOGY_ROUTE_UICC, android.nfc.cardemulation.CardEmulation.PROTOCOL_AND_TECHNOLOGY_ROUTE_UNSET, android.nfc.cardemulation.CardEmulation.PROTOCOL_AND_TECHNOLOGY_ROUTE_DEFAULT}" />
    </annotation>
  </item>
  <item name="android.nfc.NfcRoutingTableEntry int getType()">
    <annotation name="androidx.annotation.IntDef">
      <val name="value" val="{android.nfc.NfcRoutingTableEntry.TYPE_AID, android.nfc.NfcRoutingTableEntry.TYPE_PROTOCOL, android.nfc.NfcRoutingTableEntry.TYPE_TECHNOLOGY, android.nfc.NfcRoutingTableEntry.TYPE_SYSTEM_CODE}" />
    </annotation>
  </item>
  <item name="android.nfc.OemLogItems int getAction()">
    <annotation name="androidx.annotation.IntDef">
      <val name="value" val="{android.nfc.OemLogItems.LOG_ACTION_RF_FIELD_STATE_CHANGED, android.nfc.OemLogItems.LOG_ACTION_NFC_TOGGLE, android.nfc.OemLogItems.LOG_ACTION_HCE_DATA, android.nfc.OemLogItems.LOG_ACTION_SCREEN_STATE_CHANGED, android.nfc.OemLogItems.LOG_ACTION_TAG_DETECTED}" />
    </annotation>
  </item>
  <item name="android.nfc.OemLogItems int getEvent()">
    <annotation name="androidx.annotation.IntDef">
      <val name="value" val="{android.nfc.OemLogItems.EVENT_UNSET, android.nfc.OemLogItems.EVENT_ENABLE, android.nfc.OemLogItems.EVENT_DISABLE}" />
    </annotation>
  </item>
  <item name="android.nfc.RoutingStatus int getDefaultIsoDepRoute()">
    <annotation name="androidx.annotation.RequiresPermission">
      <val name="value" val="&quot;android.permission.WRITE_SECURE_SETTINGS&quot;" />
    </annotation>
    <annotation name="androidx.annotation.IntDef">
      <val name="value" val="{android.nfc.cardemulation.CardEmulation.PROTOCOL_AND_TECHNOLOGY_ROUTE_DH, android.nfc.cardemulation.CardEmulation.PROTOCOL_AND_TECHNOLOGY_ROUTE_ESE, android.nfc.cardemulation.CardEmulation.PROTOCOL_AND_TECHNOLOGY_ROUTE_UICC, android.nfc.cardemulation.CardEmulation.PROTOCOL_AND_TECHNOLOGY_ROUTE_UNSET, android.nfc.cardemulation.CardEmulation.PROTOCOL_AND_TECHNOLOGY_ROUTE_DEFAULT}" />
    </annotation>
  </item>
  <item name="android.nfc.RoutingStatus int getDefaultOffHostRoute()">
    <annotation name="androidx.annotation.RequiresPermission">
      <val name="value" val="&quot;android.permission.WRITE_SECURE_SETTINGS&quot;" />
    </annotation>
    <annotation name="androidx.annotation.IntDef">
      <val name="value" val="{android.nfc.cardemulation.CardEmulation.PROTOCOL_AND_TECHNOLOGY_ROUTE_DH, android.nfc.cardemulation.CardEmulation.PROTOCOL_AND_TECHNOLOGY_ROUTE_ESE, android.nfc.cardemulation.CardEmulation.PROTOCOL_AND_TECHNOLOGY_ROUTE_UICC, android.nfc.cardemulation.CardEmulation.PROTOCOL_AND_TECHNOLOGY_ROUTE_UNSET, android.nfc.cardemulation.CardEmulation.PROTOCOL_AND_TECHNOLOGY_ROUTE_DEFAULT}" />
    </annotation>
  </item>
  <item name="android.nfc.RoutingStatus int getDefaultRoute()">
    <annotation name="androidx.annotation.RequiresPermission">
      <val name="value" val="&quot;android.permission.WRITE_SECURE_SETTINGS&quot;" />
    </annotation>
    <annotation name="androidx.annotation.IntDef">
      <val name="value" val="{android.nfc.cardemulation.CardEmulation.PROTOCOL_AND_TECHNOLOGY_ROUTE_DH, android.nfc.cardemulation.CardEmulation.PROTOCOL_AND_TECHNOLOGY_ROUTE_ESE, android.nfc.cardemulation.CardEmulation.PROTOCOL_AND_TECHNOLOGY_ROUTE_UICC, android.nfc.cardemulation.CardEmulation.PROTOCOL_AND_TECHNOLOGY_ROUTE_UNSET, android.nfc.cardemulation.CardEmulation.PROTOCOL_AND_TECHNOLOGY_ROUTE_DEFAULT}" />
    </annotation>
  </item>
  <item name="android.nfc.RoutingTableProtocolEntry int getProtocol()">
    <annotation name="androidx.annotation.IntDef">
      <val name="value" val="{android.nfc.RoutingTableProtocolEntry.PROTOCOL_UNDETERMINED, android.nfc.RoutingTableProtocolEntry.PROTOCOL_T1T, android.nfc.RoutingTableProtocolEntry.PROTOCOL_T2T, android.nfc.RoutingTableProtocolEntry.PROTOCOL_T3T, android.nfc.RoutingTableProtocolEntry.PROTOCOL_ISO_DEP, android.nfc.RoutingTableProtocolEntry.PROTOCOL_NFC_DEP, android.nfc.RoutingTableProtocolEntry.PROTOCOL_T5T, android.nfc.RoutingTableProtocolEntry.PROTOCOL_NDEF, android.nfc.RoutingTableProtocolEntry.PROTOCOL_UNSUPPORTED}" />
    </annotation>
  </item>
  <item name="android.nfc.RoutingTableTechnologyEntry int getTechnology()">
    <annotation name="androidx.annotation.IntDef">
      <val name="value" val="{android.nfc.RoutingTableTechnologyEntry.TECHNOLOGY_A, android.nfc.RoutingTableTechnologyEntry.TECHNOLOGY_B, android.nfc.RoutingTableTechnologyEntry.TECHNOLOGY_F, android.nfc.RoutingTableTechnologyEntry.TECHNOLOGY_V, android.nfc.RoutingTableTechnologyEntry.TECHNOLOGY_UNSUPPORTED}" />
    </annotation>
  </item>
  <item name="android.nfc.T4tNdefNfcee android.nfc.T4tNdefNfceeCcFileInfo readCcfile()">
    <annotation name="androidx.annotation.WorkerThread"/>
    <annotation name="androidx.annotation.RequiresPermission">
      <val name="value" val="&quot;android.permission.WRITE_SECURE_SETTINGS&quot;" />
    </annotation>
  </item>
  <item name="android.nfc.T4tNdefNfcee boolean isOperationOngoing()">
    <annotation name="androidx.annotation.RequiresPermission">
      <val name="value" val="&quot;android.permission.WRITE_SECURE_SETTINGS&quot;" />
    </annotation>
  </item>
  <item name="android.nfc.T4tNdefNfcee boolean isSupported()">
    <annotation name="androidx.annotation.RequiresPermission">
      <val name="value" val="&quot;android.permission.WRITE_SECURE_SETTINGS&quot;" />
    </annotation>
  </item>
  <item name="android.nfc.T4tNdefNfcee byte[] readData(int)">
    <annotation name="androidx.annotation.WorkerThread"/>
    <annotation name="androidx.annotation.RequiresPermission">
      <val name="value" val="&quot;android.permission.WRITE_SECURE_SETTINGS&quot;" />
    </annotation>
  </item>
  <item name="android.nfc.T4tNdefNfcee byte[] readData(int) 0">
    <annotation name="androidx.annotation.IntRange">
      <val name="from" val="0" />
      <val name="to" val="65535" />
    </annotation>
  </item>
  <item name="android.nfc.T4tNdefNfcee int clearData()">
    <annotation name="androidx.annotation.WorkerThread"/>
    <annotation name="androidx.annotation.RequiresPermission">
      <val name="value" val="&quot;android.permission.WRITE_SECURE_SETTINGS&quot;" />
    </annotation>
    <annotation name="androidx.annotation.IntDef">
      <val name="value" val="{android.nfc.T4tNdefNfcee.CLEAR_DATA_SUCCESS, android.nfc.T4tNdefNfcee.CLEAR_DATA_FAILED_INTERNAL, android.nfc.T4tNdefNfcee.CLEAR_DATA_FAILED_DEVICE_BUSY}" />
    </annotation>
  </item>
  <item name="android.nfc.T4tNdefNfcee int writeData(int, byte[])">
    <annotation name="androidx.annotation.WorkerThread"/>
    <annotation name="androidx.annotation.RequiresPermission">
      <val name="value" val="&quot;android.permission.WRITE_SECURE_SETTINGS&quot;" />
    </annotation>
    <annotation name="androidx.annotation.IntDef">
      <val name="value" val="{android.nfc.T4tNdefNfcee.WRITE_DATA_SUCCESS, android.nfc.T4tNdefNfcee.WRITE_DATA_ERROR_INTERNAL, android.nfc.T4tNdefNfcee.WRITE_DATA_ERROR_RF_ACTIVATED, android.nfc.T4tNdefNfcee.WRITE_DATA_ERROR_NFC_NOT_ON, android.nfc.T4tNdefNfcee.WRITE_DATA_ERROR_INVALID_FILE_ID, android.nfc.T4tNdefNfcee.WRITE_DATA_ERROR_INVALID_LENGTH, android.nfc.T4tNdefNfcee.WRITE_DATA_ERROR_CONNECTION_FAILED, android.nfc.T4tNdefNfcee.WRITE_DATA_ERROR_EMPTY_PAYLOAD, android.nfc.T4tNdefNfcee.WRITE_DATA_ERROR_NDEF_VALIDATION_FAILED, android.nfc.T4tNdefNfcee.WRITE_DATA_ERROR_DEVICE_BUSY}" />
    </annotation>
  </item>
  <item name="android.nfc.T4tNdefNfcee int writeData(int, byte[]) 0">
    <annotation name="androidx.annotation.IntRange">
      <val name="from" val="0" />
      <val name="to" val="65535" />
    </annotation>
  </item>
  <item name="android.nfc.T4tNdefNfceeCcFileInfo int getCcFileLength()">
    <annotation name="androidx.annotation.IntRange">
      <val name="from" val="15" />
      <val name="to" val="32767" />
    </annotation>
  </item>
  <item name="android.nfc.T4tNdefNfceeCcFileInfo int getFileId()">
    <annotation name="androidx.annotation.IntRange">
      <val name="from" val="-1" />
      <val name="to" val="65535" />
    </annotation>
  </item>
  <item name="android.nfc.T4tNdefNfceeCcFileInfo int getMaxSize()">
    <annotation name="androidx.annotation.IntRange">
      <val name="from" val="5" />
      <val name="to" val="32767" />
    </annotation>
  </item>
  <item name="android.nfc.T4tNdefNfceeCcFileInfo int getVersion()">
    <annotation name="androidx.annotation.IntDef">
      <val name="value" val="{android.nfc.T4tNdefNfceeCcFileInfo.VERSION_2_0, android.nfc.T4tNdefNfceeCcFileInfo.VERSION_3_0}" />
    </annotation>
  </item>
  <item name="android.nfc.WlcListenerDeviceInfo WlcListenerDeviceInfo(int, double, double, int) 3">
    <annotation name="androidx.annotation.IntDef">
      <val name="value" val="{android.nfc.WlcListenerDeviceInfo.STATE_DISCONNECTED, android.nfc.WlcListenerDeviceInfo.STATE_CONNECTED_CHARGING, android.nfc.WlcListenerDeviceInfo.STATE_CONNECTED_DISCHARGING}" />
    </annotation>
  </item>
  <item name="android.nfc.WlcListenerDeviceInfo double getBatteryLevel()">
    <annotation name="androidx.annotation.FloatRange">
      <val name="from" val="0.0" />
      <val name="to" val="100.0" />
    </annotation>
  </item>
  <item name="android.nfc.WlcListenerDeviceInfo int getState()">
    <annotation name="androidx.annotation.IntDef">
      <val name="value" val="{android.nfc.WlcListenerDeviceInfo.STATE_DISCONNECTED, android.nfc.WlcListenerDeviceInfo.STATE_CONNECTED_CHARGING, android.nfc.WlcListenerDeviceInfo.STATE_CONNECTED_DISCHARGING}" />
    </annotation>
  </item>
</root>

