<?xml version="1.0" encoding="UTF-8"?>
<root>
  <item name="android.telephony.ims.stub.CapabilityExchangeEventListener void onRequestPublishCapabilities(int) 0">
    <annotation name="androidx.annotation.IntDef">
      <val name="value" val="{android.telephony.ims.RcsUceAdapter.CAPABILITY_UPDATE_TRIGGER_UNKNOWN, android.telephony.ims.RcsUceAdapter.CAPABILITY_UPDATE_TRIGGER_ETAG_EXPIRED, android.telephony.ims.RcsUceAdapter.CAPABILITY_UPDATE_TRIGGER_MOVE_TO_LTE_VOPS_DISABLED, android.telephony.ims.RcsUceAdapter.CAPABILITY_UPDATE_TRIGGER_MOVE_TO_LTE_VOPS_ENABLED, android.telephony.ims.RcsUceAdapter.CAPABILITY_UPDATE_TRIGGER_MOVE_TO_EHRPD, android.telephony.ims.RcsUceAdapter.CAPABILITY_UPDATE_TRIGGER_MOVE_TO_HSPAPLUS, android.telephony.ims.RcsUceAdapter.CAPABILITY_UPDATE_TRIGGER_MOVE_TO_3G, android.telephony.ims.RcsUceAdapter.CAPABILITY_UPDATE_TRIGGER_MOVE_TO_2G, android.telephony.ims.RcsUceAdapter.CAPABILITY_UPDATE_TRIGGER_MOVE_TO_WLAN, android.telephony.ims.RcsUceAdapter.CAPABILITY_UPDATE_TRIGGER_MOVE_TO_IWLAN, android.telephony.ims.RcsUceAdapter.CAPABILITY_UPDATE_TRIGGER_MOVE_TO_NR5G_VOPS_DISABLED, android.telephony.ims.RcsUceAdapter.CAPABILITY_UPDATE_TRIGGER_MOVE_TO_NR5G_VOPS_ENABLED, android.telephony.ims.RcsUceAdapter.CAPABILITY_UPDATE_TRIGGER_MOVE_TO_INTERNET_PDN}" />
    </annotation>
  </item>
  <item name="android.telephony.ims.stub.CapabilityExchangeEventListener.OptionsRequestCallback void onRespondToCapabilityRequestWithError(int, java.lang.String) 0">
    <annotation name="androidx.annotation.IntRange">
      <val name="from" val="100" />
      <val name="to" val="699" />
    </annotation>
  </item>
  <item name="android.telephony.ims.stub.DelegateConnectionMessageCallback void onMessageSendFailure(java.lang.String, int) 1">
    <annotation name="androidx.annotation.IntDef">
      <val name="value" val="{android.telephony.ims.SipDelegateManager.MESSAGE_FAILURE_REASON_UNKNOWN, android.telephony.ims.SipDelegateManager.MESSAGE_FAILURE_REASON_DELEGATE_DEAD, android.telephony.ims.SipDelegateManager.MESSAGE_FAILURE_REASON_DELEGATE_CLOSED, android.telephony.ims.SipDelegateManager.MESSAGE_FAILURE_REASON_INVALID_START_LINE, android.telephony.ims.SipDelegateManager.MESSAGE_FAILURE_REASON_INVALID_HEADER_FIELDS, android.telephony.ims.SipDelegateManager.MESSAGE_FAILURE_REASON_INVALID_BODY_CONTENT, android.telephony.ims.SipDelegateManager.MESSAGE_FAILURE_REASON_INVALID_FEATURE_TAG, android.telephony.ims.SipDelegateManager.MESSAGE_FAILURE_REASON_TAG_NOT_ENABLED_FOR_DELEGATE, android.telephony.ims.SipDelegateManager.MESSAGE_FAILURE_REASON_NETWORK_NOT_AVAILABLE, android.telephony.ims.SipDelegateManager.MESSAGE_FAILURE_REASON_NOT_REGISTERED, android.telephony.ims.SipDelegateManager.MESSAGE_FAILURE_REASON_STALE_IMS_CONFIGURATION, android.telephony.ims.SipDelegateManager.MESSAGE_FAILURE_REASON_INTERNAL_DELEGATE_STATE_TRANSITION}" />
    </annotation>
  </item>
  <item name="android.telephony.ims.stub.DelegateConnectionStateCallback void onDestroyed(int) 0">
    <annotation name="androidx.annotation.IntDef">
      <val name="value" val="{android.telephony.ims.SipDelegateManager.SIP_DELEGATE_DESTROY_REASON_UNKNOWN, android.telephony.ims.SipDelegateManager.SIP_DELEGATE_DESTROY_REASON_SERVICE_DEAD, android.telephony.ims.SipDelegateManager.SIP_DELEGATE_DESTROY_REASON_REQUESTED_BY_APP, android.telephony.ims.SipDelegateManager.SIP_DELEGATE_DESTROY_REASON_USER_DISABLED_RCS, android.telephony.ims.SipDelegateManager.SIP_DELEGATE_DESTROY_REASON_SUBSCRIPTION_TORN_DOWN}" />
    </annotation>
  </item>
  <item name="android.telephony.ims.stub.ImsConfigImplBase int setConfig(int, int)">
    <annotation name="androidx.annotation.IntDef">
      <val name="value" val="{android.telephony.ims.stub.ImsConfigImplBase.CONFIG_RESULT_SUCCESS, android.telephony.ims.stub.ImsConfigImplBase.CONFIG_RESULT_FAILED}" />
    </annotation>
  </item>
  <item name="android.telephony.ims.stub.ImsConfigImplBase int setConfig(int, java.lang.String)">
    <annotation name="androidx.annotation.IntDef">
      <val name="value" val="{android.telephony.ims.stub.ImsConfigImplBase.CONFIG_RESULT_SUCCESS, android.telephony.ims.stub.ImsConfigImplBase.CONFIG_RESULT_FAILED}" />
    </annotation>
  </item>
  <item name="android.telephony.ims.stub.ImsFeatureConfiguration.Builder android.telephony.ims.stub.ImsFeatureConfiguration.Builder addFeature(int, int) 1">
    <annotation name="androidx.annotation.IntDef">
      <val name="value" val="{android.telephony.ims.feature.ImsFeature.FEATURE_EMERGENCY_MMTEL, android.telephony.ims.feature.ImsFeature.FEATURE_MMTEL, android.telephony.ims.feature.ImsFeature.FEATURE_RCS}" />
      <val name="flag" val="true" />
    </annotation>
  </item>
  <item name="android.telephony.ims.stub.ImsFeatureConfiguration.FeatureSlotPair FeatureSlotPair(int, int) 1">
    <annotation name="androidx.annotation.IntDef">
      <val name="value" val="{android.telephony.ims.feature.ImsFeature.FEATURE_EMERGENCY_MMTEL, android.telephony.ims.feature.ImsFeature.FEATURE_MMTEL, android.telephony.ims.feature.ImsFeature.FEATURE_RCS}" />
      <val name="flag" val="true" />
    </annotation>
  </item>
  <item name="android.telephony.ims.stub.ImsFeatureConfiguration.FeatureSlotPair featureType">
    <annotation name="androidx.annotation.IntDef">
      <val name="value" val="{android.telephony.ims.feature.ImsFeature.FEATURE_EMERGENCY_MMTEL, android.telephony.ims.feature.ImsFeature.FEATURE_MMTEL, android.telephony.ims.feature.ImsFeature.FEATURE_RCS}" />
      <val name="flag" val="true" />
    </annotation>
  </item>
  <item name="android.telephony.ims.stub.ImsRegistrationImplBase void onRegistered(int) 0">
    <annotation name="androidx.annotation.IntDef">
      <val name="value" val="{android.telephony.ims.stub.ImsRegistrationImplBase.REGISTRATION_TECH_NONE, android.telephony.ims.stub.ImsRegistrationImplBase.REGISTRATION_TECH_LTE, android.telephony.ims.stub.ImsRegistrationImplBase.REGISTRATION_TECH_IWLAN, android.telephony.ims.stub.ImsRegistrationImplBase.REGISTRATION_TECH_CROSS_SIM, android.telephony.ims.stub.ImsRegistrationImplBase.REGISTRATION_TECH_NR}" />
    </annotation>
  </item>
  <item name="android.telephony.ims.stub.ImsRegistrationImplBase void onRegistering(int) 0">
    <annotation name="androidx.annotation.IntDef">
      <val name="value" val="{android.telephony.ims.stub.ImsRegistrationImplBase.REGISTRATION_TECH_NONE, android.telephony.ims.stub.ImsRegistrationImplBase.REGISTRATION_TECH_LTE, android.telephony.ims.stub.ImsRegistrationImplBase.REGISTRATION_TECH_IWLAN, android.telephony.ims.stub.ImsRegistrationImplBase.REGISTRATION_TECH_CROSS_SIM, android.telephony.ims.stub.ImsRegistrationImplBase.REGISTRATION_TECH_NR}" />
    </annotation>
  </item>
  <item name="android.telephony.ims.stub.ImsRegistrationImplBase void onTechnologyChangeFailed(int, android.telephony.ims.ImsReasonInfo) 0">
    <annotation name="androidx.annotation.IntDef">
      <val name="value" val="{android.telephony.ims.stub.ImsRegistrationImplBase.REGISTRATION_TECH_NONE, android.telephony.ims.stub.ImsRegistrationImplBase.REGISTRATION_TECH_LTE, android.telephony.ims.stub.ImsRegistrationImplBase.REGISTRATION_TECH_IWLAN, android.telephony.ims.stub.ImsRegistrationImplBase.REGISTRATION_TECH_CROSS_SIM, android.telephony.ims.stub.ImsRegistrationImplBase.REGISTRATION_TECH_NR}" />
    </annotation>
  </item>
  <item name="android.telephony.ims.stub.ImsRegistrationImplBase void triggerFullNetworkRegistration(int, java.lang.String) 0">
    <annotation name="androidx.annotation.IntRange">
      <val name="from" val="100" />
      <val name="to" val="699" />
    </annotation>
  </item>
  <item name="android.telephony.ims.stub.ImsSmsImplBase java.lang.String getSmsFormat()">
    <annotation name="androidx.annotation.StringDef">
      <val name="value" val="{android.telephony.SmsMessage.FORMAT_3GPP, android.telephony.SmsMessage.FORMAT_3GPP2}" />
    </annotation>
  </item>
  <item name="android.telephony.ims.stub.ImsSmsImplBase void acknowledgeSms(int, int, int) 1">
    <annotation name="androidx.annotation.IntRange">
      <val name="from" val="0" />
      <val name="to" val="65535" />
    </annotation>
  </item>
  <item name="android.telephony.ims.stub.ImsSmsImplBase void acknowledgeSms(int, int, int) 2">
    <annotation name="androidx.annotation.IntDef">
      <val name="value" val="{android.telephony.ims.stub.ImsSmsImplBase.DELIVER_STATUS_OK, android.telephony.ims.stub.ImsSmsImplBase.DELIVER_STATUS_ERROR_GENERIC, android.telephony.ims.stub.ImsSmsImplBase.DELIVER_STATUS_ERROR_NO_MEMORY, android.telephony.ims.stub.ImsSmsImplBase.DELIVER_STATUS_ERROR_REQUEST_NOT_SUPPORTED}" />
    </annotation>
  </item>
  <item name="android.telephony.ims.stub.ImsSmsImplBase void acknowledgeSmsReport(int, int, int) 1">
    <annotation name="androidx.annotation.IntRange">
      <val name="from" val="0" />
      <val name="to" val="65535" />
    </annotation>
  </item>
  <item name="android.telephony.ims.stub.ImsSmsImplBase void acknowledgeSmsReport(int, int, int) 2">
    <annotation name="androidx.annotation.IntDef">
      <val name="value" val="{android.telephony.ims.stub.ImsSmsImplBase.STATUS_REPORT_STATUS_OK, android.telephony.ims.stub.ImsSmsImplBase.STATUS_REPORT_STATUS_ERROR}" />
    </annotation>
  </item>
  <item name="android.telephony.ims.stub.ImsSmsImplBase void onSendSmsResult(int, int, int, int) 1">
    <annotation name="androidx.annotation.IntRange">
      <val name="from" val="0" />
      <val name="to" val="65535" />
    </annotation>
  </item>
  <item name="android.telephony.ims.stub.ImsSmsImplBase void onSendSmsResult(int, int, int, int) 2">
    <annotation name="androidx.annotation.IntDef">
      <val name="value" val="{android.telephony.ims.stub.ImsSmsImplBase.SEND_STATUS_OK, android.telephony.ims.stub.ImsSmsImplBase.SEND_STATUS_ERROR, android.telephony.ims.stub.ImsSmsImplBase.SEND_STATUS_ERROR_RETRY, android.telephony.ims.stub.ImsSmsImplBase.SEND_STATUS_ERROR_FALLBACK}" />
    </annotation>
  </item>
  <item name="android.telephony.ims.stub.ImsSmsImplBase void onSendSmsResult(int, int, int, int) 3">
    <annotation name="androidx.annotation.IntDef">
      <val name="value" val="{android.telephony.SmsManager.RESULT_ERROR_NONE, android.telephony.SmsManager.RESULT_ERROR_GENERIC_FAILURE, android.telephony.SmsManager.RESULT_ERROR_RADIO_OFF, android.telephony.SmsManager.RESULT_ERROR_NULL_PDU, android.telephony.SmsManager.RESULT_ERROR_NO_SERVICE, android.telephony.SmsManager.RESULT_ERROR_LIMIT_EXCEEDED, android.telephony.SmsManager.RESULT_ERROR_FDN_CHECK_FAILURE, android.telephony.SmsManager.RESULT_ERROR_SHORT_CODE_NOT_ALLOWED, android.telephony.SmsManager.RESULT_ERROR_SHORT_CODE_NEVER_ALLOWED, android.telephony.SmsManager.RESULT_RADIO_NOT_AVAILABLE, android.telephony.SmsManager.RESULT_NETWORK_REJECT, android.telephony.SmsManager.RESULT_INVALID_ARGUMENTS, android.telephony.SmsManager.RESULT_INVALID_STATE, android.telephony.SmsManager.RESULT_NO_MEMORY, android.telephony.SmsManager.RESULT_INVALID_SMS_FORMAT, android.telephony.SmsManager.RESULT_SYSTEM_ERROR, android.telephony.SmsManager.RESULT_MODEM_ERROR, android.telephony.SmsManager.RESULT_NETWORK_ERROR, android.telephony.SmsManager.RESULT_INVALID_SMSC_ADDRESS, android.telephony.SmsManager.RESULT_OPERATION_NOT_ALLOWED, android.telephony.SmsManager.RESULT_INTERNAL_ERROR, android.telephony.SmsManager.RESULT_NO_RESOURCES, android.telephony.SmsManager.RESULT_CANCELLED, android.telephony.SmsManager.RESULT_REQUEST_NOT_SUPPORTED, android.telephony.SmsManager.RESULT_NO_BLUETOOTH_SERVICE, android.telephony.SmsManager.RESULT_INVALID_BLUETOOTH_ADDRESS, android.telephony.SmsManager.RESULT_BLUETOOTH_DISCONNECTED, android.telephony.SmsManager.RESULT_UNEXPECTED_EVENT_STOP_SENDING, android.telephony.SmsManager.RESULT_SMS_BLOCKED_DURING_EMERGENCY, android.telephony.SmsManager.RESULT_SMS_SEND_RETRY_FAILED, android.telephony.SmsManager.RESULT_REMOTE_EXCEPTION, android.telephony.SmsManager.RESULT_NO_DEFAULT_SMS_APP, android.telephony.SmsManager.RESULT_RIL_RADIO_NOT_AVAILABLE, android.telephony.SmsManager.RESULT_RIL_SMS_SEND_FAIL_RETRY, android.telephony.SmsManager.RESULT_RIL_NETWORK_REJECT, android.telephony.SmsManager.RESULT_RIL_INVALID_STATE, android.telephony.SmsManager.RESULT_RIL_INVALID_ARGUMENTS, android.telephony.SmsManager.RESULT_RIL_NO_MEMORY, android.telephony.SmsManager.RESULT_RIL_REQUEST_RATE_LIMITED, android.telephony.SmsManager.RESULT_RIL_INVALID_SMS_FORMAT, android.telephony.SmsManager.RESULT_RIL_SYSTEM_ERR, android.telephony.SmsManager.RESULT_RIL_ENCODING_ERR, android.telephony.SmsManager.RESULT_RIL_INVALID_SMSC_ADDRESS, android.telephony.SmsManager.RESULT_RIL_MODEM_ERR, android.telephony.SmsManager.RESULT_RIL_NETWORK_ERR, android.telephony.SmsManager.RESULT_RIL_INTERNAL_ERR, android.telephony.SmsManager.RESULT_RIL_REQUEST_NOT_SUPPORTED, android.telephony.SmsManager.RESULT_RIL_INVALID_MODEM_STATE, android.telephony.SmsManager.RESULT_RIL_NETWORK_NOT_READY, android.telephony.SmsManager.RESULT_RIL_OPERATION_NOT_ALLOWED, android.telephony.SmsManager.RESULT_RIL_NO_RESOURCES, android.telephony.SmsManager.RESULT_RIL_CANCELLED, android.telephony.SmsManager.RESULT_RIL_SIM_ABSENT, android.telephony.SmsManager.RESULT_RIL_SIMULTANEOUS_SMS_AND_CALL_NOT_ALLOWED, android.telephony.SmsManager.RESULT_RIL_ACCESS_BARRED, android.telephony.SmsManager.RESULT_RIL_BLOCKED_DUE_TO_CALL}" />
    </annotation>
  </item>
  <item name="android.telephony.ims.stub.ImsSmsImplBase void onSendSmsResultError(int, int, int, int, int) 1">
    <annotation name="androidx.annotation.IntRange">
      <val name="from" val="0" />
      <val name="to" val="65535" />
    </annotation>
  </item>
  <item name="android.telephony.ims.stub.ImsSmsImplBase void onSendSmsResultError(int, int, int, int, int) 2">
    <annotation name="androidx.annotation.IntDef">
      <val name="value" val="{android.telephony.ims.stub.ImsSmsImplBase.SEND_STATUS_OK, android.telephony.ims.stub.ImsSmsImplBase.SEND_STATUS_ERROR, android.telephony.ims.stub.ImsSmsImplBase.SEND_STATUS_ERROR_RETRY, android.telephony.ims.stub.ImsSmsImplBase.SEND_STATUS_ERROR_FALLBACK}" />
    </annotation>
  </item>
  <item name="android.telephony.ims.stub.ImsSmsImplBase void onSendSmsResultError(int, int, int, int, int) 3">
    <annotation name="androidx.annotation.IntDef">
      <val name="value" val="{android.telephony.SmsManager.RESULT_ERROR_NONE, android.telephony.SmsManager.RESULT_ERROR_GENERIC_FAILURE, android.telephony.SmsManager.RESULT_ERROR_RADIO_OFF, android.telephony.SmsManager.RESULT_ERROR_NULL_PDU, android.telephony.SmsManager.RESULT_ERROR_NO_SERVICE, android.telephony.SmsManager.RESULT_ERROR_LIMIT_EXCEEDED, android.telephony.SmsManager.RESULT_ERROR_FDN_CHECK_FAILURE, android.telephony.SmsManager.RESULT_ERROR_SHORT_CODE_NOT_ALLOWED, android.telephony.SmsManager.RESULT_ERROR_SHORT_CODE_NEVER_ALLOWED, android.telephony.SmsManager.RESULT_RADIO_NOT_AVAILABLE, android.telephony.SmsManager.RESULT_NETWORK_REJECT, android.telephony.SmsManager.RESULT_INVALID_ARGUMENTS, android.telephony.SmsManager.RESULT_INVALID_STATE, android.telephony.SmsManager.RESULT_NO_MEMORY, android.telephony.SmsManager.RESULT_INVALID_SMS_FORMAT, android.telephony.SmsManager.RESULT_SYSTEM_ERROR, android.telephony.SmsManager.RESULT_MODEM_ERROR, android.telephony.SmsManager.RESULT_NETWORK_ERROR, android.telephony.SmsManager.RESULT_INVALID_SMSC_ADDRESS, android.telephony.SmsManager.RESULT_OPERATION_NOT_ALLOWED, android.telephony.SmsManager.RESULT_INTERNAL_ERROR, android.telephony.SmsManager.RESULT_NO_RESOURCES, android.telephony.SmsManager.RESULT_CANCELLED, android.telephony.SmsManager.RESULT_REQUEST_NOT_SUPPORTED, android.telephony.SmsManager.RESULT_NO_BLUETOOTH_SERVICE, android.telephony.SmsManager.RESULT_INVALID_BLUETOOTH_ADDRESS, android.telephony.SmsManager.RESULT_BLUETOOTH_DISCONNECTED, android.telephony.SmsManager.RESULT_UNEXPECTED_EVENT_STOP_SENDING, android.telephony.SmsManager.RESULT_SMS_BLOCKED_DURING_EMERGENCY, android.telephony.SmsManager.RESULT_SMS_SEND_RETRY_FAILED, android.telephony.SmsManager.RESULT_REMOTE_EXCEPTION, android.telephony.SmsManager.RESULT_NO_DEFAULT_SMS_APP, android.telephony.SmsManager.RESULT_RIL_RADIO_NOT_AVAILABLE, android.telephony.SmsManager.RESULT_RIL_SMS_SEND_FAIL_RETRY, android.telephony.SmsManager.RESULT_RIL_NETWORK_REJECT, android.telephony.SmsManager.RESULT_RIL_INVALID_STATE, android.telephony.SmsManager.RESULT_RIL_INVALID_ARGUMENTS, android.telephony.SmsManager.RESULT_RIL_NO_MEMORY, android.telephony.SmsManager.RESULT_RIL_REQUEST_RATE_LIMITED, android.telephony.SmsManager.RESULT_RIL_INVALID_SMS_FORMAT, android.telephony.SmsManager.RESULT_RIL_SYSTEM_ERR, android.telephony.SmsManager.RESULT_RIL_ENCODING_ERR, android.telephony.SmsManager.RESULT_RIL_INVALID_SMSC_ADDRESS, android.telephony.SmsManager.RESULT_RIL_MODEM_ERR, android.telephony.SmsManager.RESULT_RIL_NETWORK_ERR, android.telephony.SmsManager.RESULT_RIL_INTERNAL_ERR, android.telephony.SmsManager.RESULT_RIL_REQUEST_NOT_SUPPORTED, android.telephony.SmsManager.RESULT_RIL_INVALID_MODEM_STATE, android.telephony.SmsManager.RESULT_RIL_NETWORK_NOT_READY, android.telephony.SmsManager.RESULT_RIL_OPERATION_NOT_ALLOWED, android.telephony.SmsManager.RESULT_RIL_NO_RESOURCES, android.telephony.SmsManager.RESULT_RIL_CANCELLED, android.telephony.SmsManager.RESULT_RIL_SIM_ABSENT, android.telephony.SmsManager.RESULT_RIL_SIMULTANEOUS_SMS_AND_CALL_NOT_ALLOWED, android.telephony.SmsManager.RESULT_RIL_ACCESS_BARRED, android.telephony.SmsManager.RESULT_RIL_BLOCKED_DUE_TO_CALL}" />
    </annotation>
  </item>
  <item name="android.telephony.ims.stub.ImsSmsImplBase void onSendSmsResultSuccess(int, int) 1">
    <annotation name="androidx.annotation.IntRange">
      <val name="from" val="0" />
      <val name="to" val="65535" />
    </annotation>
  </item>
  <item name="android.telephony.ims.stub.ImsSmsImplBase void onSmsReceived(int, java.lang.String, byte[]) 1">
    <annotation name="androidx.annotation.StringDef">
      <val name="value" val="{android.telephony.SmsMessage.FORMAT_3GPP, android.telephony.SmsMessage.FORMAT_3GPP2}" />
    </annotation>
  </item>
  <item name="android.telephony.ims.stub.ImsSmsImplBase void onSmsStatusReportReceived(int, int, java.lang.String, byte[]) 1">
    <annotation name="androidx.annotation.IntRange">
      <val name="from" val="0" />
      <val name="to" val="65535" />
    </annotation>
  </item>
  <item name="android.telephony.ims.stub.ImsSmsImplBase void onSmsStatusReportReceived(int, int, java.lang.String, byte[]) 2">
    <annotation name="androidx.annotation.StringDef">
      <val name="value" val="{android.telephony.SmsMessage.FORMAT_3GPP, android.telephony.SmsMessage.FORMAT_3GPP2}" />
    </annotation>
  </item>
  <item name="android.telephony.ims.stub.ImsSmsImplBase void onSmsStatusReportReceived(int, java.lang.String, byte[]) 1">
    <annotation name="androidx.annotation.StringDef">
      <val name="value" val="{android.telephony.SmsMessage.FORMAT_3GPP, android.telephony.SmsMessage.FORMAT_3GPP2}" />
    </annotation>
  </item>
  <item name="android.telephony.ims.stub.ImsSmsImplBase void sendSms(int, int, java.lang.String, java.lang.String, boolean, byte[]) 1">
    <annotation name="androidx.annotation.IntRange">
      <val name="from" val="0" />
      <val name="to" val="65535" />
    </annotation>
  </item>
  <item name="android.telephony.ims.stub.ImsSmsImplBase void sendSms(int, int, java.lang.String, java.lang.String, boolean, byte[]) 2">
    <annotation name="androidx.annotation.StringDef">
      <val name="value" val="{android.telephony.SmsMessage.FORMAT_3GPP, android.telephony.SmsMessage.FORMAT_3GPP2}" />
    </annotation>
  </item>
  <item name="android.telephony.ims.stub.ImsUtImplBase int updateCallBarring(int, int, java.lang.String[]) 0">
    <annotation name="androidx.annotation.IntDef">
    </annotation>
  </item>
  <item name="android.telephony.ims.stub.ImsUtImplBase int updateCallBarringForServiceClass(int, int, java.lang.String[], int) 0">
    <annotation name="androidx.annotation.IntDef">
    </annotation>
  </item>
  <item name="android.telephony.ims.stub.RcsCapabilityExchangeImplBase.OptionsResponseCallback void onCommandError(int) 0">
    <annotation name="androidx.annotation.IntDef">
      <val name="value" val="{android.telephony.ims.stub.RcsCapabilityExchangeImplBase.COMMAND_CODE_SERVICE_UNKNOWN, android.telephony.ims.stub.RcsCapabilityExchangeImplBase.COMMAND_CODE_GENERIC_FAILURE, android.telephony.ims.stub.RcsCapabilityExchangeImplBase.COMMAND_CODE_INVALID_PARAM, android.telephony.ims.stub.RcsCapabilityExchangeImplBase.COMMAND_CODE_FETCH_ERROR, android.telephony.ims.stub.RcsCapabilityExchangeImplBase.COMMAND_CODE_REQUEST_TIMEOUT, android.telephony.ims.stub.RcsCapabilityExchangeImplBase.COMMAND_CODE_INSUFFICIENT_MEMORY, android.telephony.ims.stub.RcsCapabilityExchangeImplBase.COMMAND_CODE_LOST_NETWORK_CONNECTION, android.telephony.ims.stub.RcsCapabilityExchangeImplBase.COMMAND_CODE_NOT_SUPPORTED, android.telephony.ims.stub.RcsCapabilityExchangeImplBase.COMMAND_CODE_NOT_FOUND, android.telephony.ims.stub.RcsCapabilityExchangeImplBase.COMMAND_CODE_SERVICE_UNAVAILABLE, android.telephony.ims.stub.RcsCapabilityExchangeImplBase.COMMAND_CODE_NO_CHANGE}" />
    </annotation>
  </item>
  <item name="android.telephony.ims.stub.RcsCapabilityExchangeImplBase.PublishResponseCallback void onCommandError(int) 0">
    <annotation name="androidx.annotation.IntDef">
      <val name="value" val="{android.telephony.ims.stub.RcsCapabilityExchangeImplBase.COMMAND_CODE_SERVICE_UNKNOWN, android.telephony.ims.stub.RcsCapabilityExchangeImplBase.COMMAND_CODE_GENERIC_FAILURE, android.telephony.ims.stub.RcsCapabilityExchangeImplBase.COMMAND_CODE_INVALID_PARAM, android.telephony.ims.stub.RcsCapabilityExchangeImplBase.COMMAND_CODE_FETCH_ERROR, android.telephony.ims.stub.RcsCapabilityExchangeImplBase.COMMAND_CODE_REQUEST_TIMEOUT, android.telephony.ims.stub.RcsCapabilityExchangeImplBase.COMMAND_CODE_INSUFFICIENT_MEMORY, android.telephony.ims.stub.RcsCapabilityExchangeImplBase.COMMAND_CODE_LOST_NETWORK_CONNECTION, android.telephony.ims.stub.RcsCapabilityExchangeImplBase.COMMAND_CODE_NOT_SUPPORTED, android.telephony.ims.stub.RcsCapabilityExchangeImplBase.COMMAND_CODE_NOT_FOUND, android.telephony.ims.stub.RcsCapabilityExchangeImplBase.COMMAND_CODE_SERVICE_UNAVAILABLE, android.telephony.ims.stub.RcsCapabilityExchangeImplBase.COMMAND_CODE_NO_CHANGE}" />
    </annotation>
  </item>
  <item name="android.telephony.ims.stub.RcsCapabilityExchangeImplBase.PublishResponseCallback void onNetworkResponse(int, java.lang.String) 0">
    <annotation name="androidx.annotation.IntRange">
      <val name="from" val="100" />
      <val name="to" val="699" />
    </annotation>
  </item>
  <item name="android.telephony.ims.stub.RcsCapabilityExchangeImplBase.PublishResponseCallback void onNetworkResponse(int, java.lang.String, int, java.lang.String) 0">
    <annotation name="androidx.annotation.IntRange">
      <val name="from" val="100" />
      <val name="to" val="699" />
    </annotation>
  </item>
  <item name="android.telephony.ims.stub.RcsCapabilityExchangeImplBase.PublishResponseCallback void onNetworkResponse(int, java.lang.String, int, java.lang.String) 2">
    <annotation name="androidx.annotation.IntRange">
      <val name="from" val="100" />
      <val name="to" val="699" />
    </annotation>
  </item>
  <item name="android.telephony.ims.stub.RcsCapabilityExchangeImplBase.SubscribeResponseCallback void onCommandError(int) 0">
    <annotation name="androidx.annotation.IntDef">
      <val name="value" val="{android.telephony.ims.stub.RcsCapabilityExchangeImplBase.COMMAND_CODE_SERVICE_UNKNOWN, android.telephony.ims.stub.RcsCapabilityExchangeImplBase.COMMAND_CODE_GENERIC_FAILURE, android.telephony.ims.stub.RcsCapabilityExchangeImplBase.COMMAND_CODE_INVALID_PARAM, android.telephony.ims.stub.RcsCapabilityExchangeImplBase.COMMAND_CODE_FETCH_ERROR, android.telephony.ims.stub.RcsCapabilityExchangeImplBase.COMMAND_CODE_REQUEST_TIMEOUT, android.telephony.ims.stub.RcsCapabilityExchangeImplBase.COMMAND_CODE_INSUFFICIENT_MEMORY, android.telephony.ims.stub.RcsCapabilityExchangeImplBase.COMMAND_CODE_LOST_NETWORK_CONNECTION, android.telephony.ims.stub.RcsCapabilityExchangeImplBase.COMMAND_CODE_NOT_SUPPORTED, android.telephony.ims.stub.RcsCapabilityExchangeImplBase.COMMAND_CODE_NOT_FOUND, android.telephony.ims.stub.RcsCapabilityExchangeImplBase.COMMAND_CODE_SERVICE_UNAVAILABLE, android.telephony.ims.stub.RcsCapabilityExchangeImplBase.COMMAND_CODE_NO_CHANGE}" />
    </annotation>
  </item>
  <item name="android.telephony.ims.stub.RcsCapabilityExchangeImplBase.SubscribeResponseCallback void onNetworkResponse(int, java.lang.String) 0">
    <annotation name="androidx.annotation.IntRange">
      <val name="from" val="100" />
      <val name="to" val="699" />
    </annotation>
  </item>
  <item name="android.telephony.ims.stub.RcsCapabilityExchangeImplBase.SubscribeResponseCallback void onNetworkResponse(int, java.lang.String, int, java.lang.String) 0">
    <annotation name="androidx.annotation.IntRange">
      <val name="from" val="100" />
      <val name="to" val="699" />
    </annotation>
  </item>
  <item name="android.telephony.ims.stub.RcsCapabilityExchangeImplBase.SubscribeResponseCallback void onNetworkResponse(int, java.lang.String, int, java.lang.String) 2">
    <annotation name="androidx.annotation.IntRange">
      <val name="from" val="100" />
      <val name="to" val="699" />
    </annotation>
  </item>
  <item name="android.telephony.ims.stub.SipDelegate void notifyMessageReceiveError(java.lang.String, int) 1">
    <annotation name="androidx.annotation.IntDef">
      <val name="value" val="{android.telephony.ims.SipDelegateManager.MESSAGE_FAILURE_REASON_UNKNOWN, android.telephony.ims.SipDelegateManager.MESSAGE_FAILURE_REASON_DELEGATE_DEAD, android.telephony.ims.SipDelegateManager.MESSAGE_FAILURE_REASON_DELEGATE_CLOSED, android.telephony.ims.SipDelegateManager.MESSAGE_FAILURE_REASON_INVALID_START_LINE, android.telephony.ims.SipDelegateManager.MESSAGE_FAILURE_REASON_INVALID_HEADER_FIELDS, android.telephony.ims.SipDelegateManager.MESSAGE_FAILURE_REASON_INVALID_BODY_CONTENT, android.telephony.ims.SipDelegateManager.MESSAGE_FAILURE_REASON_INVALID_FEATURE_TAG, android.telephony.ims.SipDelegateManager.MESSAGE_FAILURE_REASON_TAG_NOT_ENABLED_FOR_DELEGATE, android.telephony.ims.SipDelegateManager.MESSAGE_FAILURE_REASON_NETWORK_NOT_AVAILABLE, android.telephony.ims.SipDelegateManager.MESSAGE_FAILURE_REASON_NOT_REGISTERED, android.telephony.ims.SipDelegateManager.MESSAGE_FAILURE_REASON_STALE_IMS_CONFIGURATION, android.telephony.ims.SipDelegateManager.MESSAGE_FAILURE_REASON_INTERNAL_DELEGATE_STATE_TRANSITION}" />
    </annotation>
  </item>
  <item name="android.telephony.ims.stub.SipTransportImplBase void destroySipDelegate(android.telephony.ims.stub.SipDelegate, int) 1">
    <annotation name="androidx.annotation.IntDef">
      <val name="value" val="{android.telephony.ims.SipDelegateManager.SIP_DELEGATE_DESTROY_REASON_UNKNOWN, android.telephony.ims.SipDelegateManager.SIP_DELEGATE_DESTROY_REASON_SERVICE_DEAD, android.telephony.ims.SipDelegateManager.SIP_DELEGATE_DESTROY_REASON_REQUESTED_BY_APP, android.telephony.ims.SipDelegateManager.SIP_DELEGATE_DESTROY_REASON_USER_DISABLED_RCS, android.telephony.ims.SipDelegateManager.SIP_DELEGATE_DESTROY_REASON_SUBSCRIPTION_TORN_DOWN}" />
    </annotation>
  </item>
</root>

