<?xml version="1.0" encoding="UTF-8"?>
<root>
  <item name="android.app.compat.CompatChanges boolean isChangeEnabled(long, int)">
    <annotation name="androidx.annotation.RequiresPermission">
      <val name="allOf" val="{&quot;android.permission.READ_COMPAT_CHANGE_CONFIG&quot;, &quot;android.permission.LOG_COMPAT_CHANGE&quot;}" />
    </annotation>
  </item>
  <item name="android.app.compat.CompatChanges boolean isChangeEnabled(long, java.lang.String, android.os.UserHandle)">
    <annotation name="androidx.annotation.RequiresPermission">
      <val name="allOf" val="{&quot;android.permission.READ_COMPAT_CHANGE_CONFIG&quot;, &quot;android.permission.LOG_COMPAT_CHANGE&quot;}" />
    </annotation>
  </item>
  <item name="android.app.compat.CompatChanges void putAllPackageOverrides(java.util.Map&lt;java.lang.String,java.util.Map&lt;java.lang.Long,android.app.compat.PackageOverride&gt;&gt;)">
    <annotation name="androidx.annotation.RequiresPermission">
      <val name="value" val="&quot;android.permission.OVERRIDE_COMPAT_CHANGE_CONFIG_ON_RELEASE_BUILD&quot;" />
    </annotation>
  </item>
  <item name="android.app.compat.CompatChanges void putPackageOverrides(java.lang.String, java.util.Map&lt;java.lang.Long,android.app.compat.PackageOverride&gt;)">
    <annotation name="androidx.annotation.RequiresPermission">
      <val name="value" val="&quot;android.permission.OVERRIDE_COMPAT_CHANGE_CONFIG_ON_RELEASE_BUILD&quot;" />
    </annotation>
  </item>
  <item name="android.app.compat.CompatChanges void removeAllPackageOverrides(java.util.Map&lt;java.lang.String,java.util.Set&lt;java.lang.Long&gt;&gt;)">
    <annotation name="androidx.annotation.RequiresPermission">
      <val name="value" val="&quot;android.permission.OVERRIDE_COMPAT_CHANGE_CONFIG_ON_RELEASE_BUILD&quot;" />
    </annotation>
  </item>
  <item name="android.app.compat.CompatChanges void removePackageOverrides(java.lang.String, java.util.Set&lt;java.lang.Long&gt;)">
    <annotation name="androidx.annotation.RequiresPermission">
      <val name="value" val="&quot;android.permission.OVERRIDE_COMPAT_CHANGE_CONFIG_ON_RELEASE_BUILD&quot;" />
    </annotation>
  </item>
</root>

