<?xml version="1.0" encoding="UTF-8"?>
<root>
  <item name="android.hardware.usb.DisplayPortAltModeInfo int getCableStatus()">
    <annotation name="androidx.annotation.IntDef">
      <val name="value" val="{android.hardware.usb.DisplayPortAltModeInfo.DISPLAYPORT_ALT_MODE_STATUS_UNKNOWN, android.hardware.usb.DisplayPortAltModeInfo.DISPLAYPORT_ALT_MODE_STATUS_NOT_CAPABLE, android.hardware.usb.DisplayPortAltModeInfo.DISPLAYPORT_ALT_MODE_STATUS_CAPABLE, android.hardware.usb.DisplayPortAltModeInfo.DISPLAYPORT_ALT_MODE_STATUS_ENABLED}" />
    </annotation>
  </item>
  <item name="android.hardware.usb.DisplayPortAltModeInfo int getPartnerSinkStatus()">
    <annotation name="androidx.annotation.IntDef">
      <val name="value" val="{android.hardware.usb.DisplayPortAltModeInfo.DISPLAYPORT_ALT_MODE_STATUS_UNKNOWN, android.hardware.usb.DisplayPortAltModeInfo.DISPLAYPORT_ALT_MODE_STATUS_NOT_CAPABLE, android.hardware.usb.DisplayPortAltModeInfo.DISPLAYPORT_ALT_MODE_STATUS_CAPABLE, android.hardware.usb.DisplayPortAltModeInfo.DISPLAYPORT_ALT_MODE_STATUS_ENABLED}" />
    </annotation>
  </item>
  <item name="android.hardware.usb.UsbManager ACTION_USB_ACCESSORY_HANDSHAKE">
    <annotation name="androidx.annotation.RequiresPermission">
      <val name="value" val="&quot;android.permission.MANAGE_USB&quot;" />
    </annotation>
  </item>
  <item name="android.hardware.usb.UsbManager ACTION_USB_PORT_CHANGED">
    <annotation name="androidx.annotation.RequiresPermission">
      <val name="value" val="&quot;android.permission.MANAGE_USB&quot;" />
    </annotation>
  </item>
  <item name="android.hardware.usb.UsbManager ACTION_USB_PORT_COMPLIANCE_CHANGED">
    <annotation name="androidx.annotation.RequiresPermission">
      <val name="value" val="&quot;android.permission.MANAGE_USB&quot;" />
    </annotation>
  </item>
  <item name="android.hardware.usb.UsbManager boolean registerDisplayPortAltModeInfoListener(java.util.concurrent.Executor, android.hardware.usb.UsbManager.DisplayPortAltModeInfoListener)">
    <annotation name="androidx.annotation.RequiresPermission">
      <val name="value" val="&quot;android.permission.MANAGE_USB&quot;" />
    </annotation>
  </item>
  <item name="android.hardware.usb.UsbManager java.util.List&lt;android.hardware.usb.UsbPort&gt; getPorts()">
    <annotation name="androidx.annotation.RequiresPermission">
      <val name="value" val="&quot;android.permission.MANAGE_USB&quot;" />
    </annotation>
  </item>
  <item name="android.hardware.usb.UsbManager long getCurrentFunctions()">
    <annotation name="androidx.annotation.RequiresPermission">
      <val name="value" val="&quot;android.permission.MANAGE_USB&quot;" />
    </annotation>
  </item>
  <item name="android.hardware.usb.UsbManager void grantPermission(android.hardware.usb.UsbDevice, java.lang.String)">
    <annotation name="androidx.annotation.RequiresPermission">
      <val name="value" val="&quot;android.permission.MANAGE_USB&quot;" />
    </annotation>
  </item>
  <item name="android.hardware.usb.UsbManager void resetUsbGadget()">
    <annotation name="androidx.annotation.RequiresPermission">
      <val name="value" val="&quot;android.permission.MANAGE_USB&quot;" />
    </annotation>
  </item>
  <item name="android.hardware.usb.UsbManager void setCurrentFunctions(long)">
    <annotation name="androidx.annotation.RequiresPermission">
      <val name="value" val="&quot;android.permission.MANAGE_USB&quot;" />
    </annotation>
  </item>
  <item name="android.hardware.usb.UsbManager void setCurrentFunctions(long) 0">
    <annotation name="androidx.annotation.LongDef">
      <val name="value" val="{android.hardware.usb.UsbManager.FUNCTION_NONE, android.hardware.usb.UsbManager.FUNCTION_MTP, android.hardware.usb.UsbManager.FUNCTION_PTP, android.hardware.usb.UsbManager.FUNCTION_RNDIS, android.hardware.usb.UsbManager.FUNCTION_MIDI, android.hardware.usb.UsbManager.FUNCTION_ACCESSORY, android.hardware.usb.UsbManager.FUNCTION_AUDIO_SOURCE, android.hardware.usb.UsbManager.FUNCTION_ADB, android.hardware.usb.UsbManager.FUNCTION_NCM}" />
      <val name="flag" val="true" />
    </annotation>
  </item>
  <item name="android.hardware.usb.UsbManager void unregisterDisplayPortAltModeInfoListener(android.hardware.usb.UsbManager.DisplayPortAltModeInfoListener)">
    <annotation name="androidx.annotation.RequiresPermission">
      <val name="value" val="&quot;android.permission.MANAGE_USB&quot;" />
    </annotation>
  </item>
  <item name="android.hardware.usb.UsbPort android.hardware.usb.UsbPortStatus getStatus()">
    <annotation name="androidx.annotation.RequiresPermission">
      <val name="value" val="&quot;android.permission.MANAGE_USB&quot;" />
    </annotation>
  </item>
  <item name="android.hardware.usb.UsbPort boolean isAltModeSupported(int) 0">
    <annotation name="androidx.annotation.IntDef">
      <val name="value" val="{android.hardware.usb.UsbPort.FLAG_ALT_MODE_TYPE_DISPLAYPORT}" />
      <val name="flag" val="true" />
    </annotation>
  </item>
  <item name="android.hardware.usb.UsbPort boolean supportsComplianceWarnings()">
    <annotation name="androidx.annotation.CheckResult"/>
    <annotation name="androidx.annotation.RequiresPermission">
      <val name="value" val="&quot;android.permission.MANAGE_USB&quot;" />
    </annotation>
  </item>
  <item name="android.hardware.usb.UsbPort int enableLimitPowerTransfer(boolean)">
    <annotation name="androidx.annotation.CheckResult"/>
    <annotation name="androidx.annotation.RequiresPermission">
      <val name="value" val="&quot;android.permission.MANAGE_USB&quot;" />
    </annotation>
    <annotation name="androidx.annotation.IntDef">
      <val name="value" val="{android.hardware.usb.UsbPort.ENABLE_LIMIT_POWER_TRANSFER_SUCCESS, android.hardware.usb.UsbPort.ENABLE_LIMIT_POWER_TRANSFER_ERROR_INTERNAL, android.hardware.usb.UsbPort.ENABLE_LIMIT_POWER_TRANSFER_ERROR_NOT_SUPPORTED, android.hardware.usb.UsbPort.ENABLE_LIMIT_POWER_TRANSFER_ERROR_PORT_MISMATCH, android.hardware.usb.UsbPort.ENABLE_LIMIT_POWER_TRANSFER_ERROR_OTHER}" />
    </annotation>
  </item>
  <item name="android.hardware.usb.UsbPort int enableUsbData(boolean)">
    <annotation name="androidx.annotation.CheckResult"/>
    <annotation name="androidx.annotation.RequiresPermission">
      <val name="value" val="&quot;android.permission.MANAGE_USB&quot;" />
    </annotation>
    <annotation name="androidx.annotation.IntDef">
      <val name="value" val="{android.hardware.usb.UsbPort.ENABLE_USB_DATA_SUCCESS, android.hardware.usb.UsbPort.ENABLE_USB_DATA_ERROR_INTERNAL, android.hardware.usb.UsbPort.ENABLE_USB_DATA_ERROR_NOT_SUPPORTED, android.hardware.usb.UsbPort.ENABLE_USB_DATA_ERROR_PORT_MISMATCH, android.hardware.usb.UsbPort.ENABLE_USB_DATA_ERROR_OTHER}" />
    </annotation>
  </item>
  <item name="android.hardware.usb.UsbPort int enableUsbDataWhileDocked()">
    <annotation name="androidx.annotation.CheckResult"/>
    <annotation name="androidx.annotation.RequiresPermission">
      <val name="value" val="&quot;android.permission.MANAGE_USB&quot;" />
    </annotation>
    <annotation name="androidx.annotation.IntDef">
      <val name="value" val="{android.hardware.usb.UsbPort.ENABLE_USB_DATA_WHILE_DOCKED_SUCCESS, android.hardware.usb.UsbPort.ENABLE_USB_DATA_WHILE_DOCKED_ERROR_INTERNAL, android.hardware.usb.UsbPort.ENABLE_USB_DATA_WHILE_DOCKED_ERROR_NOT_SUPPORTED, android.hardware.usb.UsbPort.ENABLE_USB_DATA_WHILE_DOCKED_ERROR_PORT_MISMATCH, android.hardware.usb.UsbPort.ENABLE_USB_DATA_WHILE_DOCKED_ERROR_DATA_ENABLED, android.hardware.usb.UsbPort.ENABLE_USB_DATA_WHILE_DOCKED_ERROR_OTHER}" />
    </annotation>
  </item>
  <item name="android.hardware.usb.UsbPort void resetUsbPort(java.util.concurrent.Executor, java.util.function.Consumer&lt;java.lang.Integer&gt;)">
    <annotation name="androidx.annotation.CheckResult"/>
    <annotation name="androidx.annotation.RequiresPermission">
      <val name="value" val="&quot;android.permission.MANAGE_USB&quot;" />
    </annotation>
  </item>
  <item name="android.hardware.usb.UsbPort void resetUsbPort(java.util.concurrent.Executor, java.util.function.Consumer&lt;java.lang.Integer&gt;) 1">
    <annotation name="androidx.annotation.IntDef">
      <val name="value" val="{android.hardware.usb.UsbPort.RESET_USB_PORT_SUCCESS, android.hardware.usb.UsbPort.RESET_USB_PORT_ERROR_INTERNAL, android.hardware.usb.UsbPort.RESET_USB_PORT_ERROR_NOT_SUPPORTED, android.hardware.usb.UsbPort.RESET_USB_PORT_ERROR_PORT_MISMATCH, android.hardware.usb.UsbPort.RESET_USB_PORT_ERROR_OTHER}" />
    </annotation>
  </item>
  <item name="android.hardware.usb.UsbPort void setRoles(int, int)">
    <annotation name="androidx.annotation.RequiresPermission">
      <val name="value" val="&quot;android.permission.MANAGE_USB&quot;" />
    </annotation>
  </item>
  <item name="android.hardware.usb.UsbPort void setRoles(int, int) 0">
    <annotation name="androidx.annotation.IntDef">
      <val name="value" val="{android.hardware.usb.UsbPortStatus.POWER_ROLE_NONE, android.hardware.usb.UsbPortStatus.POWER_ROLE_SOURCE, android.hardware.usb.UsbPortStatus.POWER_ROLE_SINK}" />
    </annotation>
  </item>
  <item name="android.hardware.usb.UsbPort void setRoles(int, int) 1">
    <annotation name="androidx.annotation.IntDef">
      <val name="value" val="{android.hardware.usb.UsbPortStatus.DATA_ROLE_NONE, android.hardware.usb.UsbPortStatus.DATA_ROLE_HOST, android.hardware.usb.UsbPortStatus.DATA_ROLE_DEVICE}" />
    </annotation>
  </item>
  <item name="android.hardware.usb.UsbPortStatus boolean isRoleCombinationSupported(int, int) 0">
    <annotation name="androidx.annotation.IntDef">
      <val name="value" val="{android.hardware.usb.UsbPortStatus.POWER_ROLE_NONE, android.hardware.usb.UsbPortStatus.POWER_ROLE_SOURCE, android.hardware.usb.UsbPortStatus.POWER_ROLE_SINK}" />
    </annotation>
  </item>
  <item name="android.hardware.usb.UsbPortStatus boolean isRoleCombinationSupported(int, int) 1">
    <annotation name="androidx.annotation.IntDef">
      <val name="value" val="{android.hardware.usb.UsbPortStatus.DATA_ROLE_NONE, android.hardware.usb.UsbPortStatus.DATA_ROLE_HOST, android.hardware.usb.UsbPortStatus.DATA_ROLE_DEVICE}" />
    </annotation>
  </item>
  <item name="android.hardware.usb.UsbPortStatus int getCurrentDataRole()">
    <annotation name="androidx.annotation.IntDef">
      <val name="value" val="{android.hardware.usb.UsbPortStatus.DATA_ROLE_NONE, android.hardware.usb.UsbPortStatus.DATA_ROLE_HOST, android.hardware.usb.UsbPortStatus.DATA_ROLE_DEVICE}" />
    </annotation>
  </item>
  <item name="android.hardware.usb.UsbPortStatus int getCurrentMode()">
    <annotation name="androidx.annotation.IntDef">
      <val name="value" val="{android.hardware.usb.UsbPortStatus.MODE_NONE, android.hardware.usb.UsbPortStatus.MODE_DFP, android.hardware.usb.UsbPortStatus.MODE_UFP, android.hardware.usb.UsbPortStatus.MODE_AUDIO_ACCESSORY, android.hardware.usb.UsbPortStatus.MODE_DEBUG_ACCESSORY}" />
    </annotation>
  </item>
  <item name="android.hardware.usb.UsbPortStatus int getCurrentPowerRole()">
    <annotation name="androidx.annotation.IntDef">
      <val name="value" val="{android.hardware.usb.UsbPortStatus.POWER_ROLE_NONE, android.hardware.usb.UsbPortStatus.POWER_ROLE_SOURCE, android.hardware.usb.UsbPortStatus.POWER_ROLE_SINK}" />
    </annotation>
  </item>
  <item name="android.hardware.usb.UsbPortStatus int getPlugState()">
    <annotation name="androidx.annotation.IntDef">
      <val name="value" val="{android.hardware.usb.UsbPortStatus.PLUG_STATE_UNKNOWN, android.hardware.usb.UsbPortStatus.PLUG_STATE_UNPLUGGED, android.hardware.usb.UsbPortStatus.PLUG_STATE_PLUGGED_ORIENTATION_UNKNOWN, android.hardware.usb.UsbPortStatus.PLUG_STATE_PLUGGED_ORIENTATION_NORMAL, android.hardware.usb.UsbPortStatus.PLUG_STATE_PLUGGED_ORIENTATION_FLIPPED}" />
    </annotation>
  </item>
  <item name="android.hardware.usb.UsbPortStatus int getPowerBrickConnectionStatus()">
    <annotation name="androidx.annotation.IntDef">
      <val name="value" val="{android.hardware.usb.UsbPortStatus.POWER_BRICK_STATUS_UNKNOWN, android.hardware.usb.UsbPortStatus.POWER_BRICK_STATUS_DISCONNECTED, android.hardware.usb.UsbPortStatus.POWER_BRICK_STATUS_CONNECTED}" />
    </annotation>
  </item>
  <item name="android.hardware.usb.UsbPortStatus int getUsbDataStatus()">
    <annotation name="androidx.annotation.IntDef">
      <val name="value" val="{android.hardware.usb.UsbPortStatus.DATA_STATUS_UNKNOWN, android.hardware.usb.UsbPortStatus.DATA_STATUS_ENABLED, android.hardware.usb.UsbPortStatus.DATA_STATUS_DISABLED_OVERHEAT, android.hardware.usb.UsbPortStatus.DATA_STATUS_DISABLED_CONTAMINANT, android.hardware.usb.UsbPortStatus.DATA_STATUS_DISABLED_DOCK, android.hardware.usb.UsbPortStatus.DATA_STATUS_DISABLED_DOCK_HOST_MODE, android.hardware.usb.UsbPortStatus.DATA_STATUS_DISABLED_DOCK_DEVICE_MODE, android.hardware.usb.UsbPortStatus.DATA_STATUS_DISABLED_FORCE, android.hardware.usb.UsbPortStatus.DATA_STATUS_DISABLED_DEBUG}" />
      <val name="flag" val="true" />
    </annotation>
  </item>
  <item name="android.hardware.usb.UsbPortStatus int[] getComplianceWarnings()">
    <annotation name="androidx.annotation.CheckResult"/>
    <annotation name="androidx.annotation.IntDef">
      <val name="value" val="{android.hardware.usb.UsbPortStatus.COMPLIANCE_WARNING_OTHER, android.hardware.usb.UsbPortStatus.COMPLIANCE_WARNING_DEBUG_ACCESSORY, android.hardware.usb.UsbPortStatus.COMPLIANCE_WARNING_BC_1_2, android.hardware.usb.UsbPortStatus.COMPLIANCE_WARNING_MISSING_RP}" />
    </annotation>
  </item>
</root>

