<?xml version="1.0" encoding="UTF-8"?>
<root>
  <item name="android.net.vcn.VcnCellUnderlyingNetworkTemplate int getCbs()">
    <annotation name="androidx.annotation.IntDef">
      <val name="value" val="{android.net.vcn.VcnUnderlyingNetworkTemplate.MATCH_ANY, android.net.vcn.VcnUnderlyingNetworkTemplate.MATCH_REQUIRED, android.net.vcn.VcnUnderlyingNetworkTemplate.MATCH_FORBIDDEN}" />
    </annotation>
  </item>
  <item name="android.net.vcn.VcnCellUnderlyingNetworkTemplate int getDun()">
    <annotation name="androidx.annotation.IntDef">
      <val name="value" val="{android.net.vcn.VcnUnderlyingNetworkTemplate.MATCH_ANY, android.net.vcn.VcnUnderlyingNetworkTemplate.MATCH_REQUIRED, android.net.vcn.VcnUnderlyingNetworkTemplate.MATCH_FORBIDDEN}" />
    </annotation>
  </item>
  <item name="android.net.vcn.VcnCellUnderlyingNetworkTemplate int getIms()">
    <annotation name="androidx.annotation.IntDef">
      <val name="value" val="{android.net.vcn.VcnUnderlyingNetworkTemplate.MATCH_ANY, android.net.vcn.VcnUnderlyingNetworkTemplate.MATCH_REQUIRED, android.net.vcn.VcnUnderlyingNetworkTemplate.MATCH_FORBIDDEN}" />
    </annotation>
  </item>
  <item name="android.net.vcn.VcnCellUnderlyingNetworkTemplate int getInternet()">
    <annotation name="androidx.annotation.IntDef">
      <val name="value" val="{android.net.vcn.VcnUnderlyingNetworkTemplate.MATCH_ANY, android.net.vcn.VcnUnderlyingNetworkTemplate.MATCH_REQUIRED, android.net.vcn.VcnUnderlyingNetworkTemplate.MATCH_FORBIDDEN}" />
    </annotation>
  </item>
  <item name="android.net.vcn.VcnCellUnderlyingNetworkTemplate int getMms()">
    <annotation name="androidx.annotation.IntDef">
      <val name="value" val="{android.net.vcn.VcnUnderlyingNetworkTemplate.MATCH_ANY, android.net.vcn.VcnUnderlyingNetworkTemplate.MATCH_REQUIRED, android.net.vcn.VcnUnderlyingNetworkTemplate.MATCH_FORBIDDEN}" />
    </annotation>
  </item>
  <item name="android.net.vcn.VcnCellUnderlyingNetworkTemplate int getOpportunistic()">
    <annotation name="androidx.annotation.IntDef">
      <val name="value" val="{android.net.vcn.VcnUnderlyingNetworkTemplate.MATCH_ANY, android.net.vcn.VcnUnderlyingNetworkTemplate.MATCH_REQUIRED, android.net.vcn.VcnUnderlyingNetworkTemplate.MATCH_FORBIDDEN}" />
    </annotation>
  </item>
  <item name="android.net.vcn.VcnCellUnderlyingNetworkTemplate int getRcs()">
    <annotation name="androidx.annotation.IntDef">
      <val name="value" val="{android.net.vcn.VcnUnderlyingNetworkTemplate.MATCH_ANY, android.net.vcn.VcnUnderlyingNetworkTemplate.MATCH_REQUIRED, android.net.vcn.VcnUnderlyingNetworkTemplate.MATCH_FORBIDDEN}" />
    </annotation>
  </item>
  <item name="android.net.vcn.VcnCellUnderlyingNetworkTemplate int getRoaming()">
    <annotation name="androidx.annotation.IntDef">
      <val name="value" val="{android.net.vcn.VcnUnderlyingNetworkTemplate.MATCH_ANY, android.net.vcn.VcnUnderlyingNetworkTemplate.MATCH_REQUIRED, android.net.vcn.VcnUnderlyingNetworkTemplate.MATCH_FORBIDDEN}" />
    </annotation>
  </item>
  <item name="android.net.vcn.VcnCellUnderlyingNetworkTemplate.Builder android.net.vcn.VcnCellUnderlyingNetworkTemplate.Builder setCbs(int) 0">
    <annotation name="androidx.annotation.IntDef">
      <val name="value" val="{android.net.vcn.VcnUnderlyingNetworkTemplate.MATCH_ANY, android.net.vcn.VcnUnderlyingNetworkTemplate.MATCH_REQUIRED, android.net.vcn.VcnUnderlyingNetworkTemplate.MATCH_FORBIDDEN}" />
    </annotation>
  </item>
  <item name="android.net.vcn.VcnCellUnderlyingNetworkTemplate.Builder android.net.vcn.VcnCellUnderlyingNetworkTemplate.Builder setDun(int) 0">
    <annotation name="androidx.annotation.IntDef">
      <val name="value" val="{android.net.vcn.VcnUnderlyingNetworkTemplate.MATCH_ANY, android.net.vcn.VcnUnderlyingNetworkTemplate.MATCH_REQUIRED, android.net.vcn.VcnUnderlyingNetworkTemplate.MATCH_FORBIDDEN}" />
    </annotation>
  </item>
  <item name="android.net.vcn.VcnCellUnderlyingNetworkTemplate.Builder android.net.vcn.VcnCellUnderlyingNetworkTemplate.Builder setIms(int) 0">
    <annotation name="androidx.annotation.IntDef">
      <val name="value" val="{android.net.vcn.VcnUnderlyingNetworkTemplate.MATCH_ANY, android.net.vcn.VcnUnderlyingNetworkTemplate.MATCH_REQUIRED, android.net.vcn.VcnUnderlyingNetworkTemplate.MATCH_FORBIDDEN}" />
    </annotation>
  </item>
  <item name="android.net.vcn.VcnCellUnderlyingNetworkTemplate.Builder android.net.vcn.VcnCellUnderlyingNetworkTemplate.Builder setInternet(int) 0">
    <annotation name="androidx.annotation.IntDef">
      <val name="value" val="{android.net.vcn.VcnUnderlyingNetworkTemplate.MATCH_ANY, android.net.vcn.VcnUnderlyingNetworkTemplate.MATCH_REQUIRED, android.net.vcn.VcnUnderlyingNetworkTemplate.MATCH_FORBIDDEN}" />
    </annotation>
  </item>
  <item name="android.net.vcn.VcnCellUnderlyingNetworkTemplate.Builder android.net.vcn.VcnCellUnderlyingNetworkTemplate.Builder setMetered(int) 0">
    <annotation name="androidx.annotation.IntDef">
      <val name="value" val="{android.net.vcn.VcnUnderlyingNetworkTemplate.MATCH_ANY, android.net.vcn.VcnUnderlyingNetworkTemplate.MATCH_REQUIRED, android.net.vcn.VcnUnderlyingNetworkTemplate.MATCH_FORBIDDEN}" />
    </annotation>
  </item>
  <item name="android.net.vcn.VcnCellUnderlyingNetworkTemplate.Builder android.net.vcn.VcnCellUnderlyingNetworkTemplate.Builder setMms(int) 0">
    <annotation name="androidx.annotation.IntDef">
      <val name="value" val="{android.net.vcn.VcnUnderlyingNetworkTemplate.MATCH_ANY, android.net.vcn.VcnUnderlyingNetworkTemplate.MATCH_REQUIRED, android.net.vcn.VcnUnderlyingNetworkTemplate.MATCH_FORBIDDEN}" />
    </annotation>
  </item>
  <item name="android.net.vcn.VcnCellUnderlyingNetworkTemplate.Builder android.net.vcn.VcnCellUnderlyingNetworkTemplate.Builder setOpportunistic(int) 0">
    <annotation name="androidx.annotation.IntDef">
      <val name="value" val="{android.net.vcn.VcnUnderlyingNetworkTemplate.MATCH_ANY, android.net.vcn.VcnUnderlyingNetworkTemplate.MATCH_REQUIRED, android.net.vcn.VcnUnderlyingNetworkTemplate.MATCH_FORBIDDEN}" />
    </annotation>
  </item>
  <item name="android.net.vcn.VcnCellUnderlyingNetworkTemplate.Builder android.net.vcn.VcnCellUnderlyingNetworkTemplate.Builder setRcs(int) 0">
    <annotation name="androidx.annotation.IntDef">
      <val name="value" val="{android.net.vcn.VcnUnderlyingNetworkTemplate.MATCH_ANY, android.net.vcn.VcnUnderlyingNetworkTemplate.MATCH_REQUIRED, android.net.vcn.VcnUnderlyingNetworkTemplate.MATCH_FORBIDDEN}" />
    </annotation>
  </item>
  <item name="android.net.vcn.VcnCellUnderlyingNetworkTemplate.Builder android.net.vcn.VcnCellUnderlyingNetworkTemplate.Builder setRoaming(int) 0">
    <annotation name="androidx.annotation.IntDef">
      <val name="value" val="{android.net.vcn.VcnUnderlyingNetworkTemplate.MATCH_ANY, android.net.vcn.VcnUnderlyingNetworkTemplate.MATCH_REQUIRED, android.net.vcn.VcnUnderlyingNetworkTemplate.MATCH_FORBIDDEN}" />
    </annotation>
  </item>
  <item name="android.net.vcn.VcnGatewayConnectionConfig boolean hasGatewayOption(int) 0">
    <annotation name="androidx.annotation.IntDef">
      <val name="value" val="{android.net.vcn.VcnGatewayConnectionConfig.VCN_GATEWAY_OPTION_ENABLE_DATA_STALL_RECOVERY_WITH_MOBILITY}" />
    </annotation>
  </item>
  <item name="android.net.vcn.VcnGatewayConnectionConfig int getMaxMtu()">
    <annotation name="androidx.annotation.IntRange">
      <val name="from" val="1280" />
    </annotation>
  </item>
  <item name="android.net.vcn.VcnGatewayConnectionConfig.Builder android.net.vcn.VcnGatewayConnectionConfig.Builder addExposedCapability(int) 0">
    <annotation name="androidx.annotation.IntDef">
      <val name="value" val="{android.net.NetworkCapabilities.NET_CAPABILITY_MMS, android.net.NetworkCapabilities.NET_CAPABILITY_SUPL, android.net.NetworkCapabilities.NET_CAPABILITY_DUN, android.net.NetworkCapabilities.NET_CAPABILITY_FOTA, android.net.NetworkCapabilities.NET_CAPABILITY_IMS, android.net.NetworkCapabilities.NET_CAPABILITY_CBS, android.net.NetworkCapabilities.NET_CAPABILITY_IA, android.net.NetworkCapabilities.NET_CAPABILITY_RCS, android.net.NetworkCapabilities.NET_CAPABILITY_XCAP, android.net.NetworkCapabilities.NET_CAPABILITY_EIMS, android.net.NetworkCapabilities.NET_CAPABILITY_INTERNET, android.net.NetworkCapabilities.NET_CAPABILITY_MCX}" />
    </annotation>
  </item>
  <item name="android.net.vcn.VcnGatewayConnectionConfig.Builder android.net.vcn.VcnGatewayConnectionConfig.Builder addGatewayOption(int) 0">
    <annotation name="androidx.annotation.IntDef">
      <val name="value" val="{android.net.vcn.VcnGatewayConnectionConfig.VCN_GATEWAY_OPTION_ENABLE_DATA_STALL_RECOVERY_WITH_MOBILITY}" />
    </annotation>
  </item>
  <item name="android.net.vcn.VcnGatewayConnectionConfig.Builder android.net.vcn.VcnGatewayConnectionConfig.Builder removeExposedCapability(int) 0">
    <annotation name="androidx.annotation.IntDef">
      <val name="value" val="{android.net.NetworkCapabilities.NET_CAPABILITY_MMS, android.net.NetworkCapabilities.NET_CAPABILITY_SUPL, android.net.NetworkCapabilities.NET_CAPABILITY_DUN, android.net.NetworkCapabilities.NET_CAPABILITY_FOTA, android.net.NetworkCapabilities.NET_CAPABILITY_IMS, android.net.NetworkCapabilities.NET_CAPABILITY_CBS, android.net.NetworkCapabilities.NET_CAPABILITY_IA, android.net.NetworkCapabilities.NET_CAPABILITY_RCS, android.net.NetworkCapabilities.NET_CAPABILITY_XCAP, android.net.NetworkCapabilities.NET_CAPABILITY_EIMS, android.net.NetworkCapabilities.NET_CAPABILITY_INTERNET, android.net.NetworkCapabilities.NET_CAPABILITY_MCX}" />
    </annotation>
  </item>
  <item name="android.net.vcn.VcnGatewayConnectionConfig.Builder android.net.vcn.VcnGatewayConnectionConfig.Builder removeGatewayOption(int) 0">
    <annotation name="androidx.annotation.IntDef">
      <val name="value" val="{android.net.vcn.VcnGatewayConnectionConfig.VCN_GATEWAY_OPTION_ENABLE_DATA_STALL_RECOVERY_WITH_MOBILITY}" />
    </annotation>
  </item>
  <item name="android.net.vcn.VcnGatewayConnectionConfig.Builder android.net.vcn.VcnGatewayConnectionConfig.Builder setMaxMtu(int) 0">
    <annotation name="androidx.annotation.IntRange">
      <val name="from" val="1280" />
    </annotation>
  </item>
  <item name="android.net.vcn.VcnManager void clearVcnConfig(android.os.ParcelUuid)">
    <annotation name="androidx.annotation.RequiresPermission">
      <val name="value" val="&quot;carrier privileges&quot;" />
    </annotation>
  </item>
  <item name="android.net.vcn.VcnManager void setVcnConfig(android.os.ParcelUuid, android.net.vcn.VcnConfig)">
    <annotation name="androidx.annotation.RequiresPermission">
      <val name="value" val="&quot;carrier privileges&quot;" />
    </annotation>
  </item>
  <item name="android.net.vcn.VcnManager.VcnStatusCallback void onGatewayConnectionError(java.lang.String, int, java.lang.Throwable) 1">
    <annotation name="androidx.annotation.IntDef">
      <val name="value" val="{android.net.vcn.VcnManager.VCN_ERROR_CODE_INTERNAL_ERROR, android.net.vcn.VcnManager.VCN_ERROR_CODE_CONFIG_ERROR, android.net.vcn.VcnManager.VCN_ERROR_CODE_NETWORK_ERROR}" />
    </annotation>
  </item>
  <item name="android.net.vcn.VcnManager.VcnStatusCallback void onStatusChanged(int) 0">
    <annotation name="androidx.annotation.IntDef">
      <val name="value" val="{android.net.vcn.VcnManager.VCN_STATUS_CODE_NOT_CONFIGURED, android.net.vcn.VcnManager.VCN_STATUS_CODE_INACTIVE, android.net.vcn.VcnManager.VCN_STATUS_CODE_ACTIVE, android.net.vcn.VcnManager.VCN_STATUS_CODE_SAFE_MODE}" />
    </annotation>
  </item>
  <item name="android.net.vcn.VcnWifiUnderlyingNetworkTemplate.Builder android.net.vcn.VcnWifiUnderlyingNetworkTemplate.Builder setMetered(int) 0">
    <annotation name="androidx.annotation.IntDef">
      <val name="value" val="{android.net.vcn.VcnUnderlyingNetworkTemplate.MATCH_ANY, android.net.vcn.VcnUnderlyingNetworkTemplate.MATCH_REQUIRED, android.net.vcn.VcnUnderlyingNetworkTemplate.MATCH_FORBIDDEN}" />
    </annotation>
  </item>
</root>

