<?xml version="1.0" encoding="UTF-8"?>
<root>
  <item name="android.net.vcn.VcnGatewayConnectionConfig int getMaxMtu()">
    <annotation name="androidx.annotation.IntRange">
      <val name="from" val="1280" />
    </annotation>
  </item>
  <item name="android.net.vcn.VcnGatewayConnectionConfig.Builder android.net.vcn.VcnGatewayConnectionConfig.Builder addExposedCapability(int) 0">
    <annotation name="androidx.annotation.IntDef">
      <val name="value" val="{android.net.NetworkCapabilities.NET_CAPABILITY_MMS, android.net.NetworkCapabilities.NET_CAPABILITY_SUPL, android.net.NetworkCapabilities.NET_CAPABILITY_DUN, android.net.NetworkCapabilities.NET_CAPABILITY_FOTA, android.net.NetworkCapabilities.NET_CAPABILITY_IMS, android.net.NetworkCapabilities.NET_CAPABILITY_CBS, android.net.NetworkCapabilities.NET_CAPABILITY_IA, android.net.NetworkCapabilities.NET_CAPABILITY_RCS, android.net.NetworkCapabilities.NET_CAPABILITY_XCAP, android.net.NetworkCapabilities.NET_CAPABILITY_EIMS, android.net.NetworkCapabilities.NET_CAPABILITY_INTERNET, android.net.NetworkCapabilities.NET_CAPABILITY_MCX}" />
    </annotation>
  </item>
  <item name="android.net.vcn.VcnGatewayConnectionConfig.Builder android.net.vcn.VcnGatewayConnectionConfig.Builder addRequiredUnderlyingCapability(int) 0">
    <annotation name="androidx.annotation.IntDef">
      <val name="value" val="{android.net.NetworkCapabilities.NET_CAPABILITY_MMS, android.net.NetworkCapabilities.NET_CAPABILITY_SUPL, android.net.NetworkCapabilities.NET_CAPABILITY_DUN, android.net.NetworkCapabilities.NET_CAPABILITY_FOTA, android.net.NetworkCapabilities.NET_CAPABILITY_IMS, android.net.NetworkCapabilities.NET_CAPABILITY_CBS, android.net.NetworkCapabilities.NET_CAPABILITY_IA, android.net.NetworkCapabilities.NET_CAPABILITY_RCS, android.net.NetworkCapabilities.NET_CAPABILITY_XCAP, android.net.NetworkCapabilities.NET_CAPABILITY_EIMS, android.net.NetworkCapabilities.NET_CAPABILITY_INTERNET, android.net.NetworkCapabilities.NET_CAPABILITY_MCX}" />
    </annotation>
  </item>
  <item name="android.net.vcn.VcnGatewayConnectionConfig.Builder android.net.vcn.VcnGatewayConnectionConfig.Builder removeExposedCapability(int) 0">
    <annotation name="androidx.annotation.IntDef">
      <val name="value" val="{android.net.NetworkCapabilities.NET_CAPABILITY_MMS, android.net.NetworkCapabilities.NET_CAPABILITY_SUPL, android.net.NetworkCapabilities.NET_CAPABILITY_DUN, android.net.NetworkCapabilities.NET_CAPABILITY_FOTA, android.net.NetworkCapabilities.NET_CAPABILITY_IMS, android.net.NetworkCapabilities.NET_CAPABILITY_CBS, android.net.NetworkCapabilities.NET_CAPABILITY_IA, android.net.NetworkCapabilities.NET_CAPABILITY_RCS, android.net.NetworkCapabilities.NET_CAPABILITY_XCAP, android.net.NetworkCapabilities.NET_CAPABILITY_EIMS, android.net.NetworkCapabilities.NET_CAPABILITY_INTERNET, android.net.NetworkCapabilities.NET_CAPABILITY_MCX}" />
    </annotation>
  </item>
  <item name="android.net.vcn.VcnGatewayConnectionConfig.Builder android.net.vcn.VcnGatewayConnectionConfig.Builder removeRequiredUnderlyingCapability(int) 0">
    <annotation name="androidx.annotation.IntDef">
      <val name="value" val="{android.net.NetworkCapabilities.NET_CAPABILITY_MMS, android.net.NetworkCapabilities.NET_CAPABILITY_SUPL, android.net.NetworkCapabilities.NET_CAPABILITY_DUN, android.net.NetworkCapabilities.NET_CAPABILITY_FOTA, android.net.NetworkCapabilities.NET_CAPABILITY_IMS, android.net.NetworkCapabilities.NET_CAPABILITY_CBS, android.net.NetworkCapabilities.NET_CAPABILITY_IA, android.net.NetworkCapabilities.NET_CAPABILITY_RCS, android.net.NetworkCapabilities.NET_CAPABILITY_XCAP, android.net.NetworkCapabilities.NET_CAPABILITY_EIMS, android.net.NetworkCapabilities.NET_CAPABILITY_INTERNET, android.net.NetworkCapabilities.NET_CAPABILITY_MCX}" />
    </annotation>
  </item>
  <item name="android.net.vcn.VcnGatewayConnectionConfig.Builder android.net.vcn.VcnGatewayConnectionConfig.Builder setMaxMtu(int) 0">
    <annotation name="androidx.annotation.IntRange">
      <val name="from" val="1280" />
    </annotation>
  </item>
  <item name="android.net.vcn.VcnManager void clearVcnConfig(android.os.ParcelUuid)">
    <annotation name="androidx.annotation.RequiresPermission">
      <val name="value" val="&quot;carrier privileges&quot;" />
    </annotation>
  </item>
  <item name="android.net.vcn.VcnManager void setVcnConfig(android.os.ParcelUuid, android.net.vcn.VcnConfig)">
    <annotation name="androidx.annotation.RequiresPermission">
      <val name="value" val="&quot;carrier privileges&quot;" />
    </annotation>
  </item>
</root>

