<?xml version="1.0" encoding="UTF-8"?>
<root>
  <item name="android.security.keystore.recovery.KeyChainProtectionParams int getLockScreenUiFormat()">
    <annotation name="androidx.annotation.IntDef">
      <val name="value" val="{android.security.keystore.recovery.KeyChainProtectionParams.UI_FORMAT_PIN, android.security.keystore.recovery.KeyChainProtectionParams.UI_FORMAT_PASSWORD, android.security.keystore.recovery.KeyChainProtectionParams.UI_FORMAT_PATTERN}" />
    </annotation>
  </item>
  <item name="android.security.keystore.recovery.KeyChainProtectionParams int getUserSecretType()">
    <annotation name="androidx.annotation.IntDef">
      <val name="value" val="{android.security.keystore.recovery.KeyChainProtectionParams.TYPE_LOCKSCREEN}" />
    </annotation>
  </item>
  <item name="android.security.keystore.recovery.KeyChainProtectionParams.Builder android.security.keystore.recovery.KeyChainProtectionParams.Builder setLockScreenUiFormat(int) 0">
    <annotation name="androidx.annotation.IntDef">
      <val name="value" val="{android.security.keystore.recovery.KeyChainProtectionParams.UI_FORMAT_PIN, android.security.keystore.recovery.KeyChainProtectionParams.UI_FORMAT_PASSWORD, android.security.keystore.recovery.KeyChainProtectionParams.UI_FORMAT_PATTERN}" />
    </annotation>
  </item>
  <item name="android.security.keystore.recovery.KeyChainProtectionParams.Builder android.security.keystore.recovery.KeyChainProtectionParams.Builder setUserSecretType(int) 0">
    <annotation name="androidx.annotation.IntDef">
      <val name="value" val="{android.security.keystore.recovery.KeyChainProtectionParams.TYPE_LOCKSCREEN}" />
    </annotation>
  </item>
  <item name="android.security.keystore.recovery.KeyDerivationParams int getAlgorithm()">
    <annotation name="androidx.annotation.IntDef">
      <val name="value" val="{android.security.keystore.recovery.KeyDerivationParams.ALGORITHM_SHA256, android.security.keystore.recovery.KeyDerivationParams.ALGORITHM_SCRYPT}" />
    </annotation>
  </item>
  <item name="android.security.keystore.recovery.RecoveryController android.security.keystore.recovery.KeyChainSnapshot getKeyChainSnapshot()">
    <annotation name="androidx.annotation.RequiresPermission">
      <val name="value" val="&quot;android.permission.RECOVER_KEYSTORE&quot;" />
    </annotation>
  </item>
  <item name="android.security.keystore.recovery.RecoveryController android.security.keystore.recovery.RecoveryController getInstance(android.content.Context)">
    <annotation name="androidx.annotation.RequiresPermission">
      <val name="value" val="&quot;android.permission.RECOVER_KEYSTORE&quot;" />
    </annotation>
  </item>
  <item name="android.security.keystore.recovery.RecoveryController android.security.keystore.recovery.RecoverySession createRecoverySession()">
    <annotation name="androidx.annotation.RequiresPermission">
      <val name="value" val="&quot;android.permission.RECOVER_KEYSTORE&quot;" />
    </annotation>
  </item>
  <item name="android.security.keystore.recovery.RecoveryController boolean isRecoverableKeyStoreEnabled(android.content.Context)">
    <annotation name="androidx.annotation.RequiresPermission">
      <val name="value" val="&quot;android.permission.RECOVER_KEYSTORE&quot;" />
    </annotation>
  </item>
  <item name="android.security.keystore.recovery.RecoveryController int getRecoveryStatus(java.lang.String)">
    <annotation name="androidx.annotation.RequiresPermission">
      <val name="value" val="&quot;android.permission.RECOVER_KEYSTORE&quot;" />
    </annotation>
  </item>
  <item name="android.security.keystore.recovery.RecoveryController int[] getRecoverySecretTypes()">
    <annotation name="androidx.annotation.RequiresPermission">
      <val name="value" val="&quot;android.permission.RECOVER_KEYSTORE&quot;" />
    </annotation>
    <annotation name="androidx.annotation.IntDef">
      <val name="value" val="{android.security.keystore.recovery.KeyChainProtectionParams.TYPE_LOCKSCREEN}" />
    </annotation>
  </item>
  <item name="android.security.keystore.recovery.RecoveryController java.security.Key generateKey(java.lang.String)">
    <annotation name="androidx.annotation.RequiresPermission">
      <val name="value" val="&quot;android.permission.RECOVER_KEYSTORE&quot;" />
    </annotation>
  </item>
  <item name="android.security.keystore.recovery.RecoveryController java.security.Key generateKey(java.lang.String, byte[])">
    <annotation name="androidx.annotation.RequiresPermission">
      <val name="value" val="&quot;android.permission.RECOVER_KEYSTORE&quot;" />
    </annotation>
  </item>
  <item name="android.security.keystore.recovery.RecoveryController java.security.Key getKey(java.lang.String)">
    <annotation name="androidx.annotation.RequiresPermission">
      <val name="value" val="&quot;android.permission.RECOVER_KEYSTORE&quot;" />
    </annotation>
  </item>
  <item name="android.security.keystore.recovery.RecoveryController java.security.Key importKey(java.lang.String, byte[])">
    <annotation name="androidx.annotation.RequiresPermission">
      <val name="value" val="&quot;android.permission.RECOVER_KEYSTORE&quot;" />
    </annotation>
  </item>
  <item name="android.security.keystore.recovery.RecoveryController java.security.Key importKey(java.lang.String, byte[], byte[])">
    <annotation name="androidx.annotation.RequiresPermission">
      <val name="value" val="&quot;android.permission.RECOVER_KEYSTORE&quot;" />
    </annotation>
  </item>
  <item name="android.security.keystore.recovery.RecoveryController java.util.List&lt;java.lang.String&gt; getAliases()">
    <annotation name="androidx.annotation.RequiresPermission">
      <val name="value" val="&quot;android.permission.RECOVER_KEYSTORE&quot;" />
    </annotation>
  </item>
  <item name="android.security.keystore.recovery.RecoveryController java.util.Map&lt;java.lang.String,java.security.cert.X509Certificate&gt; getRootCertificates()">
    <annotation name="androidx.annotation.RequiresPermission">
      <val name="value" val="&quot;android.permission.RECOVER_KEYSTORE&quot;" />
    </annotation>
  </item>
  <item name="android.security.keystore.recovery.RecoveryController void initRecoveryService(java.lang.String, byte[], byte[])">
    <annotation name="androidx.annotation.RequiresPermission">
      <val name="value" val="&quot;android.permission.RECOVER_KEYSTORE&quot;" />
    </annotation>
  </item>
  <item name="android.security.keystore.recovery.RecoveryController void removeKey(java.lang.String)">
    <annotation name="androidx.annotation.RequiresPermission">
      <val name="value" val="&quot;android.permission.RECOVER_KEYSTORE&quot;" />
    </annotation>
  </item>
  <item name="android.security.keystore.recovery.RecoveryController void setRecoverySecretTypes(int[])">
    <annotation name="androidx.annotation.RequiresPermission">
      <val name="value" val="&quot;android.permission.RECOVER_KEYSTORE&quot;" />
    </annotation>
  </item>
  <item name="android.security.keystore.recovery.RecoveryController void setRecoverySecretTypes(int[]) 0">
    <annotation name="androidx.annotation.IntDef">
      <val name="value" val="{android.security.keystore.recovery.KeyChainProtectionParams.TYPE_LOCKSCREEN}" />
    </annotation>
  </item>
  <item name="android.security.keystore.recovery.RecoveryController void setRecoveryStatus(java.lang.String, int)">
    <annotation name="androidx.annotation.RequiresPermission">
      <val name="value" val="&quot;android.permission.RECOVER_KEYSTORE&quot;" />
    </annotation>
  </item>
  <item name="android.security.keystore.recovery.RecoveryController void setServerParams(byte[])">
    <annotation name="androidx.annotation.RequiresPermission">
      <val name="value" val="&quot;android.permission.RECOVER_KEYSTORE&quot;" />
    </annotation>
  </item>
  <item name="android.security.keystore.recovery.RecoveryController void setSnapshotCreatedPendingIntent(android.app.PendingIntent)">
    <annotation name="androidx.annotation.RequiresPermission">
      <val name="value" val="&quot;android.permission.RECOVER_KEYSTORE&quot;" />
    </annotation>
  </item>
  <item name="android.security.keystore.recovery.RecoverySession byte[] start(java.lang.String, java.security.cert.CertPath, byte[], byte[], java.util.List&lt;android.security.keystore.recovery.KeyChainProtectionParams&gt;)">
    <annotation name="androidx.annotation.RequiresPermission">
      <val name="value" val="&quot;android.permission.RECOVER_KEYSTORE&quot;" />
    </annotation>
  </item>
  <item name="android.security.keystore.recovery.RecoverySession java.util.Map&lt;java.lang.String,java.security.Key&gt; recoverKeyChainSnapshot(byte[], java.util.List&lt;android.security.keystore.recovery.WrappedApplicationKey&gt;)">
    <annotation name="androidx.annotation.RequiresPermission">
      <val name="value" val="&quot;android.permission.RECOVER_KEYSTORE&quot;" />
    </annotation>
  </item>
  <item name="android.security.keystore.recovery.RecoverySession void close()">
    <annotation name="androidx.annotation.RequiresPermission">
      <val name="value" val="&quot;android.permission.RECOVER_KEYSTORE&quot;" />
    </annotation>
  </item>
</root>

