<?xml version="1.0" encoding="utf-8"?>
<!-- Copyright (C) 2024 The Android Open Source Project

 Licensed under the Apache License, Version 2.0 (the "License");
 you may not use this file except in compliance with the License.
 You may obtain a copy of the License at

      http://www.apache.org/licenses/LICENSE-2.0

 Unless required by applicable law or agreed to in writing, software
 distributed under the License is distributed on an "AS IS" BASIS,
 WITHOUT WARRANTIES OR CONDITIONS OF ANY KIND, either express or implied.
 See the License for the specific language governing permissions and
 limitations under the License.
-->
<resources>
    <attr name="colorOemSeed" format="color" />

    <!-- Primary color palette -->
    <attr name="colorPrimary" format="color" />
    <attr name="colorOnPrimary" format="color" />
    <attr name="colorPrimaryInverse" format="color" />
    <attr name="colorPrimaryContainer" format="color" />
    <attr name="colorOnPrimaryContainer" format="color" />

    <!-- Secondary color palette -->
    <attr name="colorSecondary" format="color" />
    <attr name="colorOnSecondary" format="color" />
    <attr name="colorSecondaryContainer" format="color" />
    <attr name="colorOnSecondaryContainer" format="color" />

    <!-- Tertiary color palette -->
    <attr name="colorTertiary" format="color" />
    <attr name="colorOnTertiary" format="color" />
    <attr name="colorTertiaryContainer" format="color" />
    <attr name="colorOnTertiaryContainer" format="color" />

    <!-- Error color palette -->
    <attr name="colorError" format="color" />
    <attr name="colorOnError" format="color" />
    <attr name="colorErrorContainer" format="color" />
    <attr name="colorOnErrorContainer" format="color" />

    <!-- Blue color palette -->
    <attr name="colorBlue" format="color" />
    <attr name="colorOnBlue" format="color" />
    <attr name="colorBlueContainer" format="color" />
    <attr name="colorOnBlueContainer" format="color" />

    <!-- Green color palette -->
    <attr name="colorGreen" format="color" />
    <attr name="colorOnGreen" format="color" />
    <attr name="colorGreenContainer" format="color" />
    <attr name="colorOnGreenContainer" format="color" />

    <!-- Yellow color palette -->
    <attr name="colorYellow" format="color" />
    <attr name="colorOnYellow" format="color" />
    <attr name="colorYellowContainer" format="color" />
    <attr name="colorOnYellowContainer" format="color" />

    <!-- Neutral color palette -->
    <attr name="colorBackground" format="color" />
    <attr name="colorOnBackground" format="color" />
    <attr name="colorSurface" format="color" />
    <attr name="colorOnSurface" format="color" />
    <attr name="colorSurfaceVariant" format="color" />
    <attr name="colorOnSurfaceVariant" format="color" />
    <attr name="colorSurfaceInverse" format="color" />
    <attr name="colorOnSurfaceInverse" format="color" />
    <attr name="colorSurfaceTint" format="color" />
    <attr name="colorOutline" format="color" />
    <attr name="colorOutlineVariant" format="color" />
    <attr name="colorScrim" format="color" />
    <attr name="colorSurfaceDim" format="color" />
    <attr name="colorSurfaceBright" format="color" />
    <attr name="colorSurfaceContainer" format="color" />
    <attr name="colorSurfaceContainerLow" format="color" />
    <attr name="colorSurfaceContainerLowest" format="color" />
    <attr name="colorSurfaceContainerHigh" format="color" />
    <attr name="colorSurfaceContainerHighest" format="color" />
    <attr name="colorShadow" format="color" />

    <!-- Primary tonal palette -->
    <attr name="colorPrimaryPalette100" format="color" />
    <attr name="colorPrimaryPalette99" format="color" />
    <attr name="colorPrimaryPalette95" format="color" />
    <attr name="colorPrimaryPalette90" format="color" />
    <attr name="colorPrimaryPalette80" format="color" />
    <attr name="colorPrimaryPalette70" format="color" />
    <attr name="colorPrimaryPalette60" format="color" />
    <attr name="colorPrimaryPalette50" format="color" />
    <attr name="colorPrimaryPalette40" format="color" />
    <attr name="colorPrimaryPalette30" format="color" />
    <attr name="colorPrimaryPalette20" format="color" />
    <attr name="colorPrimaryPalette10" format="color" />
    <attr name="colorPrimaryPalette0" format="color" />

    <!-- Secondary tonal palette -->
    <attr name="colorSecondaryPalette100" format="color" />
    <attr name="colorSecondaryPalette99" format="color" />
    <attr name="colorSecondaryPalette95" format="color" />
    <attr name="colorSecondaryPalette90" format="color" />
    <attr name="colorSecondaryPalette80" format="color" />
    <attr name="colorSecondaryPalette70" format="color" />
    <attr name="colorSecondaryPalette60" format="color" />
    <attr name="colorSecondaryPalette50" format="color" />
    <attr name="colorSecondaryPalette40" format="color" />
    <attr name="colorSecondaryPalette30" format="color" />
    <attr name="colorSecondaryPalette20" format="color" />
    <attr name="colorSecondaryPalette10" format="color" />
    <attr name="colorSecondaryPalette0" format="color" />

    <!-- Tertiary tonal palette -->
    <attr name="colorTertiaryPalette100" format="color" />
    <attr name="colorTertiaryPalette99" format="color" />
    <attr name="colorTertiaryPalette95" format="color" />
    <attr name="colorTertiaryPalette90" format="color" />
    <attr name="colorTertiaryPalette80" format="color" />
    <attr name="colorTertiaryPalette70" format="color" />
    <attr name="colorTertiaryPalette60" format="color" />
    <attr name="colorTertiaryPalette50" format="color" />
    <attr name="colorTertiaryPalette40" format="color" />
    <attr name="colorTertiaryPalette30" format="color" />
    <attr name="colorTertiaryPalette20" format="color" />
    <attr name="colorTertiaryPalette10" format="color" />
    <attr name="colorTertiaryPalette0" format="color" />

    <!-- Error tonal palette -->
    <attr name="colorErrorPalette100" format="color" />
    <attr name="colorErrorPalette99" format="color" />
    <attr name="colorErrorPalette95" format="color" />
    <attr name="colorErrorPalette90" format="color" />
    <attr name="colorErrorPalette80" format="color" />
    <attr name="colorErrorPalette70" format="color" />
    <attr name="colorErrorPalette60" format="color" />
    <attr name="colorErrorPalette50" format="color" />
    <attr name="colorErrorPalette40" format="color" />
    <attr name="colorErrorPalette30" format="color" />
    <attr name="colorErrorPalette20" format="color" />
    <attr name="colorErrorPalette10" format="color" />
    <attr name="colorErrorPalette0" format="color" />

    <attr name="colorNeutralPalette100" format="color" />
    <attr name="colorNeutralPalette99" format="color" />
    <attr name="colorNeutralPalette95" format="color" />
    <attr name="colorNeutralPalette90" format="color" />
    <attr name="colorNeutralPalette80" format="color" />
    <attr name="colorNeutralPalette70" format="color" />
    <attr name="colorNeutralPalette60" format="color" />
    <attr name="colorNeutralPalette50" format="color" />
    <attr name="colorNeutralPalette40" format="color" />
    <attr name="colorNeutralPalette30" format="color" />
    <attr name="colorNeutralPalette20" format="color" />
    <attr name="colorNeutralPalette10" format="color" />
    <attr name="colorNeutralPalette0" format="color" />

    <!-- Neutral variant tonal palette -->
    <attr name="colorNeutralVariantPalette100" format="color" />
    <attr name="colorNeutralVariantPalette99" format="color" />
    <attr name="colorNeutralVariantPalette95" format="color" />
    <attr name="colorNeutralVariantPalette90" format="color" />
    <attr name="colorNeutralVariantPalette80" format="color" />
    <attr name="colorNeutralVariantPalette70" format="color" />
    <attr name="colorNeutralVariantPalette60" format="color" />
    <attr name="colorNeutralVariantPalette50" format="color" />
    <attr name="colorNeutralVariantPalette40" format="color" />
    <attr name="colorNeutralVariantPalette30" format="color" />
    <attr name="colorNeutralVariantPalette20" format="color" />
    <attr name="colorNeutralVariantPalette10" format="color" />
    <attr name="colorNeutralVariantPalette0" format="color" />

    <!-- Display typeface styles -->
    <attr name="textAppearanceDisplayLarge" format="reference" />
    <attr name="textAppearanceDisplayMedium" format="reference" />
    <attr name="textAppearanceDisplaySmall" format="reference" />

    <!-- Headline typeface styles -->
    <attr name="textAppearanceHeadlineLarge" format="reference" />
    <attr name="textAppearanceHeadlineMedium" format="reference" />
    <attr name="textAppearanceHeadlineSmall" format="reference" />

    <!-- Title typeface styles -->
    <attr name="textAppearanceTitleLarge" format="reference" />
    <attr name="textAppearanceTitleMedium" format="reference" />
    <attr name="textAppearanceTitleSmall" format="reference" />

    <!-- Label typeface styles -->
    <attr name="textAppearanceLabelLarge" format="reference" />
    <attr name="textAppearanceLabelMedium" format="reference" />
    <attr name="textAppearanceLabelSmall" format="reference" />

    <!-- Body typeface styles -->
    <attr name="textAppearanceBodyLarge" format="reference" />
    <attr name="textAppearanceBodyMedium" format="reference" />
    <attr name="textAppearanceBodySmall" format="reference" />

    <!-- Shape corner scales -->
    <attr name="shapeCornerNone" format="dimension" />
    <attr name="shapeCornerExtraSmall" format="dimension" />
    <attr name="shapeCornerSmall" format="dimension" />
    <attr name="shapeCornerMedium" format="dimension" />
    <attr name="shapeCornerLarge" format="dimension" />
    <attr name="shapeCornerExtraLarge" format="dimension" />
    <attr name="shapeCornerFull" format="dimension" />
</resources>
